-- ============================================================================
-- DATABASE BACKUP - DATA ONLY
-- ============================================================================
-- Generated: 2026-01-17T22:33:30.578Z
-- Source: https://qaioxhpcyzmamcvdqqub.supabase.co
--
-- This file contains all data from the database.
-- To restore, first apply the schema (from migrations), then run this file.
-- ============================================================================

-- Disable triggers during import for better performance
SET session_replication_role = 'replica';

BEGIN;

-- No data in roles

-- No data in departments

-- Data for table: regions
-- Rows: 13

INSERT INTO public.regions (id, key, name_ar, name_en, display_order, created_at, updated_at, code, is_active)
VALUES
  ('d6645942-9257-46b5-9126-a03ac57a748f', 'riyadh', 'منطقة الرياض', 'Riyadh Region', 1, '2025-12-10T20:05:17.70589+00:00', '2025-12-12T12:33:36.127948+00:00', 'riyadh', true),
  ('8fe66a84-d880-4feb-bd76-08410baa49c8', 'makkah', 'منطقة مكة المكرمة', 'Makkah Region', 2, '2025-12-10T20:05:17.70589+00:00', '2025-12-12T12:33:36.127948+00:00', 'makkah', true),
  ('84bb95a8-349d-4a5c-986a-991da24f3c23', 'madinah', 'منطقة المدينة المنورة', 'Madinah Region', 3, '2025-12-10T20:05:17.70589+00:00', '2025-12-12T12:33:36.127948+00:00', 'madinah', true),
  ('4d6c658c-6471-4489-865c-cdd5b16e55c4', 'eastern', 'المنطقة الشرقية', 'Eastern Region', 4, '2025-12-10T20:05:17.70589+00:00', '2025-12-12T12:33:36.127948+00:00', 'eastern', true),
  ('7267d6fb-ca24-4b82-ad3a-954f4eee49b9', 'asir', 'منطقة عسير', 'Asir Region', 5, '2025-12-10T20:05:17.70589+00:00', '2025-12-12T12:33:36.127948+00:00', 'asir', true),
  ('18a7949c-7c6a-4ea6-8865-06bede0b3559', 'qassim', 'منطقة القصيم', 'Qassim Region', 6, '2025-12-10T20:05:17.70589+00:00', '2025-12-12T12:33:36.127948+00:00', 'qassim', true),
  ('943e4dd0-0c13-40ac-822b-ad456144c028', 'hail', 'منطقة حائل', 'Hail Region', 7, '2025-12-10T20:05:17.70589+00:00', '2025-12-12T12:33:36.127948+00:00', 'hail', true),
  ('864da1fa-ff6c-4fdb-a65b-62cb2ff7837f', 'tabuk', 'منطقة تبوك', 'Tabuk Region', 8, '2025-12-10T20:05:17.70589+00:00', '2025-12-12T12:33:36.127948+00:00', 'tabuk', true),
  ('22ef1ddb-9ca9-47f2-a502-f782368e8bb1', 'jawf', 'منطقة الجوف', 'Al-Jawf Region', 9, '2025-12-10T20:05:17.70589+00:00', '2025-12-12T12:33:36.127948+00:00', 'jawf', true),
  ('4eba8ac2-f66a-46ee-b816-979419a309ad', 'jizan', 'منطقة جازان', 'Jazan Region', 10, '2025-12-10T20:05:17.70589+00:00', '2025-12-12T12:33:36.127948+00:00', 'jizan', true),
  ('65b3303e-6986-4376-847e-bb33e161b58d', 'najran', 'منطقة نجران', 'Najran Region', 11, '2025-12-10T20:05:17.70589+00:00', '2025-12-12T12:33:36.127948+00:00', 'najran', true),
  ('6439be82-b1b5-4619-a55d-3c3bd32e2f8e', 'baha', 'منطقة الباحة', 'Al-Baha Region', 12, '2025-12-10T20:05:17.70589+00:00', '2025-12-12T12:33:36.127948+00:00', 'baha', true),
  ('e0de4d7d-61bc-4dc9-9a88-b75ee1cf8e7b', 'hudud', 'منطقة الحدود الشمالية', 'Northern Borders Region', 13, '2025-12-10T20:05:17.70589+00:00', '2025-12-12T12:33:36.127948+00:00', 'hudud', true)
ON CONFLICT DO NOTHING;

-- Data for table: cities
-- Rows: 117

INSERT INTO public.cities (id, region_id, name_ar, name_en, display_order, created_at, updated_at)
VALUES
  ('d463e0a0-c725-46fe-a354-73e5dbdf2094', 'd6645942-9257-46b5-9126-a03ac57a748f', 'الرياض', 'Riyadh', 1, '2025-12-10T20:05:17.70589+00:00', '2025-12-10T20:05:17.70589+00:00'),
  ('c61ab9a3-6cd0-461a-ad25-676662e86499', 'd6645942-9257-46b5-9126-a03ac57a748f', 'الخرج', 'Al-Kharj', 2, '2025-12-10T20:05:17.70589+00:00', '2025-12-10T20:05:17.70589+00:00'),
  ('1302ec3f-363f-4917-89e3-7ba3877bc3aa', 'd6645942-9257-46b5-9126-a03ac57a748f', 'الدوادمي', 'Ad-Dawadmi', 3, '2025-12-10T20:05:17.70589+00:00', '2025-12-10T20:05:17.70589+00:00'),
  ('8f7505d9-5450-4df3-a8b3-e28c799f0496', 'd6645942-9257-46b5-9126-a03ac57a748f', 'المجمعة', 'Al-Majmaah', 4, '2025-12-10T20:05:17.70589+00:00', '2025-12-10T20:05:17.70589+00:00'),
  ('a47e1c23-bf7c-4232-99c6-d1ddbe63a194', 'd6645942-9257-46b5-9126-a03ac57a748f', 'الدرعية', 'Ad-Diriyah', 5, '2025-12-10T20:05:17.70589+00:00', '2025-12-10T20:05:17.70589+00:00'),
  ('d9ed91e0-b649-49e1-8394-7456f41ee4f1', 'd6645942-9257-46b5-9126-a03ac57a748f', 'الزلفي', 'Az-Zulfi', 6, '2025-12-10T20:05:17.70589+00:00', '2025-12-10T20:05:17.70589+00:00'),
  ('66fce973-a667-4b81-8ebe-ee3b6f36b1fa', 'd6645942-9257-46b5-9126-a03ac57a748f', 'شقراء', 'Shaqra', 7, '2025-12-10T20:05:17.70589+00:00', '2025-12-10T20:05:17.70589+00:00'),
  ('f0289b86-eb43-4335-a319-0a5685a79b53', 'd6645942-9257-46b5-9126-a03ac57a748f', 'عفيف', 'Afif', 8, '2025-12-10T20:05:17.70589+00:00', '2025-12-10T20:05:17.70589+00:00'),
  ('10d624cd-645b-4eac-8040-b984cfb9992f', 'd6645942-9257-46b5-9126-a03ac57a748f', 'وادي الدواسر', 'Wadi Ad-Dawasir', 9, '2025-12-10T20:05:17.70589+00:00', '2025-12-10T20:05:17.70589+00:00'),
  ('db49a9f4-d550-4465-a31d-a8b87ff2b160', 'd6645942-9257-46b5-9126-a03ac57a748f', 'حوطة بني تميم', 'Hotat Bani Tamim', 10, '2025-12-10T20:05:17.70589+00:00', '2025-12-10T20:05:17.70589+00:00'),
  ('11a3193f-e5b4-4c73-93cc-cb1e124c4f6a', 'd6645942-9257-46b5-9126-a03ac57a748f', 'الأفلاج', 'Al-Aflaj', 11, '2025-12-10T20:05:17.70589+00:00', '2025-12-10T20:05:17.70589+00:00'),
  ('f514ae0b-af77-4fc5-a7cc-c1e8ef9820ba', 'd6645942-9257-46b5-9126-a03ac57a748f', 'أخرى', 'Other', 12, '2025-12-10T20:05:17.70589+00:00', '2025-12-10T20:05:17.70589+00:00'),
  ('fb8a19f3-79dc-4062-8dab-bb52db7e7ec3', '8fe66a84-d880-4feb-bd76-08410baa49c8', 'مكة المكرمة', 'Makkah', 1, '2025-12-10T20:05:17.70589+00:00', '2025-12-10T20:05:17.70589+00:00'),
  ('fd522f28-2c63-467e-b8ca-393b22e0ccec', '8fe66a84-d880-4feb-bd76-08410baa49c8', 'جدة', 'Jeddah', 2, '2025-12-10T20:05:17.70589+00:00', '2025-12-10T20:05:17.70589+00:00'),
  ('6f93c7ad-7c9d-46e3-87e3-1a64871856a9', '8fe66a84-d880-4feb-bd76-08410baa49c8', 'الطائف', 'Taif', 3, '2025-12-10T20:05:17.70589+00:00', '2025-12-10T20:05:17.70589+00:00'),
  ('42bc9d7a-0c8a-4bd2-a76f-ca42e86503cb', '8fe66a84-d880-4feb-bd76-08410baa49c8', 'القنفذة', 'Al-Qunfudhah', 4, '2025-12-10T20:05:17.70589+00:00', '2025-12-10T20:05:17.70589+00:00'),
  ('d157b96b-cd4f-4d00-b207-d7a28e70a517', '8fe66a84-d880-4feb-bd76-08410baa49c8', 'رابغ', 'Rabigh', 5, '2025-12-10T20:05:17.70589+00:00', '2025-12-10T20:05:17.70589+00:00'),
  ('88143165-9dac-4669-a2f5-f2043a181d98', '8fe66a84-d880-4feb-bd76-08410baa49c8', 'الليث', 'Al-Lith', 6, '2025-12-10T20:05:17.70589+00:00', '2025-12-10T20:05:17.70589+00:00'),
  ('0fcf12c4-4c07-4683-94ed-3e57ad9e838c', '8fe66a84-d880-4feb-bd76-08410baa49c8', 'الجموم', 'Al-Jumum', 7, '2025-12-10T20:05:17.70589+00:00', '2025-12-10T20:05:17.70589+00:00'),
  ('868975ab-d9fc-43d9-bf97-bd441f09eb41', '8fe66a84-d880-4feb-bd76-08410baa49c8', 'خليص', 'Khulais', 8, '2025-12-10T20:05:17.70589+00:00', '2025-12-10T20:05:17.70589+00:00'),
  ('fca93afa-0eb1-4fef-86fa-5cf096b2c4bb', '8fe66a84-d880-4feb-bd76-08410baa49c8', 'بحرة', 'Bahrah', 9, '2025-12-10T20:05:17.70589+00:00', '2025-12-10T20:05:17.70589+00:00'),
  ('48ee7765-7e48-4515-a59d-baec6a156cdf', '8fe66a84-d880-4feb-bd76-08410baa49c8', 'الكامل', 'Al-Kamil', 10, '2025-12-10T20:05:17.70589+00:00', '2025-12-10T20:05:17.70589+00:00'),
  ('cd546f43-28cd-418d-9522-63b4bc4b3f16', '8fe66a84-d880-4feb-bd76-08410baa49c8', 'ينبع', 'Yanbu', 11, '2025-12-10T20:05:17.70589+00:00', '2025-12-10T20:05:17.70589+00:00'),
  ('c1e2d80b-1e47-4fd1-a35b-4c4bbe6862f2', '8fe66a84-d880-4feb-bd76-08410baa49c8', 'أخرى', 'Other', 12, '2025-12-10T20:05:17.70589+00:00', '2025-12-10T20:05:17.70589+00:00'),
  ('8afa1169-467a-4c73-9a92-08aa9d097e0e', '84bb95a8-349d-4a5c-986a-991da24f3c23', 'المدينة المنورة', 'Madinah', 1, '2025-12-10T20:05:17.70589+00:00', '2025-12-10T20:05:17.70589+00:00'),
  ('de492bc1-a6e9-48e7-b91b-c0322ad73961', '84bb95a8-349d-4a5c-986a-991da24f3c23', 'ينبع', 'Yanbu', 2, '2025-12-10T20:05:17.70589+00:00', '2025-12-10T20:05:17.70589+00:00'),
  ('085f839f-1d3d-475c-80e7-77bcf2b5c345', '84bb95a8-349d-4a5c-986a-991da24f3c23', 'العلا', 'Al-Ula', 3, '2025-12-10T20:05:17.70589+00:00', '2025-12-10T20:05:17.70589+00:00'),
  ('6f7847af-4083-4141-856c-29098f4b9cb8', '84bb95a8-349d-4a5c-986a-991da24f3c23', 'المهد', 'Al-Mahd', 4, '2025-12-10T20:05:17.70589+00:00', '2025-12-10T20:05:17.70589+00:00'),
  ('62c4970f-2394-4f42-b215-4edc013283bf', '84bb95a8-349d-4a5c-986a-991da24f3c23', 'بدر', 'Badr', 5, '2025-12-10T20:05:17.70589+00:00', '2025-12-10T20:05:17.70589+00:00'),
  ('da9f9aa6-0960-4c67-b2ca-6f208b39fdb5', '84bb95a8-349d-4a5c-986a-991da24f3c23', 'خيبر', 'Khaybar', 6, '2025-12-10T20:05:17.70589+00:00', '2025-12-10T20:05:17.70589+00:00'),
  ('a05bb714-47cd-43bf-82ed-b61ad506f034', '84bb95a8-349d-4a5c-986a-991da24f3c23', 'الحناكية', 'Al-Hanakiyah', 7, '2025-12-10T20:05:17.70589+00:00', '2025-12-10T20:05:17.70589+00:00'),
  ('5b9f5c9a-1651-4d14-bcdf-a9b08186c626', '84bb95a8-349d-4a5c-986a-991da24f3c23', 'أخرى', 'Other', 8, '2025-12-10T20:05:17.70589+00:00', '2025-12-10T20:05:17.70589+00:00'),
  ('9de9fc8a-f457-4f7a-89e7-d140b65f0dde', '4d6c658c-6471-4489-865c-cdd5b16e55c4', 'الدمام', 'Dammam', 1, '2025-12-10T20:05:17.70589+00:00', '2025-12-10T20:05:17.70589+00:00'),
  ('e3f124f7-dc17-4b3f-a5a0-f80350427af0', '4d6c658c-6471-4489-865c-cdd5b16e55c4', 'الخبر', 'Khobar', 2, '2025-12-10T20:05:17.70589+00:00', '2025-12-10T20:05:17.70589+00:00'),
  ('6082bbab-ce5f-40fe-8719-ef1a509d2322', '4d6c658c-6471-4489-865c-cdd5b16e55c4', 'الظهران', 'Dhahran', 3, '2025-12-10T20:05:17.70589+00:00', '2025-12-10T20:05:17.70589+00:00'),
  ('fbc30e47-3cd3-43d9-9f18-f6a4061213d6', '4d6c658c-6471-4489-865c-cdd5b16e55c4', 'الجبيل', 'Jubail', 4, '2025-12-10T20:05:17.70589+00:00', '2025-12-10T20:05:17.70589+00:00'),
  ('81dda0fc-7209-41dc-8fee-00e713f18c32', '4d6c658c-6471-4489-865c-cdd5b16e55c4', 'القطيف', 'Qatif', 5, '2025-12-10T20:05:17.70589+00:00', '2025-12-10T20:05:17.70589+00:00'),
  ('c405bf87-ab69-4a14-81bb-6aba4a1b14cb', '4d6c658c-6471-4489-865c-cdd5b16e55c4', 'الأحساء', 'Al-Ahsa', 6, '2025-12-10T20:05:17.70589+00:00', '2025-12-10T20:05:17.70589+00:00'),
  ('2f4f0600-faf3-4f0b-abc8-ee53cf2b0407', '4d6c658c-6471-4489-865c-cdd5b16e55c4', 'حفر الباطن', 'Hafar Al-Batin', 7, '2025-12-10T20:05:17.70589+00:00', '2025-12-10T20:05:17.70589+00:00'),
  ('8097559e-e0a4-4a12-8617-0ba0ca45c257', '4d6c658c-6471-4489-865c-cdd5b16e55c4', 'بقيق', 'Buqayq', 8, '2025-12-10T20:05:17.70589+00:00', '2025-12-10T20:05:17.70589+00:00'),
  ('fc011550-f4e9-4ad0-979d-453bce0f9c32', '4d6c658c-6471-4489-865c-cdd5b16e55c4', 'النعيرية', 'An-Nuayriyah', 9, '2025-12-10T20:05:17.70589+00:00', '2025-12-10T20:05:17.70589+00:00'),
  ('006dde70-e7d1-49e0-99bc-42a3f979f43e', '4d6c658c-6471-4489-865c-cdd5b16e55c4', 'رأس تنورة', 'Ras Tanura', 10, '2025-12-10T20:05:17.70589+00:00', '2025-12-10T20:05:17.70589+00:00'),
  ('6202ea12-610e-4a12-881d-1a2b78fc533f', '4d6c658c-6471-4489-865c-cdd5b16e55c4', 'أخرى', 'Other', 11, '2025-12-10T20:05:17.70589+00:00', '2025-12-10T20:05:17.70589+00:00'),
  ('684b609f-3938-4728-9359-eb504bcc0084', '7267d6fb-ca24-4b82-ad3a-954f4eee49b9', 'أبها', 'Abha', 1, '2025-12-10T20:05:17.70589+00:00', '2025-12-10T20:05:17.70589+00:00'),
  ('be79a297-2c00-4502-9204-40b4743d47d2', '7267d6fb-ca24-4b82-ad3a-954f4eee49b9', 'خميس مشيط', 'Khamis Mushait', 2, '2025-12-10T20:05:17.70589+00:00', '2025-12-10T20:05:17.70589+00:00'),
  ('60f49a13-040d-4d15-9bd9-b6913ce72264', '7267d6fb-ca24-4b82-ad3a-954f4eee49b9', 'بيشة', 'Bisha', 3, '2025-12-10T20:05:17.70589+00:00', '2025-12-10T20:05:17.70589+00:00'),
  ('47a4fcbc-c096-49f2-9a96-324b59a94ee3', '7267d6fb-ca24-4b82-ad3a-954f4eee49b9', 'محايل', 'Muhayil', 4, '2025-12-10T20:05:17.70589+00:00', '2025-12-10T20:05:17.70589+00:00'),
  ('1a635571-b2eb-4760-a7ba-b5cbe9dc86e0', '7267d6fb-ca24-4b82-ad3a-954f4eee49b9', 'النماص', 'An-Nimas', 5, '2025-12-10T20:05:17.70589+00:00', '2025-12-10T20:05:17.70589+00:00'),
  ('0418354a-d924-4fbe-86a2-bd809e1672f0', '7267d6fb-ca24-4b82-ad3a-954f4eee49b9', 'سراة عبيدة', 'Sarat Abidah', 6, '2025-12-10T20:05:17.70589+00:00', '2025-12-10T20:05:17.70589+00:00'),
  ('6f8b332a-5352-4e5b-b792-8307af1a3e94', '7267d6fb-ca24-4b82-ad3a-954f4eee49b9', 'رجال ألمع', 'Rijal Almaa', 7, '2025-12-10T20:05:17.70589+00:00', '2025-12-10T20:05:17.70589+00:00'),
  ('d4fcad06-c752-4011-afa5-f5af02d12a87', '7267d6fb-ca24-4b82-ad3a-954f4eee49b9', 'أحد رفيدة', 'Ahad Rafidah', 8, '2025-12-10T20:05:17.70589+00:00', '2025-12-10T20:05:17.70589+00:00'),
  ('0dae0042-f919-4fd1-b161-b4cdcb42c895', '7267d6fb-ca24-4b82-ad3a-954f4eee49b9', 'تثليث', 'Tathlith', 9, '2025-12-10T20:05:17.70589+00:00', '2025-12-10T20:05:17.70589+00:00'),
  ('04621d14-ef13-4f89-b64b-9eb7706e1c23', '7267d6fb-ca24-4b82-ad3a-954f4eee49b9', 'ظهران الجنوب', 'Dhahran Al-Janoub', 10, '2025-12-10T20:05:17.70589+00:00', '2025-12-10T20:05:17.70589+00:00'),
  ('3810adff-d3da-4ed8-b208-7be81a6f7d5c', '7267d6fb-ca24-4b82-ad3a-954f4eee49b9', 'بللسمر', 'Balasmar', 11, '2025-12-10T20:05:17.70589+00:00', '2025-12-10T20:05:17.70589+00:00'),
  ('99d46c85-81f6-486c-be96-d590c5107388', '7267d6fb-ca24-4b82-ad3a-954f4eee49b9', 'المجاردة', 'Al-Majaridah', 12, '2025-12-10T20:05:17.70589+00:00', '2025-12-10T20:05:17.70589+00:00'),
  ('061331f8-5580-4eb2-862e-21a23bf58994', '7267d6fb-ca24-4b82-ad3a-954f4eee49b9', 'تنومة', 'Tanomah', 13, '2025-12-10T20:05:17.70589+00:00', '2025-12-10T20:05:17.70589+00:00'),
  ('6fc981a5-e96b-47ec-b99d-08040e336fa8', '7267d6fb-ca24-4b82-ad3a-954f4eee49b9', 'أخرى', 'Other', 14, '2025-12-10T20:05:17.70589+00:00', '2025-12-10T20:05:17.70589+00:00'),
  ('f73acc79-823d-46ce-94bb-89c891491d74', '18a7949c-7c6a-4ea6-8865-06bede0b3559', 'بريدة', 'Buraydah', 1, '2025-12-10T20:05:17.70589+00:00', '2025-12-10T20:05:17.70589+00:00'),
  ('1a9c64db-1ff0-4199-b723-f835b883d9fd', '18a7949c-7c6a-4ea6-8865-06bede0b3559', 'عنيزة', 'Unaizah', 2, '2025-12-10T20:05:17.70589+00:00', '2025-12-10T20:05:17.70589+00:00'),
  ('8f37cd18-3496-46af-8e2f-9cea4e74bc17', '18a7949c-7c6a-4ea6-8865-06bede0b3559', 'الرس', 'Ar-Rass', 3, '2025-12-10T20:05:17.70589+00:00', '2025-12-10T20:05:17.70589+00:00'),
  ('fd3a8891-b7f8-41dd-91e7-6936b7d90e43', '18a7949c-7c6a-4ea6-8865-06bede0b3559', 'المذنب', 'Al-Midhnab', 4, '2025-12-10T20:05:17.70589+00:00', '2025-12-10T20:05:17.70589+00:00'),
  ('52ad2193-501e-401d-a07e-f12ff8f44a37', '18a7949c-7c6a-4ea6-8865-06bede0b3559', 'البكيرية', 'Al-Bukayriyah', 5, '2025-12-10T20:05:17.70589+00:00', '2025-12-10T20:05:17.70589+00:00'),
  ('8f1bced0-6c1c-4a6b-9a7f-c32cd42e4728', '18a7949c-7c6a-4ea6-8865-06bede0b3559', 'البدائع', 'Al-Badayea', 6, '2025-12-10T20:05:17.70589+00:00', '2025-12-10T20:05:17.70589+00:00'),
  ('3cfc9fb1-edfc-4dec-9cef-e918436b03d9', '18a7949c-7c6a-4ea6-8865-06bede0b3559', 'رياض الخبراء', 'Riyadh Al-Khabra', 7, '2025-12-10T20:05:17.70589+00:00', '2025-12-10T20:05:17.70589+00:00'),
  ('ae4a727b-b900-4a78-9ccc-6658eeb4822d', '18a7949c-7c6a-4ea6-8865-06bede0b3559', 'عيون الجواء', 'Uyun Al-Jiwa', 8, '2025-12-10T20:05:17.70589+00:00', '2025-12-10T20:05:17.70589+00:00'),
  ('68e98f24-9b1b-4e14-b908-ff15b7af86e9', '18a7949c-7c6a-4ea6-8865-06bede0b3559', 'أخرى', 'Other', 9, '2025-12-10T20:05:17.70589+00:00', '2025-12-10T20:05:17.70589+00:00'),
  ('094e869c-3ccc-4d2b-a83e-656ff2e38d63', '943e4dd0-0c13-40ac-822b-ad456144c028', 'حائل', 'Hail', 1, '2025-12-10T20:05:17.70589+00:00', '2025-12-10T20:05:17.70589+00:00'),
  ('d4de1116-3ce4-4493-83e6-61174f1ea035', '943e4dd0-0c13-40ac-822b-ad456144c028', 'بقعاء', 'Baqaa', 2, '2025-12-10T20:05:17.70589+00:00', '2025-12-10T20:05:17.70589+00:00'),
  ('3f2d4a31-1bde-4347-bb59-58688f1bdab1', '943e4dd0-0c13-40ac-822b-ad456144c028', 'الشنان', 'Ash-Shinan', 3, '2025-12-10T20:05:17.70589+00:00', '2025-12-10T20:05:17.70589+00:00'),
  ('6ec3743e-a986-4b9a-aca7-d6058fea5ba0', '943e4dd0-0c13-40ac-822b-ad456144c028', 'الغزالة', 'Al-Ghazalah', 4, '2025-12-10T20:05:17.70589+00:00', '2025-12-10T20:05:17.70589+00:00'),
  ('ea1c69f5-ebaf-43b9-aa94-13ad3b892bf4', '943e4dd0-0c13-40ac-822b-ad456144c028', 'السليمي', 'As-Sulaymi', 5, '2025-12-10T20:05:17.70589+00:00', '2025-12-10T20:05:17.70589+00:00'),
  ('b75ca1ca-e871-4b40-baa6-b6f0049f9d9c', '943e4dd0-0c13-40ac-822b-ad456144c028', 'موقق', 'Mawqiq', 6, '2025-12-10T20:05:17.70589+00:00', '2025-12-10T20:05:17.70589+00:00'),
  ('982ea36f-2997-4f3b-a688-6fd0925d7a79', '943e4dd0-0c13-40ac-822b-ad456144c028', 'أخرى', 'Other', 7, '2025-12-10T20:05:17.70589+00:00', '2025-12-10T20:05:17.70589+00:00'),
  ('f5e63f18-7dbc-4f0b-8b8f-fe1e15fe4a46', '864da1fa-ff6c-4fdb-a65b-62cb2ff7837f', 'تبوك', 'Tabuk', 1, '2025-12-10T20:05:17.70589+00:00', '2025-12-10T20:05:17.70589+00:00'),
  ('08950165-05ad-4121-983b-db0e09a96e44', '864da1fa-ff6c-4fdb-a65b-62cb2ff7837f', 'الوجه', 'Al-Wajh', 2, '2025-12-10T20:05:17.70589+00:00', '2025-12-10T20:05:17.70589+00:00'),
  ('6e3fd43e-d20f-40de-b42f-ec2530bdfcff', '864da1fa-ff6c-4fdb-a65b-62cb2ff7837f', 'ضباء', 'Duba', 3, '2025-12-10T20:05:17.70589+00:00', '2025-12-10T20:05:17.70589+00:00'),
  ('b82d4721-fdf2-4d13-b4ab-899c06bf7967', '864da1fa-ff6c-4fdb-a65b-62cb2ff7837f', 'تيماء', 'Tayma', 4, '2025-12-10T20:05:17.70589+00:00', '2025-12-10T20:05:17.70589+00:00'),
  ('59d95884-e06f-43a9-b265-f9d9aa441a9a', '864da1fa-ff6c-4fdb-a65b-62cb2ff7837f', 'أملج', 'Umluj', 5, '2025-12-10T20:05:17.70589+00:00', '2025-12-10T20:05:17.70589+00:00'),
  ('17bef3ae-5e6b-4ba0-9fc7-f3bde1fdc5cb', '864da1fa-ff6c-4fdb-a65b-62cb2ff7837f', 'حقل', 'Haql', 6, '2025-12-10T20:05:17.70589+00:00', '2025-12-10T20:05:17.70589+00:00'),
  ('df8b07d4-07d3-41ad-b5db-f10a1a8dac4a', '864da1fa-ff6c-4fdb-a65b-62cb2ff7837f', 'البدع', 'Al-Bada', 7, '2025-12-10T20:05:17.70589+00:00', '2025-12-10T20:05:17.70589+00:00'),
  ('40f52ba6-342c-403a-b19a-28c461760385', '864da1fa-ff6c-4fdb-a65b-62cb2ff7837f', 'أخرى', 'Other', 8, '2025-12-10T20:05:17.70589+00:00', '2025-12-10T20:05:17.70589+00:00'),
  ('aaea8534-6141-4d9f-bb04-3e21d33ab9d5', '22ef1ddb-9ca9-47f2-a502-f782368e8bb1', 'سكاكا', 'Sakaka', 1, '2025-12-10T20:05:17.70589+00:00', '2025-12-10T20:05:17.70589+00:00'),
  ('3a38533d-6023-44d0-b8df-010a48a4b723', '22ef1ddb-9ca9-47f2-a502-f782368e8bb1', 'القريات', 'Al-Qurayyat', 2, '2025-12-10T20:05:17.70589+00:00', '2025-12-10T20:05:17.70589+00:00'),
  ('40f812a1-d150-431b-acdf-e984496316c4', '22ef1ddb-9ca9-47f2-a502-f782368e8bb1', 'دومة الجندل', 'Dumat Al-Jandal', 3, '2025-12-10T20:05:17.70589+00:00', '2025-12-10T20:05:17.70589+00:00'),
  ('73754b5f-7aca-4538-8ae7-eeb7fe3249e2', '22ef1ddb-9ca9-47f2-a502-f782368e8bb1', 'طبرجل', 'Tabarjal', 4, '2025-12-10T20:05:17.70589+00:00', '2025-12-10T20:05:17.70589+00:00'),
  ('41d58534-4b10-46bc-ae15-d685b88c0d84', '22ef1ddb-9ca9-47f2-a502-f782368e8bb1', 'أخرى', 'Other', 5, '2025-12-10T20:05:17.70589+00:00', '2025-12-10T20:05:17.70589+00:00'),
  ('3b67425c-b4cd-4551-9846-6d66be9eee92', '4eba8ac2-f66a-46ee-b816-979419a309ad', 'جازان', 'Jazan', 1, '2025-12-10T20:05:17.70589+00:00', '2025-12-10T20:05:17.70589+00:00'),
  ('22607d3e-daba-4640-b052-e246d3673e99', '4eba8ac2-f66a-46ee-b816-979419a309ad', 'صبيا', 'Sabya', 2, '2025-12-10T20:05:17.70589+00:00', '2025-12-10T20:05:17.70589+00:00'),
  ('939265dc-8942-4ec1-b432-f7320623e159', '4eba8ac2-f66a-46ee-b816-979419a309ad', 'أبو عريش', 'Abu Arish', 3, '2025-12-10T20:05:17.70589+00:00', '2025-12-10T20:05:17.70589+00:00'),
  ('e4dad607-ef22-416a-af67-39961e083f4c', '4eba8ac2-f66a-46ee-b816-979419a309ad', 'صامطة', 'Samtah', 4, '2025-12-10T20:05:17.70589+00:00', '2025-12-10T20:05:17.70589+00:00'),
  ('0fb8eba2-1950-4bcf-a1a2-fab8f2857e64', '4eba8ac2-f66a-46ee-b816-979419a309ad', 'بيش', 'Baysh', 5, '2025-12-10T20:05:17.70589+00:00', '2025-12-10T20:05:17.70589+00:00'),
  ('d6706972-c118-40f4-b009-99f23ebdb602', '4eba8ac2-f66a-46ee-b816-979419a309ad', 'فرسان', 'Farasan', 6, '2025-12-10T20:05:17.70589+00:00', '2025-12-10T20:05:17.70589+00:00'),
  ('e31d0150-733d-41bf-a21a-d10bd2918c8f', '4eba8ac2-f66a-46ee-b816-979419a309ad', 'الدرب', 'Ad-Darb', 7, '2025-12-10T20:05:17.70589+00:00', '2025-12-10T20:05:17.70589+00:00'),
  ('cf382b20-5607-4552-ac07-c963a08a3248', '4eba8ac2-f66a-46ee-b816-979419a309ad', 'العيدابي', 'Al-Aidabi', 8, '2025-12-10T20:05:17.70589+00:00', '2025-12-10T20:05:17.70589+00:00'),
  ('504b5ceb-1e8a-4c89-a0ab-c5140b43d533', '4eba8ac2-f66a-46ee-b816-979419a309ad', 'الحرث', 'Al-Harth', 9, '2025-12-10T20:05:17.70589+00:00', '2025-12-10T20:05:17.70589+00:00'),
  ('cb441c48-f94b-494f-b40c-af5f73f2d7e6', '4eba8ac2-f66a-46ee-b816-979419a309ad', 'الريث', 'Ar-Rayth', 10, '2025-12-10T20:05:17.70589+00:00', '2025-12-10T20:05:17.70589+00:00'),
  ('a44a4cec-1c7f-44b1-9ade-4268bd19ac87', '4eba8ac2-f66a-46ee-b816-979419a309ad', 'ضمد', 'Damad', 11, '2025-12-10T20:05:17.70589+00:00', '2025-12-10T20:05:17.70589+00:00'),
  ('c7393aa2-c6b1-48fd-95b2-13f907253550', '4eba8ac2-f66a-46ee-b816-979419a309ad', 'العارضة', 'Al-Aridah', 12, '2025-12-10T20:05:17.70589+00:00', '2025-12-10T20:05:17.70589+00:00'),
  ('f16f4f70-ce75-4df7-836b-f340ca94d591', '4eba8ac2-f66a-46ee-b816-979419a309ad', 'أخرى', 'Other', 13, '2025-12-10T20:05:17.70589+00:00', '2025-12-10T20:05:17.70589+00:00'),
  ('950007ed-a2f9-4395-9c34-793ef7672a38', '65b3303e-6986-4376-847e-bb33e161b58d', 'نجران', 'Najran', 1, '2025-12-10T20:05:17.70589+00:00', '2025-12-10T20:05:17.70589+00:00')
ON CONFLICT DO NOTHING;

INSERT INTO public.cities (id, region_id, name_ar, name_en, display_order, created_at, updated_at)
VALUES
  ('dc1c092e-2540-4c31-b959-7c9b8203f3f6', '65b3303e-6986-4376-847e-bb33e161b58d', 'شرورة', 'Sharurah', 2, '2025-12-10T20:05:17.70589+00:00', '2025-12-10T20:05:17.70589+00:00'),
  ('827a6bd3-e1c6-48d5-8b5f-39e004b98309', '65b3303e-6986-4376-847e-bb33e161b58d', 'حبونا', 'Habuna', 3, '2025-12-10T20:05:17.70589+00:00', '2025-12-10T20:05:17.70589+00:00'),
  ('b0a94e30-17e5-4138-b40f-63e5ab9b1d8a', '65b3303e-6986-4376-847e-bb33e161b58d', 'بدر الجنوب', 'Badr Al-Janoub', 4, '2025-12-10T20:05:17.70589+00:00', '2025-12-10T20:05:17.70589+00:00'),
  ('195fb787-79bd-4c21-90fe-7b59f10f08fb', '65b3303e-6986-4376-847e-bb33e161b58d', 'يدمة', 'Yadamah', 5, '2025-12-10T20:05:17.70589+00:00', '2025-12-10T20:05:17.70589+00:00'),
  ('3ab54b1f-68ac-4681-b6a5-7a32d8379f62', '65b3303e-6986-4376-847e-bb33e161b58d', 'أخرى', 'Other', 6, '2025-12-10T20:05:17.70589+00:00', '2025-12-10T20:05:17.70589+00:00'),
  ('b0447b0b-51b0-45cb-a709-4de76113e2fa', '6439be82-b1b5-4619-a55d-3c3bd32e2f8e', 'الباحة', 'Al-Baha', 1, '2025-12-10T20:05:17.70589+00:00', '2025-12-10T20:05:17.70589+00:00'),
  ('e5d49240-ff3a-41aa-8911-a199c5af92ca', '6439be82-b1b5-4619-a55d-3c3bd32e2f8e', 'بلجرشي', 'Baljurashi', 2, '2025-12-10T20:05:17.70589+00:00', '2025-12-10T20:05:17.70589+00:00'),
  ('97529a89-63ac-45ca-8a53-d9392f05120e', '6439be82-b1b5-4619-a55d-3c3bd32e2f8e', 'المخواة', 'Al-Makhwah', 3, '2025-12-10T20:05:17.70589+00:00', '2025-12-10T20:05:17.70589+00:00'),
  ('d760cb74-b78a-4978-a5d3-4dc3c097063c', '6439be82-b1b5-4619-a55d-3c3bd32e2f8e', 'المندق', 'Al-Mandaq', 4, '2025-12-10T20:05:17.70589+00:00', '2025-12-10T20:05:17.70589+00:00'),
  ('7cc2abfb-d85a-4ce9-a9cf-52504cc855dc', '6439be82-b1b5-4619-a55d-3c3bd32e2f8e', 'قلوة', 'Qilwah', 5, '2025-12-10T20:05:17.70589+00:00', '2025-12-10T20:05:17.70589+00:00'),
  ('0dcd04e9-b486-4b1d-84a6-70fff1d2288a', '6439be82-b1b5-4619-a55d-3c3bd32e2f8e', 'العقيق', 'Al-Aqiq', 6, '2025-12-10T20:05:17.70589+00:00', '2025-12-10T20:05:17.70589+00:00'),
  ('8de83520-c6c9-4730-9925-f697d2d79476', '6439be82-b1b5-4619-a55d-3c3bd32e2f8e', 'أخرى', 'Other', 7, '2025-12-10T20:05:17.70589+00:00', '2025-12-10T20:05:17.70589+00:00'),
  ('1e7f6eb1-d5c5-4caa-81e5-148a08e6ba82', 'e0de4d7d-61bc-4dc9-9a88-b75ee1cf8e7b', 'عرعر', 'Arar', 1, '2025-12-10T20:05:17.70589+00:00', '2025-12-10T20:05:17.70589+00:00'),
  ('190393c1-d773-4bd3-a746-f830e8fbafc7', 'e0de4d7d-61bc-4dc9-9a88-b75ee1cf8e7b', 'طريف', 'Turaif', 2, '2025-12-10T20:05:17.70589+00:00', '2025-12-10T20:05:17.70589+00:00'),
  ('93f129c1-4231-4f08-b1c2-6ec124dd8406', 'e0de4d7d-61bc-4dc9-9a88-b75ee1cf8e7b', 'رفحاء', 'Rafha', 3, '2025-12-10T20:05:17.70589+00:00', '2025-12-10T20:05:17.70589+00:00'),
  ('c888bdb6-1c45-4b4c-8fc3-88269858580b', 'e0de4d7d-61bc-4dc9-9a88-b75ee1cf8e7b', 'العويقيلة', 'Al-Uwayqilah', 4, '2025-12-10T20:05:17.70589+00:00', '2025-12-10T20:05:17.70589+00:00'),
  ('759672a3-8da8-4e1f-bed9-45e563ea320e', 'e0de4d7d-61bc-4dc9-9a88-b75ee1cf8e7b', 'أخرى', 'Other', 5, '2025-12-10T20:05:17.70589+00:00', '2025-12-10T20:05:17.70589+00:00')
ON CONFLICT DO NOTHING;

-- Data for table: districts
-- Rows: 243

INSERT INTO public.districts (id, city_id, name_ar, name_en, display_order, created_at, updated_at)
VALUES
  ('d84092b5-b378-483a-8e6f-e61dfa3a322e', 'd463e0a0-c725-46fe-a354-73e5dbdf2094', 'العليا', 'Al-Olaya', 1, '2025-12-10T20:06:09.638224+00:00', '2025-12-10T20:06:09.638224+00:00'),
  ('0a5815d6-48c9-4719-b60f-58ebcbe35a3e', 'd463e0a0-c725-46fe-a354-73e5dbdf2094', 'الملز', 'Al-Malaz', 2, '2025-12-10T20:06:09.638224+00:00', '2025-12-10T20:06:09.638224+00:00'),
  ('cb0571ed-5656-4f3a-be8d-f46a72c24083', 'd463e0a0-c725-46fe-a354-73e5dbdf2094', 'النخيل', 'An-Nakheel', 3, '2025-12-10T20:06:09.638224+00:00', '2025-12-10T20:06:09.638224+00:00'),
  ('3de58664-9cc3-48a8-804b-736257564504', 'd463e0a0-c725-46fe-a354-73e5dbdf2094', 'الربوة', 'Ar-Rabwah', 4, '2025-12-10T20:06:09.638224+00:00', '2025-12-10T20:06:09.638224+00:00'),
  ('7bf825e9-6b26-49bd-9f8a-ff50765457f3', 'd463e0a0-c725-46fe-a354-73e5dbdf2094', 'السليمانية', 'As-Sulaymaniyah', 5, '2025-12-10T20:06:09.638224+00:00', '2025-12-10T20:06:09.638224+00:00'),
  ('8fc590c6-bb0a-41de-9611-fa02effae4fd', 'd463e0a0-c725-46fe-a354-73e5dbdf2094', 'الحمراء', 'Al-Hamra', 6, '2025-12-10T20:06:09.638224+00:00', '2025-12-10T20:06:09.638224+00:00'),
  ('1c1914c9-8861-4727-b2e6-3bc7b3ff3d06', 'd463e0a0-c725-46fe-a354-73e5dbdf2094', 'النسيم', 'An-Naseem', 7, '2025-12-10T20:06:09.638224+00:00', '2025-12-10T20:06:09.638224+00:00'),
  ('15814cc9-61e1-4a7d-96ef-040f4dea9551', 'd463e0a0-c725-46fe-a354-73e5dbdf2094', 'الشفا', 'Ash-Shifa', 8, '2025-12-10T20:06:09.638224+00:00', '2025-12-10T20:06:09.638224+00:00'),
  ('3de70b89-184a-4817-9bfd-cb8a0d8c9169', 'd463e0a0-c725-46fe-a354-73e5dbdf2094', 'المروج', 'Al-Muruj', 9, '2025-12-10T20:06:09.638224+00:00', '2025-12-10T20:06:09.638224+00:00'),
  ('5848c410-52f2-49d6-b22c-ab0b86fe61c6', 'd463e0a0-c725-46fe-a354-73e5dbdf2094', 'الورود', 'Al-Wurud', 10, '2025-12-10T20:06:09.638224+00:00', '2025-12-10T20:06:09.638224+00:00'),
  ('5a0ff4dc-3214-491e-8da3-e2b285bf79cd', 'd463e0a0-c725-46fe-a354-73e5dbdf2094', 'الياسمين', 'Al-Yasmin', 11, '2025-12-10T20:06:09.638224+00:00', '2025-12-10T20:06:09.638224+00:00'),
  ('b5345cd6-8660-4638-9d32-20d06012e2e0', 'd463e0a0-c725-46fe-a354-73e5dbdf2094', 'الفلاح', 'Al-Falah', 12, '2025-12-10T20:06:09.638224+00:00', '2025-12-10T20:06:09.638224+00:00'),
  ('ac111756-6e41-4de5-898a-1bd33bc30baa', 'd463e0a0-c725-46fe-a354-73e5dbdf2094', 'المغرزات', 'Al-Mughrizat', 13, '2025-12-10T20:06:09.638224+00:00', '2025-12-10T20:06:09.638224+00:00'),
  ('2e7ce220-8495-4d76-b9ec-cfcbc8623769', 'd463e0a0-c725-46fe-a354-73e5dbdf2094', 'الروضة', 'Ar-Rawdah', 14, '2025-12-10T20:06:09.638224+00:00', '2025-12-10T20:06:09.638224+00:00'),
  ('00578147-b59b-4198-915f-7aa4ce4347dd', 'd463e0a0-c725-46fe-a354-73e5dbdf2094', 'الملقا', 'Al-Malqa', 15, '2025-12-10T20:06:09.638224+00:00', '2025-12-10T20:06:09.638224+00:00'),
  ('375cf40f-78a6-4e45-92f9-2c3047f8d4be', 'd463e0a0-c725-46fe-a354-73e5dbdf2094', 'الصحافة', 'As-Sahafah', 16, '2025-12-10T20:06:09.638224+00:00', '2025-12-10T20:06:09.638224+00:00'),
  ('a038216a-614a-46b5-ba14-4f190a6bd723', 'd463e0a0-c725-46fe-a354-73e5dbdf2094', 'المحمدية', 'Al-Muhammadiyah', 17, '2025-12-10T20:06:09.638224+00:00', '2025-12-10T20:06:09.638224+00:00'),
  ('06fa04b3-3b6d-4fb8-b6cc-0b5e848932b3', 'd463e0a0-c725-46fe-a354-73e5dbdf2094', 'الواحة', 'Al-Wahah', 18, '2025-12-10T20:06:09.638224+00:00', '2025-12-10T20:06:09.638224+00:00'),
  ('2e387d4d-9108-4906-96ab-e06b5b2dfbed', 'd463e0a0-c725-46fe-a354-73e5dbdf2094', 'قرطبة', 'Qurtubah', 19, '2025-12-10T20:06:09.638224+00:00', '2025-12-10T20:06:09.638224+00:00'),
  ('8b1a8d1f-e3d9-40c4-8419-882bc4dc30a3', 'd463e0a0-c725-46fe-a354-73e5dbdf2094', 'الرحمانية', 'Ar-Rahmaniyah', 20, '2025-12-10T20:06:09.638224+00:00', '2025-12-10T20:06:09.638224+00:00'),
  ('a962f43d-78fd-47d4-89f4-359a7456576d', 'd463e0a0-c725-46fe-a354-73e5dbdf2094', 'الندى', 'An-Nada', 21, '2025-12-10T20:06:09.638224+00:00', '2025-12-10T20:06:09.638224+00:00'),
  ('88d06244-05a5-46f4-8938-52452d197bea', 'd463e0a0-c725-46fe-a354-73e5dbdf2094', 'الخزان', 'Al-Khazzan', 22, '2025-12-10T20:06:09.638224+00:00', '2025-12-10T20:06:09.638224+00:00'),
  ('b5814747-a002-402a-962e-d1f59f1928c7', 'd463e0a0-c725-46fe-a354-73e5dbdf2094', 'الدار البيضاء', 'Ad-Dar Al-Baydah', 23, '2025-12-10T20:06:09.638224+00:00', '2025-12-10T20:06:09.638224+00:00'),
  ('998fca25-80ab-4aec-aff0-005c5c92c7f2', 'd463e0a0-c725-46fe-a354-73e5dbdf2094', 'الغدير', 'Al-Ghadeer', 24, '2025-12-10T20:06:09.638224+00:00', '2025-12-10T20:06:09.638224+00:00'),
  ('756314df-5c60-4977-be49-c93c4141244f', 'd463e0a0-c725-46fe-a354-73e5dbdf2094', 'أم الحمام', 'Umm Al-Hamam', 25, '2025-12-10T20:06:09.638224+00:00', '2025-12-10T20:06:09.638224+00:00'),
  ('bc19155a-c239-49b3-9c6b-c019243c1875', 'd463e0a0-c725-46fe-a354-73e5dbdf2094', 'العقيق', 'Al-Aqeeq', 26, '2025-12-10T20:06:09.638224+00:00', '2025-12-10T20:06:09.638224+00:00'),
  ('31b03776-d74a-4d9a-8db8-9d9fa885db2c', 'd463e0a0-c725-46fe-a354-73e5dbdf2094', 'أخرى', 'Other', 27, '2025-12-10T20:06:09.638224+00:00', '2025-12-10T20:06:09.638224+00:00'),
  ('b1ae8103-e848-44af-80d8-8f00c9332e69', 'fb8a19f3-79dc-4062-8dab-bb52db7e7ec3', 'العزيزية', 'Al-Aziziyah', 1, '2025-12-10T20:06:09.638224+00:00', '2025-12-10T20:06:09.638224+00:00'),
  ('5a86b9e6-636b-4d0f-96bd-2a3dc9b5963c', 'fb8a19f3-79dc-4062-8dab-bb52db7e7ec3', 'المسفلة', 'Al-Musafalah', 2, '2025-12-10T20:06:09.638224+00:00', '2025-12-10T20:06:09.638224+00:00'),
  ('c041e873-c8c6-4c5a-a3a9-a5b8594c700e', 'fb8a19f3-79dc-4062-8dab-bb52db7e7ec3', 'جرول', 'Jarwal', 3, '2025-12-10T20:06:09.638224+00:00', '2025-12-10T20:06:09.638224+00:00'),
  ('b5d4e184-143d-433b-8b00-283d3af96145', 'fb8a19f3-79dc-4062-8dab-bb52db7e7ec3', 'الشوقية', 'Ash-Shawqiyah', 4, '2025-12-10T20:06:09.638224+00:00', '2025-12-10T20:06:09.638224+00:00'),
  ('d7c53642-6563-43f3-a738-57eb5f69c203', 'fb8a19f3-79dc-4062-8dab-bb52db7e7ec3', 'الكعكية', 'Al-Kakiyah', 5, '2025-12-10T20:06:09.638224+00:00', '2025-12-10T20:06:09.638224+00:00'),
  ('f4d2afe8-b70f-41f1-b129-62353f2d7076', 'fb8a19f3-79dc-4062-8dab-bb52db7e7ec3', 'الحجون', 'Al-Hajun', 6, '2025-12-10T20:06:09.638224+00:00', '2025-12-10T20:06:09.638224+00:00'),
  ('f3847b1f-d8ae-4cff-8718-f1de16aec7f8', 'fb8a19f3-79dc-4062-8dab-bb52db7e7ec3', 'أجياد', 'Ajyad', 7, '2025-12-10T20:06:09.638224+00:00', '2025-12-10T20:06:09.638224+00:00'),
  ('add4ffef-0df5-4fe0-ba8c-59a798abf491', 'fb8a19f3-79dc-4062-8dab-bb52db7e7ec3', 'المعابدة', 'Al-Maabidah', 8, '2025-12-10T20:06:09.638224+00:00', '2025-12-10T20:06:09.638224+00:00'),
  ('0db5c262-5727-444e-8882-dfea1c042db4', 'fb8a19f3-79dc-4062-8dab-bb52db7e7ec3', 'الزاهر', 'Az-Zahir', 9, '2025-12-10T20:06:09.638224+00:00', '2025-12-10T20:06:09.638224+00:00'),
  ('6f46db4c-b0d3-48d4-a90d-aebb241d278e', 'fb8a19f3-79dc-4062-8dab-bb52db7e7ec3', 'النوارية', 'An-Nuwariyah', 10, '2025-12-10T20:06:09.638224+00:00', '2025-12-10T20:06:09.638224+00:00'),
  ('41416442-7b3d-4c58-9836-fe7932882e05', 'fb8a19f3-79dc-4062-8dab-bb52db7e7ec3', 'الشرائع', 'Ash-Sharaie', 11, '2025-12-10T20:06:09.638224+00:00', '2025-12-10T20:06:09.638224+00:00'),
  ('fe3c23ba-b329-454a-9b63-7a833a644558', 'fb8a19f3-79dc-4062-8dab-bb52db7e7ec3', 'العمرة', 'Al-Umrah', 12, '2025-12-10T20:06:09.638224+00:00', '2025-12-10T20:06:09.638224+00:00'),
  ('912f1f03-80dc-484a-beaa-a75b2e47f9c1', 'fb8a19f3-79dc-4062-8dab-bb52db7e7ec3', 'التنعيم', 'At-Taneem', 13, '2025-12-10T20:06:09.638224+00:00', '2025-12-10T20:06:09.638224+00:00'),
  ('59e37a50-1b3c-4d7f-88d2-952a1f61d4e0', 'fb8a19f3-79dc-4062-8dab-bb52db7e7ec3', 'الحرم', 'Al-Haram', 14, '2025-12-10T20:06:09.638224+00:00', '2025-12-10T20:06:09.638224+00:00'),
  ('8ddaafd3-0ef5-40c0-b120-164a2c4ecaf5', 'fb8a19f3-79dc-4062-8dab-bb52db7e7ec3', 'أخرى', 'Other', 15, '2025-12-10T20:06:09.638224+00:00', '2025-12-10T20:06:09.638224+00:00'),
  ('44518efa-2fc2-42b2-9236-7842b1d91dfe', 'fd522f28-2c63-467e-b8ca-393b22e0ccec', 'الروضة', 'Ar-Rawdah', 1, '2025-12-10T20:06:09.638224+00:00', '2025-12-10T20:06:09.638224+00:00'),
  ('33bf8602-4b2a-47fb-9128-6db7bfda6011', 'fd522f28-2c63-467e-b8ca-393b22e0ccec', 'الزهراء', 'Az-Zahra', 2, '2025-12-10T20:06:09.638224+00:00', '2025-12-10T20:06:09.638224+00:00'),
  ('bd3d3ac2-278e-4412-a605-db700b69d83d', 'fd522f28-2c63-467e-b8ca-393b22e0ccec', 'النزهة', 'An-Nuzhah', 3, '2025-12-10T20:06:09.638224+00:00', '2025-12-10T20:06:09.638224+00:00'),
  ('7a20b97b-0679-4975-a815-f677f8023e83', 'fd522f28-2c63-467e-b8ca-393b22e0ccec', 'الصفا', 'As-Safa', 4, '2025-12-10T20:06:09.638224+00:00', '2025-12-10T20:06:09.638224+00:00'),
  ('ce02bdc4-e9db-4b77-9b8f-af6864f4bd2a', 'fd522f28-2c63-467e-b8ca-393b22e0ccec', 'المروة', 'Al-Marwah', 5, '2025-12-10T20:06:09.638224+00:00', '2025-12-10T20:06:09.638224+00:00'),
  ('8b592b8c-92cc-4522-aba7-2304cd5d89c6', 'fd522f28-2c63-467e-b8ca-393b22e0ccec', 'الحمراء', 'Al-Hamra', 6, '2025-12-10T20:06:09.638224+00:00', '2025-12-10T20:06:09.638224+00:00'),
  ('0c2a4a99-a11f-4979-aad8-a4d653f5e3a8', 'fd522f28-2c63-467e-b8ca-393b22e0ccec', 'الشاطئ', 'Ash-Shatie', 7, '2025-12-10T20:06:09.638224+00:00', '2025-12-10T20:06:09.638224+00:00'),
  ('626a60e8-9f83-484d-9330-32cc3e561539', 'fd522f28-2c63-467e-b8ca-393b22e0ccec', 'البلد', 'Al-Balad', 8, '2025-12-10T20:06:09.638224+00:00', '2025-12-10T20:06:09.638224+00:00'),
  ('ee706a8c-0053-4277-84f9-1d3b3318e5db', 'fd522f28-2c63-467e-b8ca-393b22e0ccec', 'الكندرة', 'Al-Kandarah', 9, '2025-12-10T20:06:09.638224+00:00', '2025-12-10T20:06:09.638224+00:00'),
  ('d33b2f69-1ee5-47b6-ac5f-fc467692c5b8', 'fd522f28-2c63-467e-b8ca-393b22e0ccec', 'الثغر', 'Ath-Thaghr', 10, '2025-12-10T20:06:09.638224+00:00', '2025-12-10T20:06:09.638224+00:00'),
  ('86b54804-be93-4e0b-a60a-5e918b6f18ae', 'fd522f28-2c63-467e-b8ca-393b22e0ccec', 'الفيصلية', 'Al-Faisaliyah', 11, '2025-12-10T20:06:09.638224+00:00', '2025-12-10T20:06:09.638224+00:00'),
  ('6ef64f78-b364-4661-a1ed-a7e7e2c8cdfe', 'fd522f28-2c63-467e-b8ca-393b22e0ccec', 'السلامة', 'As-Salamah', 12, '2025-12-10T20:06:09.638224+00:00', '2025-12-10T20:06:09.638224+00:00'),
  ('793ba382-1cf2-43d6-ab91-c5802a50a0af', 'fd522f28-2c63-467e-b8ca-393b22e0ccec', 'الرحاب', 'Ar-Rihab', 13, '2025-12-10T20:06:09.638224+00:00', '2025-12-10T20:06:09.638224+00:00'),
  ('34d754a9-d788-4038-a844-9999662b6651', 'fd522f28-2c63-467e-b8ca-393b22e0ccec', 'الواحة', 'Al-Wahah', 14, '2025-12-10T20:06:09.638224+00:00', '2025-12-10T20:06:09.638224+00:00'),
  ('1e90e91c-177e-498b-95a2-8dde65f0f1a5', 'fd522f28-2c63-467e-b8ca-393b22e0ccec', 'أبحر الشمالية', 'Obhur Ash-Shamaliyah', 15, '2025-12-10T20:06:09.638224+00:00', '2025-12-10T20:06:09.638224+00:00'),
  ('f4890fca-c2eb-4fce-862a-bae5b9bf3d57', 'fd522f28-2c63-467e-b8ca-393b22e0ccec', 'أبحر الجنوبية', 'Obhur Al-Janubiyah', 16, '2025-12-10T20:06:09.638224+00:00', '2025-12-10T20:06:09.638224+00:00'),
  ('fa7f2ece-c54a-452d-9fd1-c7903617a99b', 'fd522f28-2c63-467e-b8ca-393b22e0ccec', 'الشرفية', 'Ash-Sharafiyah', 17, '2025-12-10T20:06:09.638224+00:00', '2025-12-10T20:06:09.638224+00:00'),
  ('219153e9-ee25-4f95-a20d-8c5e5fed04d6', 'fd522f28-2c63-467e-b8ca-393b22e0ccec', 'المحمدية', 'Al-Muhammadiyah', 18, '2025-12-10T20:06:09.638224+00:00', '2025-12-10T20:06:09.638224+00:00'),
  ('bb3e7a75-76e0-4d23-9b2e-45241712acda', 'fd522f28-2c63-467e-b8ca-393b22e0ccec', 'العزيزية', 'Al-Aziziyah', 19, '2025-12-10T20:06:09.638224+00:00', '2025-12-10T20:06:09.638224+00:00'),
  ('61d1b3f2-6397-4dca-9039-bb57fa810fe1', 'fd522f28-2c63-467e-b8ca-393b22e0ccec', 'الأندلس', 'Al-Andalus', 20, '2025-12-10T20:06:09.638224+00:00', '2025-12-10T20:06:09.638224+00:00'),
  ('907c9c35-073d-44f5-94a3-6a55dc902145', 'fd522f28-2c63-467e-b8ca-393b22e0ccec', 'الربوة', 'Ar-Rabwah', 21, '2025-12-10T20:06:09.638224+00:00', '2025-12-10T20:06:09.638224+00:00'),
  ('bcdcbde0-d72a-4542-86be-ed8927a2c013', 'fd522f28-2c63-467e-b8ca-393b22e0ccec', 'النعيم', 'An-Naeem', 22, '2025-12-10T20:06:09.638224+00:00', '2025-12-10T20:06:09.638224+00:00'),
  ('865cf97d-23d6-4eec-bcdd-f770ebc773c4', 'fd522f28-2c63-467e-b8ca-393b22e0ccec', 'النسيم', 'An-Naseem', 23, '2025-12-10T20:06:09.638224+00:00', '2025-12-10T20:06:09.638224+00:00'),
  ('7e6f9304-6f37-456d-b7d7-643291e24629', 'fd522f28-2c63-467e-b8ca-393b22e0ccec', 'البساتين', 'Al-Basatin', 24, '2025-12-10T20:06:09.638224+00:00', '2025-12-10T20:06:09.638224+00:00'),
  ('62a42329-202e-4c31-8f83-7aa4771518c3', 'fd522f28-2c63-467e-b8ca-393b22e0ccec', 'أخرى', 'Other', 25, '2025-12-10T20:06:09.638224+00:00', '2025-12-10T20:06:09.638224+00:00'),
  ('410735f2-2347-4485-8656-0f5e8ce95223', '6f93c7ad-7c9d-46e3-87e3-1a64871856a9', 'الحوية', 'Al-Hawiyah', 1, '2025-12-10T20:06:09.638224+00:00', '2025-12-10T20:06:09.638224+00:00'),
  ('cdf4fa15-41b5-48ed-87bc-07351a2cb06f', '6f93c7ad-7c9d-46e3-87e3-1a64871856a9', 'الشهداء', 'Ash-Shuhada', 2, '2025-12-10T20:06:09.638224+00:00', '2025-12-10T20:06:09.638224+00:00'),
  ('ac95cd7d-b207-4c13-bf7e-a3092e089748', '6f93c7ad-7c9d-46e3-87e3-1a64871856a9', 'الفيصلية', 'Al-Faisaliyah', 3, '2025-12-10T20:06:09.638224+00:00', '2025-12-10T20:06:09.638224+00:00'),
  ('e99ebdc8-aa87-4c56-b401-6a9587e71b2c', '6f93c7ad-7c9d-46e3-87e3-1a64871856a9', 'الوشحاء', 'Al-Washha', 4, '2025-12-10T20:06:09.638224+00:00', '2025-12-10T20:06:09.638224+00:00'),
  ('b6d96b35-3075-40c6-af3a-17fd42340d4f', '6f93c7ad-7c9d-46e3-87e3-1a64871856a9', 'الخالدية', 'Al-Khalidiyah', 5, '2025-12-10T20:06:09.638224+00:00', '2025-12-10T20:06:09.638224+00:00'),
  ('f7cdd99c-9993-4928-a93f-17342dc61191', '6f93c7ad-7c9d-46e3-87e3-1a64871856a9', 'النزهة', 'An-Nuzhah', 6, '2025-12-10T20:06:09.638224+00:00', '2025-12-10T20:06:09.638224+00:00'),
  ('2ee327c3-af11-4252-bd2c-7e2d80e96fdc', '6f93c7ad-7c9d-46e3-87e3-1a64871856a9', 'الصالحية', 'As-Salhiyah', 7, '2025-12-10T20:06:09.638224+00:00', '2025-12-10T20:06:09.638224+00:00'),
  ('fd18a928-9d93-43c6-b357-35732eb5d77f', '6f93c7ad-7c9d-46e3-87e3-1a64871856a9', 'الشفا', 'Ash-Shifa', 8, '2025-12-10T20:06:09.638224+00:00', '2025-12-10T20:06:09.638224+00:00'),
  ('913f11ec-fe13-4720-a9da-cf2f70c098bc', '6f93c7ad-7c9d-46e3-87e3-1a64871856a9', 'الهدا', 'Al-Hada', 9, '2025-12-10T20:06:09.638224+00:00', '2025-12-10T20:06:09.638224+00:00'),
  ('f0265520-9057-4288-b560-aa61af18e7ff', '6f93c7ad-7c9d-46e3-87e3-1a64871856a9', 'العزيزية', 'Al-Aziziyah', 10, '2025-12-10T20:06:09.638224+00:00', '2025-12-10T20:06:09.638224+00:00'),
  ('b0b197fe-430a-4df2-9638-c4583d1bdc09', '6f93c7ad-7c9d-46e3-87e3-1a64871856a9', 'قروى', 'Qurwa', 11, '2025-12-10T20:06:09.638224+00:00', '2025-12-10T20:06:09.638224+00:00'),
  ('aa70d301-e679-462d-b3ca-6bdc1eaf7c55', '6f93c7ad-7c9d-46e3-87e3-1a64871856a9', 'أخرى', 'Other', 12, '2025-12-10T20:06:09.638224+00:00', '2025-12-10T20:06:09.638224+00:00'),
  ('9ebc22e9-4a71-4aba-ab0f-cf1271dc86dc', '9de9fc8a-f457-4f7a-89e7-d140b65f0dde', 'الفيصلية', 'Al-Faisaliyah', 1, '2025-12-10T20:07:01.454622+00:00', '2025-12-10T20:07:01.454622+00:00'),
  ('7cd9be22-8935-4eb5-a20d-48861e4f3e7f', '9de9fc8a-f457-4f7a-89e7-d140b65f0dde', 'العنود', 'Al-Anoud', 2, '2025-12-10T20:07:01.454622+00:00', '2025-12-10T20:07:01.454622+00:00'),
  ('7a1cca0b-676e-486a-81ed-28b42d154a20', '9de9fc8a-f457-4f7a-89e7-d140b65f0dde', 'الأثير', 'Al-Athir', 3, '2025-12-10T20:07:01.454622+00:00', '2025-12-10T20:07:01.454622+00:00'),
  ('83699f91-4d15-4ac2-a596-9bb5d4521de0', '9de9fc8a-f457-4f7a-89e7-d140b65f0dde', 'الشاطئ', 'Ash-Shatie', 4, '2025-12-10T20:07:01.454622+00:00', '2025-12-10T20:07:01.454622+00:00'),
  ('0a2df979-fe46-48bd-8590-d6d74e97f5fe', '9de9fc8a-f457-4f7a-89e7-d140b65f0dde', 'المريكبات', 'Al-Muraykabat', 5, '2025-12-10T20:07:01.454622+00:00', '2025-12-10T20:07:01.454622+00:00'),
  ('1dba80a9-c92d-4282-833d-680ab367261d', '9de9fc8a-f457-4f7a-89e7-d140b65f0dde', 'الطبيشي', 'At-Tubayshi', 6, '2025-12-10T20:07:01.454622+00:00', '2025-12-10T20:07:01.454622+00:00'),
  ('1eddb0fa-43f2-4ce4-b9fc-1652340b0a25', '9de9fc8a-f457-4f7a-89e7-d140b65f0dde', 'الخليج', 'Al-Khalij', 7, '2025-12-10T20:07:01.454622+00:00', '2025-12-10T20:07:01.454622+00:00'),
  ('3911f814-6692-4a5f-a9e5-5120082d0193', '9de9fc8a-f457-4f7a-89e7-d140b65f0dde', 'الفرسان', 'Al-Fursan', 8, '2025-12-10T20:07:01.454622+00:00', '2025-12-10T20:07:01.454622+00:00'),
  ('8a2a2135-ec26-4f39-a3f5-bd8906fdae8d', '9de9fc8a-f457-4f7a-89e7-d140b65f0dde', 'الفنار', 'Al-Fanar', 9, '2025-12-10T20:07:01.454622+00:00', '2025-12-10T20:07:01.454622+00:00'),
  ('4bf2ebca-f3c8-4714-9420-9830c0c68958', '9de9fc8a-f457-4f7a-89e7-d140b65f0dde', 'النورس', 'An-Nawras', 10, '2025-12-10T20:07:01.454622+00:00', '2025-12-10T20:07:01.454622+00:00'),
  ('40d76e03-78c8-42b4-911a-2f20bdff8320', '9de9fc8a-f457-4f7a-89e7-d140b65f0dde', 'النهضة', 'An-Nahdah', 11, '2025-12-10T20:07:01.454622+00:00', '2025-12-10T20:07:01.454622+00:00'),
  ('1d45900b-c1e8-4473-8d52-023e3ee25cc2', '9de9fc8a-f457-4f7a-89e7-d140b65f0dde', 'الجامعيين', 'Al-Jamiyin', 12, '2025-12-10T20:07:01.454622+00:00', '2025-12-10T20:07:01.454622+00:00'),
  ('e8db0c96-d57f-433e-bf4c-b9171dabdb2f', '9de9fc8a-f457-4f7a-89e7-d140b65f0dde', 'العمامرة', 'Al-Amamrah', 13, '2025-12-10T20:07:01.454622+00:00', '2025-12-10T20:07:01.454622+00:00'),
  ('22f00c38-4bd1-48f0-93eb-1208b0e3dc6c', '9de9fc8a-f457-4f7a-89e7-d140b65f0dde', 'أخرى', 'Other', 14, '2025-12-10T20:07:01.454622+00:00', '2025-12-10T20:07:01.454622+00:00'),
  ('8b315c23-e7c7-4b6f-8d61-9adde6953cba', 'e3f124f7-dc17-4b3f-a5a0-f80350427af0', 'الثقبة', 'Ath-Thuqbah', 1, '2025-12-10T20:07:01.454622+00:00', '2025-12-10T20:07:01.454622+00:00'),
  ('58dbc6fb-65a5-4c94-b171-804be5a5a125', 'e3f124f7-dc17-4b3f-a5a0-f80350427af0', 'الكورنيش', 'Al-Corniche', 2, '2025-12-10T20:07:01.454622+00:00', '2025-12-10T20:07:01.454622+00:00'),
  ('858e6878-14eb-49d3-a88f-f955f94345bd', 'e3f124f7-dc17-4b3f-a5a0-f80350427af0', 'العقربية', 'Al-Aqrabiyah', 3, '2025-12-10T20:07:01.454622+00:00', '2025-12-10T20:07:01.454622+00:00'),
  ('8552c09f-e2be-42fa-97ff-a2e8af9f6672', 'e3f124f7-dc17-4b3f-a5a0-f80350427af0', 'العليا', 'Al-Olaya', 4, '2025-12-10T20:07:01.454622+00:00', '2025-12-10T20:07:01.454622+00:00'),
  ('8aed1189-5179-41fa-919d-3d3911888505', 'e3f124f7-dc17-4b3f-a5a0-f80350427af0', 'الخزامى', 'Al-Khuzama', 5, '2025-12-10T20:07:01.454622+00:00', '2025-12-10T20:07:01.454622+00:00'),
  ('7f0a93df-0b04-436a-80f4-35be290d8aac', 'e3f124f7-dc17-4b3f-a5a0-f80350427af0', 'البندرية', 'Al-Bandariyah', 6, '2025-12-10T20:07:01.454622+00:00', '2025-12-10T20:07:01.454622+00:00'),
  ('544d0d20-492b-4872-91e8-fd70da3f102d', 'e3f124f7-dc17-4b3f-a5a0-f80350427af0', 'الراكة', 'Ar-Rakah', 7, '2025-12-10T20:07:01.454622+00:00', '2025-12-10T20:07:01.454622+00:00')
ON CONFLICT DO NOTHING;

INSERT INTO public.districts (id, city_id, name_ar, name_en, display_order, created_at, updated_at)
VALUES
  ('4827ca27-0b07-44e5-a146-948f089ff393', 'e3f124f7-dc17-4b3f-a5a0-f80350427af0', 'اليرموك', 'Al-Yarmouk', 8, '2025-12-10T20:07:01.454622+00:00', '2025-12-10T20:07:01.454622+00:00'),
  ('bde83e73-1524-41dd-85d1-c9f7fdb72ccc', 'e3f124f7-dc17-4b3f-a5a0-f80350427af0', 'الهدا', 'Al-Hada', 9, '2025-12-10T20:07:01.454622+00:00', '2025-12-10T20:07:01.454622+00:00'),
  ('7d9ed35c-c693-49de-a7d8-7c2ce7256247', 'e3f124f7-dc17-4b3f-a5a0-f80350427af0', 'الحزام الذهبي', 'Al-Hizam Adh-Dhahabi', 10, '2025-12-10T20:07:01.454622+00:00', '2025-12-10T20:07:01.454622+00:00'),
  ('cf3cb957-eb1d-4eb9-8466-cdbaf6ad75c8', 'e3f124f7-dc17-4b3f-a5a0-f80350427af0', 'أخرى', 'Other', 11, '2025-12-10T20:07:01.454622+00:00', '2025-12-10T20:07:01.454622+00:00'),
  ('2fb27ae4-3e6a-4d70-89ed-db055da240c5', '8afa1169-467a-4c73-9a92-08aa9d097e0e', 'العيون', 'Al-Uyun', 1, '2025-12-10T20:07:01.454622+00:00', '2025-12-10T20:07:01.454622+00:00'),
  ('872632b8-56fc-476a-a4c5-a9371388808a', '8afa1169-467a-4c73-9a92-08aa9d097e0e', 'قباء', 'Quba', 2, '2025-12-10T20:07:01.454622+00:00', '2025-12-10T20:07:01.454622+00:00'),
  ('a4a9a4a8-b6f8-48e9-b0c5-53db1cfa1e71', '8afa1169-467a-4c73-9a92-08aa9d097e0e', 'الحرة الشرقية', 'Al-Harrah Ash-Sharqiyah', 3, '2025-12-10T20:07:01.454622+00:00', '2025-12-10T20:07:01.454622+00:00'),
  ('68dc184f-1883-4211-b3d2-cb0d3b13ef1d', '8afa1169-467a-4c73-9a92-08aa9d097e0e', 'الحرة الغربية', 'Al-Harrah Al-Gharbiyah', 4, '2025-12-10T20:07:01.454622+00:00', '2025-12-10T20:07:01.454622+00:00'),
  ('092bd64e-83d4-4791-b3ea-1a9cde496c07', '8afa1169-467a-4c73-9a92-08aa9d097e0e', 'الحرم', 'Al-Haram', 5, '2025-12-10T20:07:01.454622+00:00', '2025-12-10T20:07:01.454622+00:00'),
  ('8c18b0b1-6ce6-4d28-9be8-88c94c523366', '8afa1169-467a-4c73-9a92-08aa9d097e0e', 'العوالي', 'Al-Awali', 6, '2025-12-10T20:07:01.454622+00:00', '2025-12-10T20:07:01.454622+00:00'),
  ('b71bf5e3-0687-4a6c-9fe2-8f9aff49a2d2', '8afa1169-467a-4c73-9a92-08aa9d097e0e', 'سلطانة', 'Sultanah', 7, '2025-12-10T20:07:01.454622+00:00', '2025-12-10T20:07:01.454622+00:00'),
  ('38a43382-5afd-4a00-983c-a9e51b424784', '8afa1169-467a-4c73-9a92-08aa9d097e0e', 'السيح', 'As-Sayh', 8, '2025-12-10T20:07:01.454622+00:00', '2025-12-10T20:07:01.454622+00:00'),
  ('890862f9-608c-4e62-9adc-c41de1abc2ed', '8afa1169-467a-4c73-9a92-08aa9d097e0e', 'الأزهري', 'Al-Azhari', 9, '2025-12-10T20:07:01.454622+00:00', '2025-12-10T20:07:01.454622+00:00'),
  ('ef152666-b385-4e1e-a32c-977db14aa8eb', '8afa1169-467a-4c73-9a92-08aa9d097e0e', 'الجمعة', 'Al-Jumuah', 10, '2025-12-10T20:07:01.454622+00:00', '2025-12-10T20:07:01.454622+00:00'),
  ('cf04b4b8-4349-41e2-91d5-34df0c68fd0b', '8afa1169-467a-4c73-9a92-08aa9d097e0e', 'المطار', 'Al-Matar', 11, '2025-12-10T20:07:01.454622+00:00', '2025-12-10T20:07:01.454622+00:00'),
  ('4e6b0752-1437-464f-b3c2-17de662e0046', '8afa1169-467a-4c73-9a92-08aa9d097e0e', 'النخيل', 'An-Nakheel', 12, '2025-12-10T20:07:01.454622+00:00', '2025-12-10T20:07:01.454622+00:00'),
  ('eabb6b96-603f-41e4-8edb-b3f14d606451', '8afa1169-467a-4c73-9a92-08aa9d097e0e', 'الروابي', 'Ar-Rawabi', 13, '2025-12-10T20:07:01.454622+00:00', '2025-12-10T20:07:01.454622+00:00'),
  ('cbcae184-974c-4203-990a-1770c2eeb5cd', '8afa1169-467a-4c73-9a92-08aa9d097e0e', 'الخالدية', 'Al-Khalidiyah', 14, '2025-12-10T20:07:01.454622+00:00', '2025-12-10T20:07:01.454622+00:00'),
  ('a53759bf-59d4-40f0-bd6e-1828e1935ad6', '8afa1169-467a-4c73-9a92-08aa9d097e0e', 'أخرى', 'Other', 15, '2025-12-10T20:07:01.454622+00:00', '2025-12-10T20:07:01.454622+00:00'),
  ('d0ae85c6-c48a-4e9d-ad98-c2bdde54e129', '684b609f-3938-4728-9359-eb504bcc0084', 'المنسك', 'Al-Mansak', 1, '2025-12-10T20:07:01.454622+00:00', '2025-12-10T20:07:01.454622+00:00'),
  ('24cfe272-d3e0-4f63-8315-42624a10092b', '684b609f-3938-4728-9359-eb504bcc0084', 'الموظفين', 'Al-Muwazzafin', 2, '2025-12-10T20:07:01.454622+00:00', '2025-12-10T20:07:01.454622+00:00'),
  ('b4dfbe40-0d49-46d0-92a5-b18e26e450b1', '684b609f-3938-4728-9359-eb504bcc0084', 'النميص', 'An-Numays', 3, '2025-12-10T20:07:01.454622+00:00', '2025-12-10T20:07:01.454622+00:00'),
  ('620ed167-647c-4b06-88e3-92b6f3b3a17a', '684b609f-3938-4728-9359-eb504bcc0084', 'الضباب', 'Ad-Dubab', 4, '2025-12-10T20:07:01.454622+00:00', '2025-12-10T20:07:01.454622+00:00'),
  ('b79fa67a-6ea6-4f6a-b1f4-fdb6365fa7ec', '684b609f-3938-4728-9359-eb504bcc0084', 'السودة', 'As-Sawdah', 5, '2025-12-10T20:07:01.454622+00:00', '2025-12-10T20:07:01.454622+00:00'),
  ('4967e466-b77d-4a4c-9a08-99c93c514635', '684b609f-3938-4728-9359-eb504bcc0084', 'الربوة', 'Ar-Rabwah', 6, '2025-12-10T20:07:01.454622+00:00', '2025-12-10T20:07:01.454622+00:00'),
  ('dab15195-f297-4b41-83fa-6c90d5e58d2e', '684b609f-3938-4728-9359-eb504bcc0084', 'الخالدية', 'Al-Khalidiyah', 7, '2025-12-10T20:07:01.454622+00:00', '2025-12-10T20:07:01.454622+00:00'),
  ('848d26b4-23fe-42a5-ad06-f98c54b6bb73', '684b609f-3938-4728-9359-eb504bcc0084', 'الورود', 'Al-Wurud', 8, '2025-12-10T20:07:01.454622+00:00', '2025-12-10T20:07:01.454622+00:00'),
  ('14959da8-029d-4aa4-98f3-148b2b367188', '684b609f-3938-4728-9359-eb504bcc0084', 'الزهور', 'Az-Zuhur', 9, '2025-12-10T20:07:01.454622+00:00', '2025-12-10T20:07:01.454622+00:00'),
  ('13df94af-b6fb-4328-bf4f-5b61f9a7cb05', '684b609f-3938-4728-9359-eb504bcc0084', 'النسيم', 'An-Naseem', 10, '2025-12-10T20:07:01.454622+00:00', '2025-12-10T20:07:01.454622+00:00'),
  ('96b77dae-1a4b-4f7e-be95-db4169c52ac5', '684b609f-3938-4728-9359-eb504bcc0084', 'الفيصلية', 'Al-Faisaliyah', 11, '2025-12-10T20:07:01.454622+00:00', '2025-12-10T20:07:01.454622+00:00'),
  ('64823be8-9e5f-4f1b-8f56-528a1b756390', '684b609f-3938-4728-9359-eb504bcc0084', 'المنهل', 'Al-Manhal', 12, '2025-12-10T20:07:01.454622+00:00', '2025-12-10T20:07:01.454622+00:00'),
  ('708570ca-0e4a-440a-aaef-bf76775d5af9', '684b609f-3938-4728-9359-eb504bcc0084', 'الشرف', 'Ash-Sharaf', 13, '2025-12-10T20:07:01.454622+00:00', '2025-12-10T20:07:01.454622+00:00'),
  ('696deb85-edd2-42bc-8495-c81052dd9c3e', '684b609f-3938-4728-9359-eb504bcc0084', 'الفهد', 'Al-Fahd', 14, '2025-12-10T20:07:01.454622+00:00', '2025-12-10T20:07:01.454622+00:00'),
  ('7d5ee2a0-4ba1-4581-bfd9-82af205e5261', '684b609f-3938-4728-9359-eb504bcc0084', 'أخرى', 'Other', 15, '2025-12-10T20:07:01.454622+00:00', '2025-12-10T20:07:01.454622+00:00'),
  ('c1677031-4f5e-4164-9cb0-e55009d625fa', '006dde70-e7d1-49e0-99bc-42a3f979f43e', 'أخرى', 'Other', 1, '2025-12-10T20:07:01.454622+00:00', '2025-12-10T20:07:01.454622+00:00'),
  ('7cc3b7e6-5ece-4efc-8460-d7b6aa4e4cd2', '6e3fd43e-d20f-40de-b42f-ec2530bdfcff', 'أخرى', 'Other', 1, '2025-12-10T20:07:01.454622+00:00', '2025-12-10T20:07:01.454622+00:00'),
  ('719c9a67-a778-4327-9152-d5e361ed3778', '504b5ceb-1e8a-4c89-a0ab-c5140b43d533', 'أخرى', 'Other', 1, '2025-12-10T20:07:01.454622+00:00', '2025-12-10T20:07:01.454622+00:00'),
  ('d0b63474-843c-4f03-9bbf-4b0fbbb74058', '88143165-9dac-4669-a2f5-f2043a181d98', 'أخرى', 'Other', 1, '2025-12-10T20:07:01.454622+00:00', '2025-12-10T20:07:01.454622+00:00'),
  ('4da25f09-d3a0-4f53-a5e4-28e47f631936', '62c4970f-2394-4f42-b215-4edc013283bf', 'أخرى', 'Other', 1, '2025-12-10T20:07:01.454622+00:00', '2025-12-10T20:07:01.454622+00:00'),
  ('8af762b3-7618-42a8-88b2-16dff5224e04', 'd4fcad06-c752-4011-afa5-f5af02d12a87', 'أخرى', 'Other', 1, '2025-12-10T20:07:01.454622+00:00', '2025-12-10T20:07:01.454622+00:00'),
  ('810e2490-e9a1-4c0a-a88b-de685e4b5817', '3cfc9fb1-edfc-4dec-9cef-e918436b03d9', 'أخرى', 'Other', 1, '2025-12-10T20:07:01.454622+00:00', '2025-12-10T20:07:01.454622+00:00'),
  ('046f9216-aac6-41ab-9749-868cf3a01c94', 'aaea8534-6141-4d9f-bb04-3e21d33ab9d5', 'أخرى', 'Other', 1, '2025-12-10T20:07:01.454622+00:00', '2025-12-10T20:07:01.454622+00:00'),
  ('9eb8a585-c92b-4856-9c57-470bcb39efcd', '6202ea12-610e-4a12-881d-1a2b78fc533f', 'أخرى', 'Other', 1, '2025-12-10T20:07:01.454622+00:00', '2025-12-10T20:07:01.454622+00:00'),
  ('5085889f-7b38-4beb-a02c-ea2dd07508e0', 'ea1c69f5-ebaf-43b9-aa94-13ad3b892bf4', 'أخرى', 'Other', 1, '2025-12-10T20:07:01.454622+00:00', '2025-12-10T20:07:01.454622+00:00'),
  ('08c876d2-7a91-4041-9399-2c418eb80348', '11a3193f-e5b4-4c73-93cc-cb1e124c4f6a', 'أخرى', 'Other', 1, '2025-12-10T20:07:01.454622+00:00', '2025-12-10T20:07:01.454622+00:00'),
  ('aef35b70-804d-4a95-bcf4-97227ea3b49c', 'd157b96b-cd4f-4d00-b207-d7a28e70a517', 'أخرى', 'Other', 1, '2025-12-10T20:07:01.454622+00:00', '2025-12-10T20:07:01.454622+00:00'),
  ('2cd7ba73-bc09-438a-afc6-41bbeb296c3d', '97529a89-63ac-45ca-8a53-d9392f05120e', 'أخرى', 'Other', 1, '2025-12-10T20:07:01.454622+00:00', '2025-12-10T20:07:01.454622+00:00'),
  ('9860c415-923f-49db-9139-9544da683dde', '939265dc-8942-4ec1-b432-f7320623e159', 'أخرى', 'Other', 1, '2025-12-10T20:07:01.454622+00:00', '2025-12-10T20:07:01.454622+00:00'),
  ('5a07f3b1-75fe-4a11-b8a1-f80fa3e2eabc', 'fc011550-f4e9-4ad0-979d-453bce0f9c32', 'أخرى', 'Other', 1, '2025-12-10T20:07:01.454622+00:00', '2025-12-10T20:07:01.454622+00:00'),
  ('c7a11767-f03c-4abc-9b56-5053ebf19f53', '17bef3ae-5e6b-4ba0-9fc7-f3bde1fdc5cb', 'أخرى', 'Other', 1, '2025-12-10T20:07:01.454622+00:00', '2025-12-10T20:07:01.454622+00:00'),
  ('d1519400-5bc3-4820-ac4a-e810064d3aff', '8f37cd18-3496-46af-8e2f-9cea4e74bc17', 'أخرى', 'Other', 1, '2025-12-10T20:07:01.454622+00:00', '2025-12-10T20:07:01.454622+00:00'),
  ('39676427-5151-4e94-9040-8ec14fa63b56', '827a6bd3-e1c6-48d5-8b5f-39e004b98309', 'أخرى', 'Other', 1, '2025-12-10T20:07:01.454622+00:00', '2025-12-10T20:07:01.454622+00:00'),
  ('6c82d659-fbd9-444e-8bbf-31f142125221', 'a05bb714-47cd-43bf-82ed-b61ad506f034', 'أخرى', 'Other', 1, '2025-12-10T20:07:01.454622+00:00', '2025-12-10T20:07:01.454622+00:00'),
  ('0b4c586a-f6e2-4f30-ab15-8df64b48cb61', 'fca93afa-0eb1-4fef-86fa-5cf096b2c4bb', 'أخرى', 'Other', 1, '2025-12-10T20:07:01.454622+00:00', '2025-12-10T20:07:01.454622+00:00'),
  ('16583482-92d9-4a50-b6bb-12968d469108', '3f2d4a31-1bde-4347-bb59-58688f1bdab1', 'أخرى', 'Other', 1, '2025-12-10T20:07:01.454622+00:00', '2025-12-10T20:07:01.454622+00:00'),
  ('1c94f807-950b-4ac8-a333-d77e02469fce', 'df8b07d4-07d3-41ad-b5db-f10a1a8dac4a', 'أخرى', 'Other', 1, '2025-12-10T20:07:01.454622+00:00', '2025-12-10T20:07:01.454622+00:00'),
  ('16d493c3-894e-4834-97b1-8a5436a7636d', 'c888bdb6-1c45-4b4c-8fc3-88269858580b', 'أخرى', 'Other', 1, '2025-12-10T20:07:01.454622+00:00', '2025-12-10T20:07:01.454622+00:00'),
  ('e58293d5-63ed-45b3-91d1-d100dd170fdc', 'a47e1c23-bf7c-4232-99c6-d1ddbe63a194', 'أخرى', 'Other', 1, '2025-12-10T20:07:01.454622+00:00', '2025-12-10T20:07:01.454622+00:00'),
  ('f0a6b030-d07a-480f-8dfa-d3cefb93ac29', '195fb787-79bd-4c21-90fe-7b59f10f08fb', 'أخرى', 'Other', 1, '2025-12-10T20:07:01.454622+00:00', '2025-12-10T20:07:01.454622+00:00'),
  ('5f57e555-ea9f-4a8e-98b7-f74e3495e21e', '3810adff-d3da-4ed8-b208-7be81a6f7d5c', 'أخرى', 'Other', 1, '2025-12-10T20:07:01.454622+00:00', '2025-12-10T20:07:01.454622+00:00'),
  ('e3a5bbe8-c6ec-42d2-b8e4-aba7df739587', '40f52ba6-342c-403a-b19a-28c461760385', 'أخرى', 'Other', 1, '2025-12-10T20:07:01.454622+00:00', '2025-12-10T20:07:01.454622+00:00'),
  ('1f0cbdc1-53e3-4cd8-b7db-fc09612164ef', 'd6706972-c118-40f4-b009-99f23ebdb602', 'أخرى', 'Other', 1, '2025-12-10T20:07:01.454622+00:00', '2025-12-10T20:07:01.454622+00:00'),
  ('76632991-14e5-457e-84c5-5f3b1bfee569', 'd4de1116-3ce4-4493-83e6-61174f1ea035', 'أخرى', 'Other', 1, '2025-12-10T20:07:01.454622+00:00', '2025-12-10T20:07:01.454622+00:00'),
  ('76850e02-c29e-4bf7-8cc0-abbe81228841', 'f73acc79-823d-46ce-94bb-89c891491d74', 'أخرى', 'Other', 1, '2025-12-10T20:07:01.454622+00:00', '2025-12-10T20:07:01.454622+00:00'),
  ('7b43bc99-53d7-4d2b-a975-da5e221feb31', '1e7f6eb1-d5c5-4caa-81e5-148a08e6ba82', 'أخرى', 'Other', 1, '2025-12-10T20:07:01.454622+00:00', '2025-12-10T20:07:01.454622+00:00'),
  ('e8c93e56-cc55-40f8-b009-fd6b9e33d3c7', '868975ab-d9fc-43d9-bf97-bd441f09eb41', 'أخرى', 'Other', 1, '2025-12-10T20:07:01.454622+00:00', '2025-12-10T20:07:01.454622+00:00'),
  ('ef43ecfc-30d9-4553-bed8-f7a7445958a6', 'b0447b0b-51b0-45cb-a709-4de76113e2fa', 'أخرى', 'Other', 1, '2025-12-10T20:07:01.454622+00:00', '2025-12-10T20:07:01.454622+00:00'),
  ('985f87e5-758b-49d8-a770-62ae07f833c5', '0418354a-d924-4fbe-86a2-bd809e1672f0', 'أخرى', 'Other', 1, '2025-12-10T20:07:01.454622+00:00', '2025-12-10T20:07:01.454622+00:00'),
  ('6281e9a0-221c-4587-a9a3-f71bfc426efb', 'be79a297-2c00-4502-9204-40b4743d47d2', 'أخرى', 'Other', 1, '2025-12-10T20:07:01.454622+00:00', '2025-12-10T20:07:01.454622+00:00'),
  ('35c80c2d-bb23-4908-a535-c570cce52d87', 'ae4a727b-b900-4a78-9ccc-6658eeb4822d', 'أخرى', 'Other', 1, '2025-12-10T20:07:01.454622+00:00', '2025-12-10T20:07:01.454622+00:00'),
  ('5d9e3467-bfe5-4181-8db9-e892f82c3a70', 'b75ca1ca-e871-4b40-baa6-b6f0049f9d9c', 'أخرى', 'Other', 1, '2025-12-10T20:07:01.454622+00:00', '2025-12-10T20:07:01.454622+00:00'),
  ('817337d3-541b-49fc-9a3e-e7736a6d5cb6', '10d624cd-645b-4eac-8040-b984cfb9992f', 'أخرى', 'Other', 1, '2025-12-10T20:07:01.454622+00:00', '2025-12-10T20:07:01.454622+00:00'),
  ('5f4be63a-e9b6-42bc-b6e3-c32d0255df12', '3b67425c-b4cd-4551-9846-6d66be9eee92', 'أخرى', 'Other', 1, '2025-12-10T20:07:01.454622+00:00', '2025-12-10T20:07:01.454622+00:00'),
  ('f6aa58d0-e694-4dd5-8f38-e7a5421c6ab9', '59d95884-e06f-43a9-b265-f9d9aa441a9a', 'أخرى', 'Other', 1, '2025-12-10T20:07:01.454622+00:00', '2025-12-10T20:07:01.454622+00:00'),
  ('fbc46995-1831-4edf-b727-0adcb3eaea6a', '085f839f-1d3d-475c-80e7-77bcf2b5c345', 'أخرى', 'Other', 1, '2025-12-10T20:07:01.454622+00:00', '2025-12-10T20:07:01.454622+00:00'),
  ('b8d27f39-27b6-4ea0-bab2-c932c801c46b', '93f129c1-4231-4f08-b1c2-6ec124dd8406', 'أخرى', 'Other', 1, '2025-12-10T20:07:01.454622+00:00', '2025-12-10T20:07:01.454622+00:00'),
  ('6165b7a3-110f-4358-8c8f-a40576e35184', '41d58534-4b10-46bc-ae15-d685b88c0d84', 'أخرى', 'Other', 1, '2025-12-10T20:07:01.454622+00:00', '2025-12-10T20:07:01.454622+00:00'),
  ('6f5b5dbe-a874-4afe-8ded-4720fc928f72', 'da9f9aa6-0960-4c67-b2ca-6f208b39fdb5', 'أخرى', 'Other', 1, '2025-12-10T20:07:01.454622+00:00', '2025-12-10T20:07:01.454622+00:00'),
  ('e8710965-ca09-4517-9ffb-2a91cf4f6445', '8097559e-e0a4-4a12-8617-0ba0ca45c257', 'أخرى', 'Other', 1, '2025-12-10T20:07:01.454622+00:00', '2025-12-10T20:07:01.454622+00:00'),
  ('3f1e8138-8a06-475e-8fee-577aef3c311e', 'fd3a8891-b7f8-41dd-91e7-6936b7d90e43', 'أخرى', 'Other', 1, '2025-12-10T20:07:01.454622+00:00', '2025-12-10T20:07:01.454622+00:00'),
  ('1784f64f-321c-4fe4-afc6-173c8d87411b', '04621d14-ef13-4f89-b64b-9eb7706e1c23', 'أخرى', 'Other', 1, '2025-12-10T20:07:01.454622+00:00', '2025-12-10T20:07:01.454622+00:00'),
  ('c6b6f5e8-e22b-49b5-8033-5f9e9be5f973', '73754b5f-7aca-4538-8ae7-eeb7fe3249e2', 'أخرى', 'Other', 1, '2025-12-10T20:07:01.454622+00:00', '2025-12-10T20:07:01.454622+00:00'),
  ('23a6e156-ba20-47f9-ac2d-41c18b34aba2', '81dda0fc-7209-41dc-8fee-00e713f18c32', 'أخرى', 'Other', 1, '2025-12-10T20:07:01.454622+00:00', '2025-12-10T20:07:01.454622+00:00'),
  ('7088ee7f-e0d6-471c-a6c2-6e284e90bb34', '6f7847af-4083-4141-856c-29098f4b9cb8', 'أخرى', 'Other', 1, '2025-12-10T20:07:01.454622+00:00', '2025-12-10T20:07:01.454622+00:00'),
  ('232e6940-a1f6-4e71-a1fd-b59061faa3a2', '47a4fcbc-c096-49f2-9a96-324b59a94ee3', 'أخرى', 'Other', 1, '2025-12-10T20:07:01.454622+00:00', '2025-12-10T20:07:01.454622+00:00'),
  ('77a57646-8164-405f-8511-79097b029c98', '3a38533d-6023-44d0-b8df-010a48a4b723', 'أخرى', 'Other', 1, '2025-12-10T20:07:01.454622+00:00', '2025-12-10T20:07:01.454622+00:00'),
  ('7a2307a1-52e1-4b5f-94b6-18867614832a', '2f4f0600-faf3-4f0b-abc8-ee53cf2b0407', 'أخرى', 'Other', 1, '2025-12-10T20:07:01.454622+00:00', '2025-12-10T20:07:01.454622+00:00'),
  ('e18b1216-2306-4b8f-9a50-2228320d1209', 'cb441c48-f94b-494f-b40c-af5f73f2d7e6', 'أخرى', 'Other', 1, '2025-12-10T20:07:01.454622+00:00', '2025-12-10T20:07:01.454622+00:00'),
  ('1edd8490-3807-4152-bee9-4126746b1386', '08950165-05ad-4121-983b-db0e09a96e44', 'أخرى', 'Other', 1, '2025-12-10T20:07:01.454622+00:00', '2025-12-10T20:07:01.454622+00:00'),
  ('b16367db-9df3-4c68-8f6a-0eeaf04d3a5f', '66fce973-a667-4b81-8ebe-ee3b6f36b1fa', 'أخرى', 'Other', 1, '2025-12-10T20:07:01.454622+00:00', '2025-12-10T20:07:01.454622+00:00'),
  ('bcf3b1dc-a477-478c-9995-47d8b45826bb', 'f514ae0b-af77-4fc5-a7cc-c1e8ef9820ba', 'أخرى', 'Other', 1, '2025-12-10T20:07:01.454622+00:00', '2025-12-10T20:07:01.454622+00:00'),
  ('00f91641-b77e-4586-9e84-d558a73e18b5', 'c405bf87-ab69-4a14-81bb-6aba4a1b14cb', 'أخرى', 'Other', 1, '2025-12-10T20:07:01.454622+00:00', '2025-12-10T20:07:01.454622+00:00'),
  ('e31185c1-135e-45d1-b01f-2d9836fa851c', 'c1e2d80b-1e47-4fd1-a35b-4c4bbe6862f2', 'أخرى', 'Other', 1, '2025-12-10T20:07:01.454622+00:00', '2025-12-10T20:07:01.454622+00:00'),
  ('745f59ee-098a-4d50-ae86-1b8cfdb5c005', '759672a3-8da8-4e1f-bed9-45e563ea320e', 'أخرى', 'Other', 1, '2025-12-10T20:07:01.454622+00:00', '2025-12-10T20:07:01.454622+00:00'),
  ('9d7e584e-4be7-406f-8441-f013f98d74ed', 'c7393aa2-c6b1-48fd-95b2-13f907253550', 'أخرى', 'Other', 1, '2025-12-10T20:07:01.454622+00:00', '2025-12-10T20:07:01.454622+00:00'),
  ('8247f778-1ed7-4d7b-955e-ac85b4e2f247', '0fcf12c4-4c07-4683-94ed-3e57ad9e838c', 'أخرى', 'Other', 1, '2025-12-10T20:07:01.454622+00:00', '2025-12-10T20:07:01.454622+00:00'),
  ('187f546c-ab43-4ee0-9a17-a331f637219b', 'c61ab9a3-6cd0-461a-ad25-676662e86499', 'أخرى', 'Other', 1, '2025-12-10T20:07:01.454622+00:00', '2025-12-10T20:07:01.454622+00:00'),
  ('5ba4225b-79ab-45eb-b97d-b44ca99ba534', '48ee7765-7e48-4515-a59d-baec6a156cdf', 'أخرى', 'Other', 1, '2025-12-10T20:07:01.454622+00:00', '2025-12-10T20:07:01.454622+00:00'),
  ('a57d0cc0-0209-4a6d-ae9d-14c39d0b0f09', 'd9ed91e0-b649-49e1-8394-7456f41ee4f1', 'أخرى', 'Other', 1, '2025-12-10T20:07:01.454622+00:00', '2025-12-10T20:07:01.454622+00:00'),
  ('8011bed8-c672-4cd7-8ba1-aef2477dc6af', 'f0289b86-eb43-4335-a319-0a5685a79b53', 'أخرى', 'Other', 1, '2025-12-10T20:07:01.454622+00:00', '2025-12-10T20:07:01.454622+00:00')
ON CONFLICT DO NOTHING;

INSERT INTO public.districts (id, city_id, name_ar, name_en, display_order, created_at, updated_at)
VALUES
  ('576cf7ff-936e-4545-8e46-713be304e38f', 'cd546f43-28cd-418d-9522-63b4bc4b3f16', 'أخرى', 'Other', 1, '2025-12-10T20:07:01.454622+00:00', '2025-12-10T20:07:01.454622+00:00'),
  ('655546c3-9e6b-4eee-a437-d3a16247dca1', '68e98f24-9b1b-4e14-b908-ff15b7af86e9', 'أخرى', 'Other', 1, '2025-12-10T20:07:01.454622+00:00', '2025-12-10T20:07:01.454622+00:00'),
  ('3684632f-7d52-4ef6-8a87-eb17981422b7', '0fb8eba2-1950-4bcf-a1a2-fab8f2857e64', 'أخرى', 'Other', 1, '2025-12-10T20:07:01.454622+00:00', '2025-12-10T20:07:01.454622+00:00'),
  ('da8828a0-9614-49e4-8168-62f126c41fa8', 'a44a4cec-1c7f-44b1-9ade-4268bd19ac87', 'أخرى', 'Other', 1, '2025-12-10T20:07:01.454622+00:00', '2025-12-10T20:07:01.454622+00:00'),
  ('fc3cf878-bfc2-4b2e-a3e0-6ee2522bd4ed', '42bc9d7a-0c8a-4bd2-a76f-ca42e86503cb', 'أخرى', 'Other', 1, '2025-12-10T20:07:01.454622+00:00', '2025-12-10T20:07:01.454622+00:00'),
  ('74e41b45-a1db-43e2-9cb2-27fa070ea0c9', 'de492bc1-a6e9-48e7-b91b-c0322ad73961', 'أخرى', 'Other', 1, '2025-12-10T20:07:01.454622+00:00', '2025-12-10T20:07:01.454622+00:00'),
  ('782d4789-9d13-4aa9-b472-3badd5fa2dc1', '8f1bced0-6c1c-4a6b-9a7f-c32cd42e4728', 'أخرى', 'Other', 1, '2025-12-10T20:07:01.454622+00:00', '2025-12-10T20:07:01.454622+00:00'),
  ('66c07985-26a0-46e2-8a89-991a8a7a740e', 'e5d49240-ff3a-41aa-8911-a199c5af92ca', 'أخرى', 'Other', 1, '2025-12-10T20:07:01.454622+00:00', '2025-12-10T20:07:01.454622+00:00'),
  ('928f7fcf-bda9-4684-9530-ba486cb6f067', '982ea36f-2997-4f3b-a688-6fd0925d7a79', 'أخرى', 'Other', 1, '2025-12-10T20:07:01.454622+00:00', '2025-12-10T20:07:01.454622+00:00'),
  ('a9c225b9-14cc-4987-bfb2-695c88f178d7', '094e869c-3ccc-4d2b-a83e-656ff2e38d63', 'أخرى', 'Other', 1, '2025-12-10T20:07:01.454622+00:00', '2025-12-10T20:07:01.454622+00:00'),
  ('ee406209-1ddc-42cd-9653-6fcd6aa7e563', '6fc981a5-e96b-47ec-b99d-08040e336fa8', 'أخرى', 'Other', 1, '2025-12-10T20:07:01.454622+00:00', '2025-12-10T20:07:01.454622+00:00'),
  ('baddeb37-e20f-4ec1-91a2-788ba9562d02', 'f16f4f70-ce75-4df7-836b-f340ca94d591', 'أخرى', 'Other', 1, '2025-12-10T20:07:01.454622+00:00', '2025-12-10T20:07:01.454622+00:00'),
  ('2eb954b0-bb22-4ce3-a7dd-12994d119162', '6f8b332a-5352-4e5b-b792-8307af1a3e94', 'أخرى', 'Other', 1, '2025-12-10T20:07:01.454622+00:00', '2025-12-10T20:07:01.454622+00:00'),
  ('c6d05e5d-1f6a-45a6-9ca3-9cf15051267c', '0dae0042-f919-4fd1-b161-b4cdcb42c895', 'أخرى', 'Other', 1, '2025-12-10T20:07:01.454622+00:00', '2025-12-10T20:07:01.454622+00:00'),
  ('327397ce-1102-44c7-b3ca-fd86734339bc', '52ad2193-501e-401d-a07e-f12ff8f44a37', 'أخرى', 'Other', 1, '2025-12-10T20:07:01.454622+00:00', '2025-12-10T20:07:01.454622+00:00'),
  ('a1693f5a-3d13-48be-b228-e00c05be5850', 'dc1c092e-2540-4c31-b959-7c9b8203f3f6', 'أخرى', 'Other', 1, '2025-12-10T20:07:01.454622+00:00', '2025-12-10T20:07:01.454622+00:00'),
  ('0dc947b5-3448-47d5-b0fb-4de7b30e94a3', 'd760cb74-b78a-4978-a5d3-4dc3c097063c', 'أخرى', 'Other', 1, '2025-12-10T20:07:01.454622+00:00', '2025-12-10T20:07:01.454622+00:00'),
  ('bdc9fcad-25b3-4ecd-a15e-409d2aae1121', '5b9f5c9a-1651-4d14-bcdf-a9b08186c626', 'أخرى', 'Other', 1, '2025-12-10T20:07:01.454622+00:00', '2025-12-10T20:07:01.454622+00:00'),
  ('3476f4ec-2f94-4a8f-aed3-63c120b27766', '99d46c85-81f6-486c-be96-d590c5107388', 'أخرى', 'Other', 1, '2025-12-10T20:07:01.454622+00:00', '2025-12-10T20:07:01.454622+00:00'),
  ('5a5fd88c-acc8-4de2-9ad8-59714e0ff065', '3ab54b1f-68ac-4681-b6a5-7a32d8379f62', 'أخرى', 'Other', 1, '2025-12-10T20:07:01.454622+00:00', '2025-12-10T20:07:01.454622+00:00'),
  ('6485407a-756f-4376-b912-75e1826f0756', '061331f8-5580-4eb2-862e-21a23bf58994', 'أخرى', 'Other', 1, '2025-12-10T20:07:01.454622+00:00', '2025-12-10T20:07:01.454622+00:00'),
  ('0c26e66c-e097-4380-a51f-17f44d1f3c02', '60f49a13-040d-4d15-9bd9-b6913ce72264', 'أخرى', 'Other', 1, '2025-12-10T20:07:01.454622+00:00', '2025-12-10T20:07:01.454622+00:00'),
  ('8c8b97a1-3151-4d58-a29f-a76197dfec56', '22607d3e-daba-4640-b052-e246d3673e99', 'أخرى', 'Other', 1, '2025-12-10T20:07:01.454622+00:00', '2025-12-10T20:07:01.454622+00:00'),
  ('c3c23f96-c78c-4720-be57-305ead9dcfa7', '8de83520-c6c9-4730-9925-f697d2d79476', 'أخرى', 'Other', 1, '2025-12-10T20:07:01.454622+00:00', '2025-12-10T20:07:01.454622+00:00'),
  ('6b0c33a3-44a6-4c77-af0d-d75ff36d172a', 'b82d4721-fdf2-4d13-b4ab-899c06bf7967', 'أخرى', 'Other', 1, '2025-12-10T20:07:01.454622+00:00', '2025-12-10T20:07:01.454622+00:00'),
  ('2b8ffd97-3952-492a-992b-9b51403b24f4', '6ec3743e-a986-4b9a-aca7-d6058fea5ba0', 'أخرى', 'Other', 1, '2025-12-10T20:07:01.454622+00:00', '2025-12-10T20:07:01.454622+00:00'),
  ('f31cd869-f138-479b-897f-414ea86872f9', '1a635571-b2eb-4760-a7ba-b5cbe9dc86e0', 'أخرى', 'Other', 1, '2025-12-10T20:07:01.454622+00:00', '2025-12-10T20:07:01.454622+00:00'),
  ('3634ea52-5aef-4672-ad6b-97df5f87726e', '1302ec3f-363f-4917-89e3-7ba3877bc3aa', 'أخرى', 'Other', 1, '2025-12-10T20:07:01.454622+00:00', '2025-12-10T20:07:01.454622+00:00'),
  ('3d9287ab-1bc0-4696-a6e2-41bfc7e4df8f', '1a9c64db-1ff0-4199-b723-f835b883d9fd', 'أخرى', 'Other', 1, '2025-12-10T20:07:01.454622+00:00', '2025-12-10T20:07:01.454622+00:00'),
  ('141d3030-8f40-4d2c-a676-15e13f764127', '7cc2abfb-d85a-4ce9-a9cf-52504cc855dc', 'أخرى', 'Other', 1, '2025-12-10T20:07:01.454622+00:00', '2025-12-10T20:07:01.454622+00:00'),
  ('b4f3bdb6-4314-4a5f-b8ec-ce656822646b', '40f812a1-d150-431b-acdf-e984496316c4', 'أخرى', 'Other', 1, '2025-12-10T20:07:01.454622+00:00', '2025-12-10T20:07:01.454622+00:00'),
  ('0611f729-8547-41c9-8b40-02873f470435', '6082bbab-ce5f-40fe-8719-ef1a509d2322', 'أخرى', 'Other', 1, '2025-12-10T20:07:01.454622+00:00', '2025-12-10T20:07:01.454622+00:00'),
  ('f8ca198a-457e-4115-a402-eb190e41e0ea', 'cf382b20-5607-4552-ac07-c963a08a3248', 'أخرى', 'Other', 1, '2025-12-10T20:07:01.454622+00:00', '2025-12-10T20:07:01.454622+00:00'),
  ('8b91f090-a2dd-4b7c-9127-b197738df19b', 'fbc30e47-3cd3-43d9-9f18-f6a4061213d6', 'أخرى', 'Other', 1, '2025-12-10T20:07:01.454622+00:00', '2025-12-10T20:07:01.454622+00:00'),
  ('9a2f27e8-fe4c-4e83-8319-37292fb7577e', 'f5e63f18-7dbc-4f0b-8b8f-fe1e15fe4a46', 'أخرى', 'Other', 1, '2025-12-10T20:07:01.454622+00:00', '2025-12-10T20:07:01.454622+00:00'),
  ('c1c8eb11-7de3-4bff-81a8-952bf2d53888', 'e4dad607-ef22-416a-af67-39961e083f4c', 'أخرى', 'Other', 1, '2025-12-10T20:07:01.454622+00:00', '2025-12-10T20:07:01.454622+00:00'),
  ('60589c6a-b9a1-43c6-9cea-efb46804037c', '190393c1-d773-4bd3-a746-f830e8fbafc7', 'أخرى', 'Other', 1, '2025-12-10T20:07:01.454622+00:00', '2025-12-10T20:07:01.454622+00:00'),
  ('75c518a9-9a3e-4712-8cff-8789473447dc', '0dcd04e9-b486-4b1d-84a6-70fff1d2288a', 'أخرى', 'Other', 1, '2025-12-10T20:07:01.454622+00:00', '2025-12-10T20:07:01.454622+00:00'),
  ('309ba642-3c7b-4eb6-a629-6d2c888b2fbc', 'b0a94e30-17e5-4138-b40f-63e5ab9b1d8a', 'أخرى', 'Other', 1, '2025-12-10T20:07:01.454622+00:00', '2025-12-10T20:07:01.454622+00:00'),
  ('bf256119-1010-4ab8-b190-78f52695795e', '8f7505d9-5450-4df3-a8b3-e28c799f0496', 'أخرى', 'Other', 1, '2025-12-10T20:07:01.454622+00:00', '2025-12-10T20:07:01.454622+00:00'),
  ('c899c269-1090-44ed-a2a5-1b5615553c97', 'e31d0150-733d-41bf-a21a-d10bd2918c8f', 'أخرى', 'Other', 1, '2025-12-10T20:07:01.454622+00:00', '2025-12-10T20:07:01.454622+00:00'),
  ('f8a3af1d-fc04-490f-ae99-d719113e8a57', '950007ed-a2f9-4395-9c34-793ef7672a38', 'أخرى', 'Other', 1, '2025-12-10T20:07:01.454622+00:00', '2025-12-10T20:07:01.454622+00:00'),
  ('f7283c5c-896f-46ca-a16d-b245b251b71d', 'db49a9f4-d550-4465-a31d-a8b87ff2b160', 'أخرى', 'Other', 1, '2025-12-10T20:07:01.454622+00:00', '2025-12-10T20:07:01.454622+00:00')
ON CONFLICT DO NOTHING;

-- No data in old_regions

-- No data in staff

-- No data in staff_services

-- No data in staff_regions

-- Data for table: services
-- Rows: 24

INSERT INTO public.services (id, name_ar, name_en, slug, description_ar, description_en, icon, category, parent_id, fees, duration, is_active, order_index, config, created_at, updated_at, created_by, updated_by, has_age_based_pricing, price_under_18, price_18_and_above, is_external, external_url)
VALUES
  ('07259b33-5364-4e5c-8162-8421813dfb1b', 'جوازات السفر', 'Passports', 'passports', 'إصدار وتجديد جوازات السفر السودانية', 'Issuance and renewal of Sudanese passports', 'FileText', 'documents', NULL, '930', '5-10 أيام عمل', true, 1, '{"types":["new","renewal","replacement","emergency"]}'::jsonb, '2025-12-05T11:16:06.314052+00:00', '2025-12-19T09:44:20.093892+00:00', NULL, NULL, false, NULL, NULL, false, NULL),
  ('1e5b92de-03bf-4669-85db-5e766835f215', 'التوكيلات', 'Power of Attorney', 'power-of-attorney', 'إصدار توكيلات رسمية لمختلف الأغراض', 'Issuance of official power of attorney for various purposes', 'Scale', 'legal', NULL, '200', '1-2 يوم عمل', true, 3, '{"hasSubcategories":true}'::jsonb, '2025-12-05T11:16:06.314052+00:00', '2025-12-19T09:44:20.093892+00:00', NULL, NULL, false, NULL, NULL, false, NULL),
  ('33fccaeb-0984-44b5-b148-f0ecee65c363', 'الإقرارات', 'Declarations', 'declarations', 'إصدار إقرارات رسمية ومشفوعة باليمين', 'Issuance of official and sworn declarations', 'FileCheck', 'legal', NULL, '100', '1 يوم عمل', true, 8, '{"hasSubcategories":true}'::jsonb, '2025-12-05T11:16:06.314052+00:00', '2025-12-19T09:44:20.093892+00:00', NULL, NULL, false, NULL, NULL, false, NULL),
  ('6a205b23-657b-4f02-b5f5-18fe106598ed', 'ستر الجثمان', 'Body Covering', 'body-covering', 'إجراءات ستر الجثمان ونقل الرفات', 'Body covering and remains transfer procedures', 'Plus', 'other', NULL, 'حسب الإجراءات', 'حسب الحالة', true, 10, '{}'::jsonb, '2025-12-05T11:16:06.314052+00:00', '2025-12-19T09:44:20.093892+00:00', NULL, NULL, false, NULL, NULL, false, NULL),
  ('6c90c601-89f0-486d-8ac4-a66a78f2a69c', 'التصديقات', 'Attestations', 'attestations', 'تصديق المستندات والوثائق الرسمية', 'Attestation of official documents', 'FileCheck', 'documents', NULL, 'حسب نوع المستند', '1-3 أيام عمل', true, 2, '{}'::jsonb, '2025-12-05T11:16:06.314052+00:00', '2025-12-19T09:44:20.093892+00:00', NULL, NULL, false, NULL, NULL, false, NULL),
  ('0194226c-cdbe-4366-8210-cea05f606754', 'المصادقات', 'Endorsements', 'endorsements', 'مصادقة على المستندات والتوقيعات', 'Endorsement of documents and signatures', 'CheckCircle', 'documents', NULL, 'حسب نوع المستند', '1-2 يوم عمل', true, 5, '{}'::jsonb, '2025-12-05T11:16:06.314052+00:00', '2025-12-19T09:44:20.093892+00:00', NULL, NULL, false, NULL, NULL, false, NULL),
  ('7be0c226-9ae3-4762-9ff1-944351b5d30d', 'الشؤون الأسرية', 'Family Affairs', 'family-affairs', 'خدمات الشؤون الأسرية والزواج والطلاق', 'Family affairs, marriage and divorce services', 'Heart', 'legal', NULL, 'حسب نوع الخدمة', '2-4 أيام عمل', true, 6, '{}'::jsonb, '2025-12-05T11:16:06.314052+00:00', '2025-12-19T09:44:20.093892+00:00', NULL, NULL, false, NULL, NULL, false, NULL),
  ('4aff3110-abd7-46d3-bb5e-498b5ee0ef85', 'العمل والسجون', 'Work and Prisons', 'work-and-prisons', 'خدمات العمل والسجون ومتابعة الموقوفين', 'Work and prison services and detainee follow-up', 'Briefcase', 'legal', NULL, 'حسب نوع الخدمة', '3-7 أيام عمل', true, 9, '{}'::jsonb, '2025-12-05T11:16:06.314052+00:00', '2025-12-19T09:44:20.093892+00:00', NULL, NULL, false, NULL, NULL, false, NULL),
  ('7791f359-abc2-4eb3-b0c0-596fe4cd5a2d', 'المأذونية', 'Madhoonia', 'madhoonia', 'خدمات المأذونية وعقود الزواج', 'Marriage authorization and contracts services', 'Heart', 'legal', NULL, 'حسب نوع العقد', '1-3 أيام عمل', true, 12, '{}'::jsonb, '2025-12-05T11:16:06.314052+00:00', '2025-12-19T09:44:20.093892+00:00', NULL, NULL, false, NULL, NULL, false, NULL),
  ('2ae1ba8e-8d22-4677-9c19-4f1196a7a3bd', 'التأشيرات', 'Visas', 'visas', 'إصدار تأشيرات الدخول إلى السودان', 'Issuance of entry visas to Sudan', 'Plane', 'travel', NULL, 'حسب نوع التأشيرة', '3-7 أيام عمل', true, 7, '{}'::jsonb, '2025-12-05T11:16:06.314052+00:00', '2025-12-05T11:16:06.314052+00:00', NULL, NULL, false, NULL, NULL, false, NULL),
  ('af1d09cb-7973-4b00-87c6-e453054226c5', 'الخدمات التعليمية', 'Education Services', 'education', 'خدمات امتحانات الشهادات الدراسية للمراحل التعليمية المختلفة', 'Educational examination services for different academic levels', 'GraduationCap', 'education', NULL, 'حسب نوع الامتحان', 'حسب الفترة الامتحانية', true, 13, '{"hasSubcategories":true}'::jsonb, '2025-12-05T11:16:06.314052+00:00', '2025-12-05T11:16:06.314052+00:00', NULL, NULL, false, NULL, NULL, false, NULL),
  ('6b983a72-2fe8-4025-b953-e32c01f40572', 'بنك الخرطوم', 'Khartoum Bank', 'khartoum-bank', 'الخدمات البنكية وبنك الخرطوم', 'Banking services and Khartoum Bank', 'DollarSign', 'financial', NULL, 'حسب نوع المعاملة', '2-5 أيام عمل', true, 11, '{}'::jsonb, '2025-12-05T11:16:06.314052+00:00', '2025-12-18T10:12:36.835733+00:00', NULL, NULL, false, NULL, NULL, false, NULL),
  ('eccfc9f7-44e5-4dc5-ba6f-0ebf5af2a197', 'الأحوال المدنية', 'Civil Registry', 'civil-registry', 'خدمات الأحوال المدنية والوثائق الشخصية', 'Civil registry and personal documents services', 'Users', 'documents', NULL, 'حسب نوع الخدمة', '3-5 أيام عمل', true, 4, '{}'::jsonb, '2025-12-05T11:16:06.314052+00:00', '2025-12-19T08:38:45.107389+00:00', NULL, NULL, false, NULL, NULL, false, NULL),
  ('66118ec6-2a3b-4b3b-9c81-c4496d9142d5', 'توكيلات منوعة', 'General Powers of Attorney', 'general', 'توكيلات منوعة لجميع الأغراض والمعاملات', 'Various powers of attorney for all purposes', '📋', 'legal', '1e5b92de-03bf-4669-85db-5e766835f215', '180', '1-2 يوم عمل', true, 1, '{"process":["تحديد الغرض من التوكيل","ملء البيانات المطلوبة","حضور الموكل شخصياً","التوقيع أمام الموظف المختص","ختم وتوثيق التوكيل"],"subcategories":[],"hasSubcategories":false}'::jsonb, '2025-12-05T11:16:33.541126+00:00', '2025-12-14T22:14:51.068158+00:00', NULL, NULL, false, NULL, NULL, false, NULL),
  ('a5bd05ec-a9d4-44dc-887e-abfbe5743122', 'محاكم وقضايا ودعاوي', 'Courts and Lawsuits', 'courts', 'توكيل خاص بالمرافعات والقضايا القانونية والدعاوي', 'Power of attorney for litigation and legal cases', '⚖️', 'legal', '1e5b92de-03bf-4669-85db-5e766835f215', 'غير محدد', 'غير محدد', true, 2, '{}'::jsonb, '2025-12-05T11:16:33.541126+00:00', '2025-12-05T11:16:33.541126+00:00', NULL, NULL, false, NULL, NULL, false, NULL),
  ('d75c0060-1a0a-4c55-a467-39424bc75d74', 'الورثة', 'Inheritance', 'inheritance', 'توكيل خاص بقسمة التركات وشؤون الورثة', 'Power of attorney for inheritance matters', '👨‍👩‍👧‍👦', 'legal', '1e5b92de-03bf-4669-85db-5e766835f215', 'غير محدد', 'غير محدد', true, 3, '{}'::jsonb, '2025-12-05T11:16:33.541126+00:00', '2025-12-05T11:16:33.541126+00:00', NULL, NULL, false, NULL, NULL, false, NULL),
  ('9f72c08c-eff4-400f-8b61-c0912f3d3dfd', 'امتحانات الشهادة الابتدائية', 'Primary School Exams', 'primary', 'التقديم لامتحانات الشهادة الابتدائية (الصف السادس)', 'Application for primary school examinations', '📕', 'education', 'af1d09cb-7973-4b00-87c6-e453054226c5', 'غير محدد', 'غير محدد', true, 3, '{}'::jsonb, '2025-12-05T11:16:33.541126+00:00', '2025-12-17T19:03:45.321369+00:00', NULL, NULL, false, NULL, NULL, false, NULL),
  ('114bfbc6-c015-40d9-ba18-393e53a59392', 'مراقبة الامتحانات', 'Exam Supervision', 'exam-supervision', 'التقديم للعمل كمراقب في الامتحانات الرسمية', 'Application to work as an exam supervisor', '👁️', 'education', 'af1d09cb-7973-4b00-87c6-e453054226c5', 'غير محدد', 'غير محدد', true, 4, '{}'::jsonb, '2025-12-05T11:16:33.541126+00:00', '2025-12-05T11:16:33.541126+00:00', NULL, NULL, false, NULL, NULL, false, NULL),
  ('58afa461-40bb-4665-9087-ca98067a98ad', 'امتحانات الشهادة المتوسطة', 'Intermediate School Exams', 'intermediate', 'التقديم لامتحانات الشهادة المتوسطة (الصف الثامن)', 'Application for intermediate school examinations', '📖', 'education', 'af1d09cb-7973-4b00-87c6-e453054226c5', 'غير محدد', 'غير محدد', true, 2, '{}'::jsonb, '2025-12-05T11:16:33.541126+00:00', '2025-12-11T08:12:55.573937+00:00', NULL, NULL, false, NULL, NULL, false, NULL),
  ('f4104861-1bab-4a7c-b561-3df15a0c9a04', 'امتحانات الشهادة الثانوية المثاق العلمي', 'Secondary School Exams', 'secondary', 'التقديم لامتحانات الشهادة الثانوية القسم العلمي والأدبي', 'Application for secondary school examinations', '📚', 'education', 'af1d09cb-7973-4b00-87c6-e453054226c5', 'غير محدد', 'غير محدد', true, 1, '{}'::jsonb, '2025-12-05T11:16:33.541126+00:00', '2025-12-18T12:57:02.553275+00:00', NULL, NULL, false, NULL, NULL, false, NULL),
  ('61720128-847c-441a-8041-6c1f2af1fa80', 'شهادة دراسية', 'Educational Certificates', 'educational', 'توكيل لاستلام الشهادات الدراسية والوثائق التعليمية', 'Power of attorney for educational certificates', '🎓', 'legal', '1e5b92de-03bf-4669-85db-5e766835f215', 'غير محدد', 'غير محدد', true, 9, '{}'::jsonb, '2025-12-05T11:16:33.541126+00:00', '2025-12-13T10:11:54.523994+00:00', NULL, NULL, false, NULL, NULL, false, NULL),
  ('37e7b780-a723-4224-9ac8-54aa956cece4', 'عقارات وأراضي', 'Real Estate', 'real-estate', 'توكيل للمعاملات العقارية وبيع وشراء الأراضي', 'Power of attorney for real estate transactions', '🏠', 'legal', '1e5b92de-03bf-4669-85db-5e766835f215', '300', '1-2 يوم عمل', true, 4, '{"process":["تحديد نوع المعاملة العقارية","ملء البيانات المطلوبة","حضور الموكل شخصياً","التوقيع أمام الموظف المختص","ختم وتوثيق التوكيل"],"subcategories":[],"hasSubcategories":false}'::jsonb, '2025-12-05T11:16:33.541126+00:00', '2025-12-08T18:13:36.035426+00:00', NULL, NULL, false, NULL, NULL, false, NULL),
  ('e2699144-f099-4f27-ae88-dc6986885e66', 'امتحانات الشهادة الثانوية ادبي', 'Secondary School Exams', 'Secondary2', 'التقديم لامتحانات الشهادة الثانوية المسار الأدبي', 'Application for secondary school examinations - Literary Track', '📚', 'education', 'af1d09cb-7973-4b00-87c6-e453054226c5', 'غير محدد', 'غير محدد', true, 0, '{}'::jsonb, '2025-12-15T18:23:00.007044+00:00', '2025-12-17T18:57:23.180826+00:00', NULL, NULL, false, NULL, NULL, false, NULL),
  ('49f0e4f1-e55d-43fb-aa03-a3be5c0996d6', 'خدمة خارجية', 'test service', 'TRT', '', '', '', 'other', NULL, '', '', true, 0, '{}'::jsonb, '2025-12-19T09:47:28.416636+00:00', '2025-12-19T09:47:28.416636+00:00', NULL, NULL, false, NULL, NULL, true, 'https://queue.passports.gov.sd/app/first/z2kt13iic/confirm')
ON CONFLICT DO NOTHING;

-- Data for table: service_types
-- Rows: 6

INSERT INTO public.service_types (id, service_id, name_ar, name_en, description_ar, description_en, is_active, config, created_at, updated_at)
VALUES
  ('687d6124-cb81-436f-97ce-8aba3bffef34', '33fccaeb-0984-44b5-b148-f0ecee65c363', 'إقرارات عادية', 'Regular Declarations', 'إقرارات عادية للمعاملات الروتينية', 'Regular declarations for routine transactions', true, '{"icon":"📝","color":"from-blue-500 to-blue-600","bgColor":"bg-blue-100"}'::jsonb, '2025-12-09T17:57:22.042084+00:00', '2025-12-09T17:57:22.042084+00:00'),
  ('c3732a8e-7d9a-4eb8-bb86-8f51e65c0f64', '33fccaeb-0984-44b5-b148-f0ecee65c363', 'إقرارات مشهودة', 'Sworn Declarations', 'إقرارات مشهودة موثقة رسمياً', 'Officially notarized sworn declarations', true, '{"icon":"✍️","color":"from-indigo-500 to-indigo-600","bgColor":"bg-indigo-100"}'::jsonb, '2025-12-09T17:57:22.042084+00:00', '2025-12-09T17:57:22.042084+00:00'),
  ('276a288e-e43d-4d02-8709-0049db1d7b16', '1e5b92de-03bf-4669-85db-5e766835f215', 'الشركات', 'Companies', 'توكيل للمعاملات التجارية وإدارة الشركات', 'POA for business transactions and company management', true, '{"icon":"🏢","slug":"companies-poa","color":"from-indigo-500 to-blue-600","bgColor":"bg-blue-100"}'::jsonb, '2025-12-09T17:57:22.042084+00:00', '2025-12-13T09:57:22.467815+00:00'),
  ('ca9f41d5-0900-4e38-adb5-4df256598660', '1e5b92de-03bf-4669-85db-5e766835f215', 'سيارات', 'Vehicles', 'توكيل خاص بمعاملات السيارات والمركبات', 'POA for vehicle transactions', true, '{"icon":"🚗","slug":"vehicles-poa","color":"from-blue-500 to-cyan-600","bgColor":"bg-cyan-100"}'::jsonb, '2025-12-09T17:57:22.042084+00:00', '2025-12-13T09:57:22.467815+00:00'),
  ('7978ce23-81a1-4fda-aac2-5df1c1108266', '1e5b92de-03bf-4669-85db-5e766835f215', 'شهادات ميلاد', 'Birth Certificates', 'توكيل لاستلام شهادات الميلاد والوثائق المدنية', 'POA for receiving birth certificates', true, '{"icon":"👶","slug":"birth-certificates-poa","color":"from-cyan-500 to-sky-600","bgColor":"bg-sky-100"}'::jsonb, '2025-12-09T17:57:22.042084+00:00', '2025-12-13T09:57:22.467815+00:00'),
  ('1840773f-4b0e-44d1-9a91-7ef43190c4c3', '1e5b92de-03bf-4669-85db-5e766835f215', 'إجراءات الزواج والطلاق', 'Marriage and Divorce', 'توكيل خاص بعقود الزواج والطلاق والمذكورية', 'POA for marriage and divorce procedures', true, '{"icon":"💑","slug":"marriage-divorce-poa","color":"from-pink-500 to-rose-600","bgColor":"bg-pink-100"}'::jsonb, '2025-12-09T17:57:22.042084+00:00', '2025-12-13T09:57:22.467815+00:00')
ON CONFLICT DO NOTHING;

-- Data for table: service_fields
-- Rows: 445

INSERT INTO public.service_fields (id, service_id, service_type_id, step_id, step_title_ar, step_title_en, field_name, field_type, label_ar, label_en, placeholder_ar, placeholder_en, help_text_ar, help_text_en, is_required, validation_rules, options, default_value, order_index, is_active, created_at, updated_at, conditions, field_width, field_height, field_margin, break_line)
VALUES
  ('5805ffb4-38b1-46a3-abcc-5dd477d439b3', '6c90c601-89f0-486d-8ac4-a66a78f2a69c', NULL, 'document-details', 'تفاصيل المستند', 'تفاصيل المستند', 'docTitle', 'text', 'عنوان المستند', 'عنوان المستند', '', '', '', '', true, '{"required":"عنوان المستند مطلوب"}'::jsonb, NULL, NULL, 2, true, '2025-12-05T13:33:12.96237+00:00', '2025-12-13T11:42:57.932532+00:00', NULL, 'full', 'medium', 'normal', false),
  ('1fd6c1bc-83a3-4659-a9e6-e1848d37d8e7', '6c90c601-89f0-486d-8ac4-a66a78f2a69c', NULL, 'document-details', 'تفاصيل المستند', 'تفاصيل المستند', 'docTypeOther', 'text', 'حدد نوع المستند', 'حدد نوع المستند', '', '', '', '', true, '{"required":"نوع المستند مطلوب"}'::jsonb, NULL, NULL, 1, true, '2025-12-05T13:33:12.96237+00:00', '2025-12-13T11:42:57.757562+00:00', NULL, 'full', 'medium', 'normal', false),
  ('0e751db3-2619-4dc1-82b2-20c757e4457f', '6c90c601-89f0-486d-8ac4-a66a78f2a69c', NULL, 'document-details', 'تفاصيل المستند', 'تفاصيل المستند', 'issuingAuthority', 'text', 'جهة الإصدار', 'جهة الإصدار', '', '', '', '', true, '{"required":"جهة الإصدار مطلوبة"}'::jsonb, NULL, NULL, 3, true, '2025-12-05T13:33:12.96237+00:00', '2025-12-13T11:42:58.154514+00:00', NULL, 'full', 'medium', 'normal', false),
  ('34a6ad62-e5a7-4f4a-ad3a-678fbb8cf4ed', '6c90c601-89f0-486d-8ac4-a66a78f2a69c', NULL, 'document-details', 'تفاصيل المستند', 'تفاصيل المستند', 'docType', 'select', 'نوع المستند', 'نوع المستند', '', '', '', '', true, '{"required":"نوع المستند مطلوب"}'::jsonb, '[{"label":"شهادة تعليمية","value":"educational"},{"label":"مستند تجاري","value":"commercial"},{"label":"تقرير طبي","value":"medical"},{"label":"مستند قانوني","value":"legal"},{"label":"مستند شخصي","value":"personal"},{"label":"أخرى","value":"other"}]'::jsonb, NULL, 0, true, '2025-12-05T13:33:12.96237+00:00', '2025-12-13T11:42:57.571496+00:00', NULL, 'full', 'medium', 'normal', false),
  ('a74526e6-60dd-4acb-bd39-73529925af2e', '6c90c601-89f0-486d-8ac4-a66a78f2a69c', NULL, 'document-details', 'تفاصيل المستند', 'تفاصيل المستند', 'issueDate', 'date', 'تاريخ الإصدار', 'تاريخ الإصدار', '', '', '', '', true, '{"required":"تاريخ الإصدار مطلوب"}'::jsonb, NULL, NULL, 4, true, '2025-12-05T13:33:12.96237+00:00', '2025-12-13T11:42:58.330617+00:00', NULL, 'full', 'medium', 'normal', false),
  ('cb389390-db2e-4ca9-a588-90ab96a5e010', 'eccfc9f7-44e5-4dc5-ba6f-0ebf5af2a197', NULL, 'service-details', 'تفاصيل الخدمة', 'تفاصيل الخدمة', 'nationalNumber', 'text', 'الرقم الوطني', 'الرقم الوطني', '', '', 'أدخل الرقم الوطني', 'أدخل الرقم الوطني', true, '{"required":"الرقم الوطني مطلوب"}'::jsonb, NULL, NULL, 26, true, '2025-12-05T13:33:13.719482+00:00', '2025-12-19T08:39:38.845608+00:00', NULL, 'full', 'medium', 'normal', false),
  ('140b57e9-6c11-4b75-a6e1-dc5db1e98e1d', 'eccfc9f7-44e5-4dc5-ba6f-0ebf5af2a197', NULL, 'service-details', 'تفاصيل الخدمة', 'تفاصيل الخدمة', 'nameCorrectionReason', 'textarea', 'وضح أسباب التعديل', 'وضح أسباب التعديل', '', '', '', '', true, '{"required":"أسباب التعديل مطلوبة"}'::jsonb, NULL, NULL, 22, true, '2025-12-05T13:33:13.719482+00:00', '2025-12-19T08:39:38.069156+00:00', NULL, 'full', 'medium', 'normal', false),
  ('00105dd8-810c-4fa6-a953-ffca3d9ac875', 'eccfc9f7-44e5-4dc5-ba6f-0ebf5af2a197', NULL, 'service-details', 'تفاصيل الخدمة', 'تفاصيل الخدمة', 'wrongBirthDate', 'date', 'تاريخ الميلاد الخطأ', 'تاريخ الميلاد الخطأ', '', '', '', '', true, '{"required":"تاريخ الميلاد الخطأ مطلوب"}'::jsonb, NULL, NULL, 23, true, '2025-12-05T13:33:13.719482+00:00', '2025-12-19T08:39:38.295912+00:00', NULL, 'full', 'medium', 'normal', false),
  ('a2b83ff0-ea82-464c-aff2-792a2aebeec8', 'eccfc9f7-44e5-4dc5-ba6f-0ebf5af2a197', NULL, 'service-details', 'تفاصيل الخدمة', 'تفاصيل الخدمة', 'correctedName', 'text', 'الاسم المعدل', 'الاسم المعدل', '', '', '', '', true, '{"required":"الاسم المعدل مطلوب"}'::jsonb, NULL, NULL, 21, true, '2025-12-05T13:33:13.719482+00:00', '2025-12-19T08:39:37.885129+00:00', NULL, 'full', 'medium', 'normal', false),
  ('f1380f52-d23b-4255-8632-bb5c98e20ce2', 'eccfc9f7-44e5-4dc5-ba6f-0ebf5af2a197', NULL, 'service-details', 'تفاصيل الخدمة', 'تفاصيل الخدمة', 'witness2Phone', 'tel', 'رقم هاتف الشاهد الثاني', 'رقم هاتف الشاهد الثاني', '', '', '', '', true, '{"required":"رقم الهاتف مطلوب"}'::jsonb, NULL, NULL, 20, true, '2025-12-05T13:33:13.719482+00:00', '2025-12-19T08:39:37.705745+00:00', NULL, 'full', 'medium', 'normal', false),
  ('cd600e31-b49b-442a-b04a-16c45843891c', 'eccfc9f7-44e5-4dc5-ba6f-0ebf5af2a197', NULL, 'service-details', 'تفاصيل الخدمة', 'تفاصيل الخدمة', 'witness2Relation', 'select', 'صلة القرابة للشاهد الثاني', 'صلة القرابة للشاهد الثاني', '', '', '', '', true, '{"required":"صلة القرابة مطلوبة"}'::jsonb, '[{"label":"عم","value":"uncle_paternal"},{"label":"أخ شقيق","value":"brother"}]'::jsonb, NULL, 19, true, '2025-12-05T13:33:13.719482+00:00', '2025-12-19T08:39:37.51977+00:00', NULL, 'full', 'medium', 'normal', false),
  ('617dba44-9484-4f69-8ecc-83b20207cd49', 'eccfc9f7-44e5-4dc5-ba6f-0ebf5af2a197', NULL, 'service-details', 'تفاصيل الخدمة', 'تفاصيل الخدمة', 'requestingAuthority', 'text', 'الجهة الطالبة للفيش', 'الجهة الطالبة للفيش', '', '', '', '', true, '{"required":"الجهة الطالبة مطلوبة"}'::jsonb, NULL, NULL, 28, true, '2025-12-05T13:33:13.719482+00:00', '2025-12-19T08:39:39.232864+00:00', NULL, 'full', 'medium', 'normal', false),
  ('62e04458-f154-4241-b40d-69b5fa09b643', 'eccfc9f7-44e5-4dc5-ba6f-0ebf5af2a197', NULL, 'service-details', 'تفاصيل الخدمة', 'تفاصيل الخدمة', 'idType', 'radio', 'نوع الخدمة', 'نوع الخدمة', '', '', '', '', true, '{"required":"نوع الخدمة مطلوب"}'::jsonb, '[{"label":"بدل فاقد","value":"replacement","description":"الرقم الوطني بدل فاقد"},{"label":"رقم وطني للأطفال حديثي الولادة حتى 12 سنة","value":"newborn","description":"للأطفال من الولادة حتى 12 سنة"},{"label":"رقم وطني لمن دون سن 12 عام","value":"under12","description":"للأطفال دون 12 عام (حالات خاصة)"},{"label":"تعديل الاسم أو تغييره","value":"name_correction","description":"في حالة الأخطاء"},{"label":"تعديل العمر","value":"age_correction","description":"حالة خاصة - زيادة أو نقصان"}]'::jsonb, NULL, 1, true, '2025-12-05T13:33:13.719482+00:00', '2025-12-19T08:39:25.340114+00:00', NULL, 'full', 'medium', 'normal', false),
  ('cf2d8cd3-2970-44ff-a95e-06009800babf', 'eccfc9f7-44e5-4dc5-ba6f-0ebf5af2a197', NULL, 'service-details', 'تفاصيل الخدمة', 'تفاصيل الخدمة', 'motherFullName', 'text', 'اسم الأم رباعي', 'اسم الأم رباعي', '', '', '', '', true, '{"required":"اسم الأم رباعي مطلوب"}'::jsonb, NULL, NULL, 27, true, '2025-12-05T13:33:13.719482+00:00', '2025-12-19T08:39:39.060849+00:00', NULL, 'full', 'medium', 'normal', false),
  ('abfbabaa-00b3-4e1d-81f8-d22c6acf56fc', 'eccfc9f7-44e5-4dc5-ba6f-0ebf5af2a197', NULL, 'service-details', 'تفاصيل الخدمة', 'تفاصيل الخدمة', 'witness2PassportNumber', 'text', 'رقم جواز الشاهد الثاني', 'رقم جواز الشاهد الثاني', '', '', '', '', true, '{"required":"رقم الجواز مطلوب"}'::jsonb, NULL, NULL, 18, true, '2025-12-05T13:33:13.719482+00:00', '2025-12-19T08:39:37.348772+00:00', NULL, 'full', 'medium', 'normal', false),
  ('ef80ba03-09e1-4ced-9583-b1f920944a84', 'eccfc9f7-44e5-4dc5-ba6f-0ebf5af2a197', NULL, 'service-details', 'تفاصيل الخدمة', 'تفاصيل الخدمة', 'witness2Name', 'text', 'اسم الشاهد الثاني', 'اسم الشاهد الثاني', '', '', '', '', true, '{"required":"اسم الشاهد الثاني مطلوب"}'::jsonb, NULL, NULL, 17, true, '2025-12-05T13:33:13.719482+00:00', '2025-12-19T08:39:37.165907+00:00', NULL, 'full', 'medium', 'normal', false),
  ('baec7c28-05f3-4bee-9317-e20a52f625df', 'eccfc9f7-44e5-4dc5-ba6f-0ebf5af2a197', NULL, 'service-details', 'تفاصيل الخدمة', 'تفاصيل الخدمة', 'witness1Phone', 'tel', 'رقم هاتف الشاهد الأول', 'رقم هاتف الشاهد الأول', '', '', '', '', true, '{"required":"رقم الهاتف مطلوب"}'::jsonb, NULL, NULL, 16, true, '2025-12-05T13:33:13.719482+00:00', '2025-12-19T08:39:36.983433+00:00', NULL, 'full', 'medium', 'normal', false),
  ('12d4d042-c579-4b8d-ac2f-6d8c5d4472c8', 'eccfc9f7-44e5-4dc5-ba6f-0ebf5af2a197', NULL, 'service-details', 'تفاصيل الخدمة', 'تفاصيل الخدمة', 'correctBirthDate', 'date', 'تاريخ الميلاد الصحيح', 'تاريخ الميلاد الصحيح', '', '', '', '', true, '{"required":"تاريخ الميلاد الصحيح مطلوب"}'::jsonb, NULL, NULL, 24, true, '2025-12-05T13:33:13.719482+00:00', '2025-12-19T08:39:38.472759+00:00', NULL, 'full', 'medium', 'normal', false),
  ('454c4399-9992-4b7b-81ed-5bb003ff92ba', 'eccfc9f7-44e5-4dc5-ba6f-0ebf5af2a197', NULL, 'service-details', 'تفاصيل الخدمة', 'تفاصيل الخدمة', 'witness1Relation', 'select', 'صلة القرابة للشاهد الأول', 'صلة القرابة للشاهد الأول', '', '', '', '', true, '{"required":"صلة القرابة مطلوبة"}'::jsonb, '[{"label":"عم","value":"uncle_paternal"},{"label":"أخ شقيق","value":"brother"}]'::jsonb, NULL, 15, true, '2025-12-05T13:33:13.719482+00:00', '2025-12-19T08:39:36.807277+00:00', NULL, 'full', 'medium', 'normal', false),
  ('343b1120-45e6-407c-bdc5-dad042a02015', 'eccfc9f7-44e5-4dc5-ba6f-0ebf5af2a197', NULL, 'service-details', 'تفاصيل الخدمة', 'تفاصيل الخدمة', 'witness1PassportNumber', 'text', 'رقم جواز الشاهد الأول', 'رقم جواز الشاهد الأول', '', '', '', '', true, '{"required":"رقم الجواز مطلوب"}'::jsonb, NULL, NULL, 14, true, '2025-12-05T13:33:13.719482+00:00', '2025-12-19T08:39:36.625433+00:00', NULL, 'full', 'medium', 'normal', false),
  ('3ec780a0-0fee-4ad7-bfc6-579a0a9ee754', 'eccfc9f7-44e5-4dc5-ba6f-0ebf5af2a197', NULL, 'service-details', 'تفاصيل الخدمة', 'تفاصيل الخدمة', 'concernSubject', 'text', 'الموضوع', 'الموضوع', '', '', 'عنوان أو موضوع الإفادة', 'عنوان أو موضوع الإفادة', true, '{"required":"الموضوع مطلوب"}'::jsonb, NULL, NULL, 30, true, '2025-12-05T13:33:13.719482+00:00', '2025-12-19T08:39:40.012567+00:00', NULL, 'full', 'medium', 'normal', false),
  ('80233ef7-fa0a-444a-9452-b04bb7119535', 'eccfc9f7-44e5-4dc5-ba6f-0ebf5af2a197', NULL, 'service-details', 'تفاصيل الخدمة', 'تفاصيل الخدمة', 'witness1Name', 'text', 'اسم الشاهد الأول', 'اسم الشاهد الأول', '', '', '', '', true, '{"required":"اسم الشاهد الأول مطلوب"}'::jsonb, NULL, NULL, 13, true, '2025-12-05T13:33:13.719482+00:00', '2025-12-19T08:39:31.705097+00:00', NULL, 'full', 'medium', 'normal', false),
  ('b5ddb359-7d50-4512-ad95-a272129d3fee', 'eccfc9f7-44e5-4dc5-ba6f-0ebf5af2a197', NULL, 'service-details', 'تفاصيل الخدمة', 'تفاصيل الخدمة', 'fatherAttending', 'radio', 'هل سيحضر الوالد؟', 'هل سيحضر الوالد؟', '', '', '', '', true, '{"required":"يرجى تحديد حضور الوالد"}'::jsonb, '[{"label":"نعم","value":"yes"},{"label":"لا - سيحضر شهود","value":"no"}]'::jsonb, NULL, 12, true, '2025-12-05T13:33:13.719482+00:00', '2025-12-19T08:39:31.267245+00:00', NULL, 'full', 'medium', 'normal', false),
  ('795863fc-6bb7-451d-a27b-d06abe9ddfe5', 'eccfc9f7-44e5-4dc5-ba6f-0ebf5af2a197', NULL, 'service-details', 'تفاصيل الخدمة', 'تفاصيل الخدمة', 'birthRegion', 'text', 'مكان الميلاد - المنطقة', 'مكان الميلاد - المنطقة', '', '', '', '', true, '{"required":"المنطقة مطلوبة"}'::jsonb, NULL, NULL, 9, true, '2025-12-05T13:33:13.719482+00:00', '2025-12-19T08:39:30.695761+00:00', NULL, 'full', 'medium', 'normal', false),
  ('2bf6a5ed-a022-4ffb-a6d9-7f3c34164133', 'eccfc9f7-44e5-4dc5-ba6f-0ebf5af2a197', NULL, 'service-details', 'تفاصيل الخدمة', 'تفاصيل الخدمة', 'birthDate', 'date', 'تاريخ الميلاد', 'تاريخ الميلاد', '', '', '', '', true, '{"required":"تاريخ الميلاد مطلوب"}'::jsonb, NULL, NULL, 4, true, '2025-12-05T13:33:13.719482+00:00', '2025-12-19T08:39:29.502561+00:00', NULL, 'full', 'medium', 'normal', false),
  ('5028d6f5-b91b-4175-add6-0d8151b77ee5', 'eccfc9f7-44e5-4dc5-ba6f-0ebf5af2a197', NULL, 'service-details', 'تفاصيل الخدمة', 'تفاصيل الخدمة', 'nationalId', 'text', 'اكتب الرقم الوطني', 'اكتب الرقم الوطني', '', '', '', '', true, '{"required":"الرقم الوطني مطلوب"}'::jsonb, NULL, NULL, 2, true, '2025-12-05T13:33:13.719482+00:00', '2025-12-19T08:39:29.185154+00:00', NULL, 'full', 'medium', 'normal', false),
  ('c92acb9f-25b5-4ebc-af1e-99e8a04f92d5', 'eccfc9f7-44e5-4dc5-ba6f-0ebf5af2a197', NULL, 'service-details', 'تفاصيل الخدمة', 'تفاصيل الخدمة', 'bloodType', 'select', 'فصيلة الدم', 'فصيلة الدم', '', '', '', '', true, '{"required":"فصيلة الدم مطلوبة"}'::jsonb, '[{"label":"A+","value":"A+"},{"label":"A-","value":"A-"},{"label":"B+","value":"B+"},{"label":"B-","value":"B-"},{"label":"AB+","value":"AB+"},{"label":"AB-","value":"AB-"},{"label":"O+","value":"O+"},{"label":"O-","value":"O-"}]'::jsonb, NULL, 8, true, '2025-12-05T13:33:13.719482+00:00', '2025-12-19T08:39:30.498081+00:00', NULL, 'full', 'medium', 'normal', false),
  ('6381c48c-84f8-4099-a5d8-82e7cbd277b6', 'eccfc9f7-44e5-4dc5-ba6f-0ebf5af2a197', NULL, 'service-details', 'تفاصيل الخدمة', 'تفاصيل الخدمة', 'childFullNameEnglish', 'text', 'Child''s Full Name (Four Parts)', 'Child''s Full Name (Four Parts)', '', '', '', '', true, '{"required":"Child''s full name in English is required"}'::jsonb, NULL, NULL, 7, true, '2025-12-05T13:33:13.719482+00:00', '2025-12-19T08:39:30.302237+00:00', NULL, 'full', 'medium', 'normal', false),
  ('4b6e4990-48a5-47c1-be80-a8ab213e14ae', 'eccfc9f7-44e5-4dc5-ba6f-0ebf5af2a197', NULL, 'service-details', 'تفاصيل الخدمة', 'تفاصيل الخدمة', 'childFullNameArabic', 'text', 'اسم الطفل رباعي', 'اسم الطفل رباعي', '', '', '', '', true, '{"required":"اسم الطفل رباعي مطلوب"}'::jsonb, NULL, NULL, 6, true, '2025-12-05T13:33:13.719482+00:00', '2025-12-19T08:39:30.016053+00:00', NULL, 'full', 'medium', 'normal', false),
  ('78138f12-0a41-4094-923b-64db3757d181', 'eccfc9f7-44e5-4dc5-ba6f-0ebf5af2a197', NULL, 'service-details', 'تفاصيل الخدمة', 'تفاصيل الخدمة', 'childGender', 'radio', 'نوع المولود', 'نوع المولود', '', '', '', '', true, '{"required":"نوع المولود مطلوب"}'::jsonb, '[{"label":"ذكر","value":"male"},{"label":"أنثى","value":"female"}]'::jsonb, NULL, 5, true, '2025-12-05T13:33:13.719482+00:00', '2025-12-19T08:39:29.78129+00:00', NULL, 'full', 'medium', 'normal', false),
  ('20b028d8-bbb9-4632-aaa6-976885104fb2', 'eccfc9f7-44e5-4dc5-ba6f-0ebf5af2a197', NULL, 'service-details', 'تفاصيل الخدمة', 'تفاصيل الخدمة', 'recordType', 'select', 'نوع السجل', 'نوع السجل', '', '', '', '', true, '{"required":"نوع السجل مطلوب"}'::jsonb, '[{"label":"الرقم الوطني","value":"national_id"},{"label":"شهادة حسن السير والسلوك (الفيش)","value":"conduct_certificate"},{"label":"إفادات لمن يهمهم الأمر","value":"towhomitmayconcern"}]'::jsonb, NULL, 0, true, '2025-12-05T13:33:13.719482+00:00', '2025-12-19T08:39:25.137244+00:00', NULL, 'full', 'medium', 'normal', false),
  ('39d39b0b-2453-4fbd-ac8f-7e37875811c4', 'eccfc9f7-44e5-4dc5-ba6f-0ebf5af2a197', NULL, 'service-details', 'تفاصيل الخدمة', 'تفاصيل الخدمة', 'ageCorrectionReason', 'textarea', 'وضح أسباب التعديل', 'وضح أسباب التعديل', '', '', '', '', true, '{"required":"أسباب التعديل مطلوبة"}'::jsonb, NULL, NULL, 25, true, '2025-12-05T13:33:13.719482+00:00', '2025-12-19T08:39:38.654861+00:00', NULL, 'full', 'medium', 'normal', false),
  ('01b515b2-bc2b-4378-9878-717d818e23f2', 'eccfc9f7-44e5-4dc5-ba6f-0ebf5af2a197', NULL, 'service-details', 'تفاصيل الخدمة', 'تفاصيل الخدمة', 'requestExplanation', 'textarea', 'شرح الطلب', 'شرح الطلب', '', '', 'اشرح تفاصيل الطلب والغرض من الإفادة والمعلومات المطلوب إثباتها', 'اشرح تفاصيل الطلب والغرض من الإفادة والمعلومات المطلوب إثباتها', true, '{"required":"شرح الطلب مطلوب"}'::jsonb, NULL, NULL, 32, true, '2025-12-05T13:33:13.719482+00:00', '2025-12-19T08:39:40.440089+00:00', NULL, 'full', 'medium', 'normal', false),
  ('b4fd10bd-4bbb-4d79-9fa1-3e2f33d0eb62', 'eccfc9f7-44e5-4dc5-ba6f-0ebf5af2a197', NULL, 'service-details', 'تفاصيل الخدمة', 'تفاصيل الخدمة', 'civilRegistryData', 'textarea', 'بيانات السجل المدني', 'بيانات السجل المدني', '', '', 'أدخل بياناتك من السجل المدني (الاسم الرباعي، الرقم الوطني، تاريخ الميلاد، مكان الميلاد، إلخ)', 'أدخل بياناتك من السجل المدني (الاسم الرباعي، الرقم الوطني، تاريخ الميلاد، مكان الميلاد، إلخ)', true, '{"required":"بيانات السجل المدني مطلوبة"}'::jsonb, NULL, NULL, 31, true, '2025-12-05T13:33:13.719482+00:00', '2025-12-19T08:39:40.226335+00:00', NULL, 'full', 'medium', 'normal', false),
  ('525b2103-f32c-4ac8-bfd7-a6bc4e7fbdd7', 'eccfc9f7-44e5-4dc5-ba6f-0ebf5af2a197', NULL, 'service-details', 'تفاصيل الخدمة', 'تفاصيل الخدمة', 'requestReason', 'select', 'سبب طلب الفيش', 'سبب طلب الفيش', '', '', '', '', true, '{"required":"سبب الطلب مطلوب"}'::jsonb, '[{"label":"للعمل","value":"work"},{"label":"للدراسة","value":"study"},{"label":"للسفر","value":"travel"},{"label":"للإقامة","value":"residence"},{"label":"للزواج","value":"marriage"},{"label":"للجهات الحكومية","value":"government"},{"label":"أخرى","value":"other"}]'::jsonb, NULL, 29, true, '2025-12-05T13:33:13.719482+00:00', '2025-12-19T08:39:39.827747+00:00', NULL, 'full', 'medium', 'normal', false),
  ('f6c8d582-925c-4c83-a4e7-21187cb01187', 'eccfc9f7-44e5-4dc5-ba6f-0ebf5af2a197', NULL, 'service-details', 'تفاصيل الخدمة', 'تفاصيل الخدمة', 'birthCity', 'text', 'مكان الميلاد - المدينة', 'مكان الميلاد - المدينة', '', '', '', '', true, '{"required":"المدينة مطلوبة"}'::jsonb, NULL, NULL, 10, true, '2025-12-05T13:33:13.719482+00:00', '2025-12-19T08:39:30.879996+00:00', NULL, 'full', 'medium', 'normal', false),
  ('a1fa291a-2e61-4284-868a-2a34592cf0e6', 'eccfc9f7-44e5-4dc5-ba6f-0ebf5af2a197', NULL, 'service-details', 'تفاصيل الخدمة', 'تفاصيل الخدمة', 'birthHospital', 'text', 'مكان الميلاد - المستشفى', 'مكان الميلاد - المستشفى', '', '', '', '', true, '{"required":"المستشفى مطلوب"}'::jsonb, NULL, NULL, 11, true, '2025-12-05T13:33:13.719482+00:00', '2025-12-19T08:39:31.083528+00:00', NULL, 'full', 'medium', 'normal', false),
  ('480f0a3b-a2d3-407b-a9ec-cdb02483d61f', '0194226c-cdbe-4366-8210-cea05f606754', NULL, 'endorsement-details', 'تفاصيل الإفادة', 'تفاصيل الإفادة', 'endorseType', 'select', 'نوع الإفادة', 'نوع الإفادة', '', '', '', '', true, '{"required":"نوع الإفادة مطلوب"}'::jsonb, '[{"label":"إفادة راتب","value":"salary"},{"label":"إفادة عمل","value":"employment"},{"label":"إفادة دراسة","value":"study"},{"label":"حسن سير وسلوك","value":"conduct"},{"label":"إفادة سكن","value":"residence"},{"label":"أخرى","value":"other"}]'::jsonb, NULL, 0, true, '2025-12-05T13:33:15.212504+00:00', '2025-12-05T13:33:15.212504+00:00', NULL, 'full', 'medium', 'normal', false),
  ('10d723aa-83cd-48b6-94e2-b757c84375c7', '0194226c-cdbe-4366-8210-cea05f606754', NULL, 'endorsement-details', 'تفاصيل الإفادة', 'تفاصيل الإفادة', 'purpose', 'textarea', 'الغرض من الإفادة', 'الغرض من الإفادة', '', '', '', '', true, '{"required":"الغرض من الإفادة مطلوب"}'::jsonb, NULL, NULL, 1, true, '2025-12-05T13:33:15.212504+00:00', '2025-12-05T13:33:15.212504+00:00', NULL, 'full', 'medium', 'normal', false),
  ('dba42941-dba9-41df-b208-bfe2a2840cb8', '2ae1ba8e-8d22-4677-9c19-4f1196a7a3bd', NULL, 'applicant-info', 'معلومات المتقدم', 'معلومات المتقدم', 'representativeName', 'text', 'اسم المندوب الرسمي', 'اسم المندوب الرسمي', '', '', '', '', true, '{"required":"اسم المندوب الرسمي مطلوب"}'::jsonb, NULL, NULL, 8, true, '2025-12-05T13:33:15.967347+00:00', '2025-12-08T17:27:19.277852+00:00', '{"field":"applicantType","values":["representative"]}'::jsonb, 'full', 'medium', 'normal', false),
  ('e3f3f6d1-ddf1-4445-b101-51c4aef11a52', '2ae1ba8e-8d22-4677-9c19-4f1196a7a3bd', NULL, 'sudanese-origin-info', 'معلومات الأصول السودانية', 'معلومات الأصول السودانية', 'applicantSudaneseDoc', 'radio', 'هل لديك مستند سوداني؟', 'هل لديك مستند سوداني؟', '', '', '', '', true, '{"required":"يرجى تحديد ما إذا كان لديك مستند سوداني"}'::jsonb, '[{"label":"نعم","value":"yes"},{"label":"لا","value":"no"}]'::jsonb, NULL, 10, true, '2025-12-05T13:33:15.967347+00:00', '2025-12-05T13:33:15.967347+00:00', NULL, 'full', 'medium', 'normal', false),
  ('38ffef20-39fe-4bd7-844b-dba1c025ec5f', '2ae1ba8e-8d22-4677-9c19-4f1196a7a3bd', NULL, 'applicant-info', 'معلومات المتقدم', 'معلومات المتقدم', 'applicantType', 'radio', 'الشخص المقدم للطلب', 'الشخص المقدم للطلب', '', '', '', '', true, '{"required":"يرجى تحديد الشخص المقدم للطلب"}'::jsonb, '[{"label":"صاحب الطلب","value":"self"},{"label":"ولي الأمر","value":"guardian"},{"label":"المندوب الرسمي لجهة العمل","value":"representative"}]'::jsonb, NULL, 5, true, '2025-12-05T13:33:15.967347+00:00', '2025-12-05T13:33:15.967347+00:00', NULL, 'full', 'medium', 'normal', false),
  ('7f953ef2-3051-46e2-8d2c-7761f7c1b7a4', '2ae1ba8e-8d22-4677-9c19-4f1196a7a3bd', NULL, 'visa-details', 'تفاصيل الخدمة', 'تفاصيل الخدمة', 'arrivalDate', 'date', 'تاريخ الوصول المتوقع', 'تاريخ الوصول المتوقع', '', '', '', '', true, '{"required":"تاريخ الوصول مطلوب"}'::jsonb, NULL, NULL, 4, true, '2025-12-05T13:33:15.967347+00:00', '2025-12-05T13:33:15.967347+00:00', NULL, 'full', 'medium', 'normal', false),
  ('a948c69f-5c11-4149-b739-888cfaa67d8f', '2ae1ba8e-8d22-4677-9c19-4f1196a7a3bd', NULL, 'visa-details', 'تفاصيل الخدمة', 'تفاصيل الخدمة', 'nationality', 'searchable-select', 'الجنسية', 'الجنسية', '', '', '', '', true, '{"required":"الجنسية مطلوبة"}'::jsonb, '[{"label":"الولايات المتحدة الأمريكية","value":"usa"},{"label":"المملكة المتحدة","value":"uk"},{"label":"كندا","value":"canada"},{"label":"أستراليا","value":"australia"},{"label":"ألمانيا","value":"germany"},{"label":"فرنسا","value":"france"},{"label":"إيطاليا","value":"italy"},{"label":"إسبانيا","value":"spain"},{"label":"مصر","value":"egypt"},{"label":"الأردن","value":"jordan"},{"label":"الإمارات","value":"uae"},{"label":"الكويت","value":"kuwait"},{"label":"قطر","value":"qatar"},{"label":"البحرين","value":"bahrain"},{"label":"عمان","value":"oman"},{"label":"أخرى","value":"other"}]'::jsonb, NULL, 2, true, '2025-12-05T13:33:15.967347+00:00', '2025-12-05T13:33:15.967347+00:00', NULL, 'full', 'medium', 'normal', false),
  ('c5269e64-1ecc-4f3d-bb9d-febe97df8f1c', '2ae1ba8e-8d22-4677-9c19-4f1196a7a3bd', NULL, 'visa-details', 'تفاصيل الخدمة', 'تفاصيل الخدمة', 'nationalityOther', 'text', 'حدد الجنسية', 'حدد الجنسية', '', '', '', '', true, '{"required":"الجنسية مطلوبة"}'::jsonb, NULL, NULL, 3, true, '2025-12-05T13:33:15.967347+00:00', '2025-12-08T17:27:19.277852+00:00', '{"field":"nationality","values":["other"]}'::jsonb, 'full', 'medium', 'normal', false),
  ('481fb444-6693-4980-960d-4426f83fd60a', '2ae1ba8e-8d22-4677-9c19-4f1196a7a3bd', NULL, 'applicant-info', 'معلومات المتقدم', 'معلومات المتقدم', 'guardianName', 'text', 'اسم ولي الأمر', 'اسم ولي الأمر', '', '', '', '', true, '{"required":"اسم ولي الأمر مطلوب"}'::jsonb, NULL, NULL, 6, true, '2025-12-05T13:33:15.967347+00:00', '2025-12-08T17:27:19.277852+00:00', '{"field":"applicantType","values":["guardian"]}'::jsonb, 'full', 'medium', 'normal', false),
  ('fbc919ba-610d-43af-bd32-1015aba84e27', '2ae1ba8e-8d22-4677-9c19-4f1196a7a3bd', NULL, 'sudanese-origin-info', 'معلومات الأصول السودانية', 'معلومات الأصول السودانية', 'applicantSudaneseDocNumber', 'text', 'رقم المستند السوداني', 'رقم المستند السوداني', '', '', '', '', true, '{"required":"رقم المستند السوداني مطلوب"}'::jsonb, NULL, NULL, 12, true, '2025-12-05T13:33:15.967347+00:00', '2025-12-08T17:27:19.277852+00:00', '{"field":"applicantSudaneseDoc","values":["yes"]}'::jsonb, 'full', 'medium', 'normal', false),
  ('3ac01a81-2bf7-4b90-b55c-e8ef5c376cf0', '2ae1ba8e-8d22-4677-9c19-4f1196a7a3bd', NULL, 'sudanese-origin-info', 'معلومات الأصول السودانية', 'معلومات الأصول السودانية', 'applicantSudaneseDocType', 'select', 'نوع المستند السوداني', 'نوع المستند السوداني', '', '', '', '', true, '{"required":"نوع المستند السوداني مطلوب"}'::jsonb, '[{"label":"جواز سفر سوداني","value":"passport"},{"label":"رقم وطني","value":"national_id"},{"label":"بطاقة شخصية","value":"personal_card"},{"label":"بطاقة أصول سودانية","value":"sudanese_origin_card"}]'::jsonb, NULL, 11, true, '2025-12-05T13:33:15.967347+00:00', '2025-12-08T17:27:19.277852+00:00', '{"field":"applicantSudaneseDoc","values":["yes"]}'::jsonb, 'full', 'medium', 'normal', false),
  ('46a95fd3-20d5-458d-951c-a45701b10ae7', '2ae1ba8e-8d22-4677-9c19-4f1196a7a3bd', NULL, 'applicant-info', 'معلومات المتقدم', 'معلومات المتقدم', 'representativeCompany', 'text', 'جهة العمل الضامنة', 'جهة العمل الضامنة', '', '', '', '', true, '{"required":"جهة العمل الضامنة مطلوبة"}'::jsonb, NULL, NULL, 9, true, '2025-12-05T13:33:15.967347+00:00', '2025-12-08T17:27:19.277852+00:00', '{"field":"applicantType","values":["representative"]}'::jsonb, 'full', 'medium', 'normal', false),
  ('4e4a637c-1ad6-4c6e-9ce8-d9e401ee802f', '2ae1ba8e-8d22-4677-9c19-4f1196a7a3bd', NULL, 'applicant-info', 'معلومات المتقدم', 'معلومات المتقدم', 'guardianRelation', 'select', 'صلة القرابة', 'صلة القرابة', '', '', '', '', true, '{"required":"صلة القرابة مطلوبة"}'::jsonb, '[{"label":"أب","value":"father"},{"label":"أم","value":"mother"},{"label":"أخ","value":"brother"},{"label":"أخت","value":"sister"},{"label":"أخرى","value":"other"}]'::jsonb, NULL, 7, true, '2025-12-05T13:33:15.967347+00:00', '2025-12-08T17:27:19.277852+00:00', '{"field":"applicantType","values":["guardian"]}'::jsonb, 'full', 'medium', 'normal', false),
  ('3a26eed4-cf37-47d5-88ba-1923c301473f', '2ae1ba8e-8d22-4677-9c19-4f1196a7a3bd', NULL, 'business-info', 'معلومات زيارة الأعمال', 'معلومات زيارة الأعمال', 'companyRegistrationNumber', 'text', 'رقم التسجيل بجوازات الأجانب', 'رقم التسجيل بجوازات الأجانب', '', '', '', '', true, '{"required":"رقم التسجيل مطلوب"}'::jsonb, NULL, NULL, 18, true, '2025-12-05T13:33:15.967347+00:00', '2025-12-05T13:33:15.967347+00:00', NULL, 'full', 'medium', 'normal', false),
  ('3df615dc-8d5a-42b2-b72c-7ff6395167f6', '2ae1ba8e-8d22-4677-9c19-4f1196a7a3bd', NULL, 'business-info', 'معلومات زيارة الأعمال', 'معلومات زيارة الأعمال', 'companyName', 'text', 'اسم جهة العمل', 'اسم جهة العمل', '', '', 'يجب أن تكون مسجلة بجوازات الأجانب', 'يجب أن تكون مسجلة بجوازات الأجانب', true, '{"required":"اسم جهة العمل مطلوب"}'::jsonb, NULL, NULL, 17, true, '2025-12-05T13:33:15.967347+00:00', '2025-12-05T13:33:15.967347+00:00', NULL, 'full', 'medium', 'normal', false),
  ('653dd3d5-8d81-4741-bbb5-c48ba212fd91', '2ae1ba8e-8d22-4677-9c19-4f1196a7a3bd', NULL, 'sudanese-origin-info', 'معلومات الأصول السودانية', 'معلومات الأصول السودانية', 'guarantorSudaneseDocNumber', 'text', 'رقم مستند الضامن السوداني', 'رقم مستند الضامن السوداني', '', '', '', '', true, '{"required":"رقم مستند الضامن مطلوب"}'::jsonb, NULL, NULL, 16, true, '2025-12-05T13:33:15.967347+00:00', '2025-12-05T13:33:15.967347+00:00', NULL, 'full', 'medium', 'normal', false),
  ('43933e11-da08-44da-aecf-3706953e11db', '2ae1ba8e-8d22-4677-9c19-4f1196a7a3bd', NULL, 'visa-details', 'تفاصيل الخدمة', 'تفاصيل الخدمة', 'visaType', 'radio', 'نوع التأشيرة', 'نوع التأشيرة', '', '', '', '', true, '{"required":"نوع التأشيرة مطلوب"}'::jsonb, '[{"label":"للأصول السودانية","value":"sudanese_origin","description":"تأشيرة للأصول السودانية"},{"label":"زيارة شخصية","value":"personal_visit","description":"شخصية إعتبارية - قاضي - وزير"},{"label":"زيارة الأعمال","value":"business_visit","description":"للأعمال التجارية"}]'::jsonb, NULL, 0, true, '2025-12-05T13:33:15.967347+00:00', '2025-12-05T13:33:15.967347+00:00', NULL, 'full', 'medium', 'normal', false),
  ('89a05404-29f6-4103-aad2-b00dce04cc8f', '2ae1ba8e-8d22-4677-9c19-4f1196a7a3bd', NULL, 'visa-details', 'تفاصيل الخدمة', 'تفاصيل الخدمة', 'passportExpiry', 'date', 'تاريخ انتهاء الجواز', 'تاريخ انتهاء الجواز', '', '', 'يجب أن يكون صالحاً لمدة 6 أشهر على الأقل', 'يجب أن يكون صالحاً لمدة 6 أشهر على الأقل', true, '{"required":"تاريخ انتهاء الجواز مطلوب"}'::jsonb, NULL, NULL, 1, true, '2025-12-05T13:33:15.967347+00:00', '2025-12-05T13:33:15.967347+00:00', NULL, 'full', 'medium', 'normal', false),
  ('3a612205-0528-43e9-9c43-08b6b3401221', '2ae1ba8e-8d22-4677-9c19-4f1196a7a3bd', NULL, 'sudanese-origin-info', 'معلومات الأصول السودانية', 'معلومات الأصول السودانية', 'guarantorRelation', 'select', 'صلة القرابة بالضامن', 'صلة القرابة بالضامن', '', '', '', '', true, '{"required":"صلة القرابة مطلوبة"}'::jsonb, '[{"label":"أب","value":"father"},{"label":"أم","value":"mother"},{"label":"أخ","value":"brother"},{"label":"أخت","value":"sister"},{"label":"ابن","value":"son"},{"label":"ابنة","value":"daughter"},{"label":"زوجة","value":"wife"}]'::jsonb, NULL, 14, true, '2025-12-05T13:33:15.967347+00:00', '2025-12-05T13:33:15.967347+00:00', NULL, 'full', 'medium', 'normal', false),
  ('bdb72f37-741e-45cc-b9c4-6585dcbdab9a', '2ae1ba8e-8d22-4677-9c19-4f1196a7a3bd', NULL, 'sudanese-origin-info', 'معلومات الأصول السودانية', 'معلومات الأصول السودانية', 'guarantorSudaneseDocType', 'select', 'نوع مستند الضامن السوداني', 'نوع مستند الضامن السوداني', '', '', '', '', true, '{"required":"نوع مستند الضامن مطلوب"}'::jsonb, '[{"label":"جواز سفر سوداني","value":"passport"},{"label":"رقم وطني","value":"national_id"},{"label":"بطاقة شخصية","value":"personal_card"},{"label":"بطاقة أصول سودانية","value":"sudanese_origin_card"}]'::jsonb, NULL, 15, true, '2025-12-05T13:33:15.967347+00:00', '2025-12-05T13:33:15.967347+00:00', NULL, 'full', 'medium', 'normal', false),
  ('4fdf008a-985e-4236-b8f1-05be72b9ad4f', '2ae1ba8e-8d22-4677-9c19-4f1196a7a3bd', NULL, 'sudanese-origin-info', 'معلومات الأصول السودانية', 'معلومات الأصول السودانية', 'guarantorName', 'text', 'اسم الضامن (من الدرجة الأولى)', 'اسم الضامن (من الدرجة الأولى)', '', '', 'أب - أم - أخ - أخت - ابن - ابنة - زوجة', 'أب - أم - أخ - أخت - ابن - ابنة - زوجة', true, '{"required":"اسم الضامن مطلوب"}'::jsonb, NULL, NULL, 13, true, '2025-12-05T13:33:15.967347+00:00', '2025-12-05T13:33:15.967347+00:00', NULL, 'full', 'medium', 'normal', false),
  ('c2dfdba1-2b0b-4f35-936e-ee7fcbb94684', '7be0c226-9ae3-4762-9ff1-944351b5d30d', NULL, 'case-details', 'تفاصيل القضية', 'تفاصيل القضية', 'maritalStatus', 'select', 'الحالة الاجتماعية', 'الحالة الاجتماعية', '', '', '', '', true, '{"required":"الحالة الاجتماعية مطلوبة"}'::jsonb, '[{"label":"عازب/ة","value":"single"},{"label":"متزوج/ة","value":"married"},{"label":"أرمل/ة","value":"widowed"},{"label":"مطلق/ة","value":"divorced"}]'::jsonb, NULL, 4, true, '2025-12-05T13:33:17.073876+00:00', '2025-12-05T13:33:17.073876+00:00', NULL, 'full', 'medium', 'normal', false),
  ('eb8376d7-b330-4277-93b8-b59b09120579', '7be0c226-9ae3-4762-9ff1-944351b5d30d', NULL, 'case-details', 'تفاصيل القضية', 'تفاصيل القضية', 'caseType', 'select', 'نوع الطلب', 'نوع الطلب', '', '', '', '', true, '{"required":"نوع الطلب مطلوب"}'::jsonb, '[{"label":"قضايا قانونية","value":"legal-case"},{"label":"استشارة قانونية","value":"legal-consultation"},{"label":"طلب دعم قانوني","value":"legal-support"},{"label":"خلافات أسرية","value":"family-disputes"},{"label":"مخاطبة الجهات ذات العلاقة الخارجية (جوازات - شرطة - سجون - تعليم - أخرى)","value":"external-relations"},{"label":"مساعدات","value":"aid"},{"label":"أخرى","value":"other"}]'::jsonb, NULL, 5, true, '2025-12-05T13:33:17.073876+00:00', '2025-12-05T13:33:17.073876+00:00', NULL, 'full', 'medium', 'normal', false),
  ('0c739e85-8da9-4e54-8d83-6d016f97a8ea', '7be0c226-9ae3-4762-9ff1-944351b5d30d', NULL, 'case-details', 'تفاصيل القضية', 'تفاصيل القضية', 'visaType', 'select', 'نوع التأشيرة', 'نوع التأشيرة', '', '', '', '', true, '{"required":"نوع التأشيرة مطلوب"}'::jsonb, '[{"label":"مقيم","value":"resident"},{"label":"زيارة","value":"visit"},{"label":"عمرة","value":"umrah"},{"label":"أخرى","value":"other"}]'::jsonb, NULL, 0, true, '2025-12-05T13:33:17.073876+00:00', '2025-12-05T13:33:17.073876+00:00', NULL, 'full', 'medium', 'normal', false),
  ('d3cfaa1a-debb-4a56-9778-fa8204210ec2', '7be0c226-9ae3-4762-9ff1-944351b5d30d', NULL, 'case-details', 'تفاصيل القضية', 'تفاصيل القضية', 'issueDate', 'date', 'تاريخ الإصدار', 'تاريخ الإصدار', '', '', '', '', true, '{"required":"تاريخ الإصدار مطلوب"}'::jsonb, NULL, NULL, 3, true, '2025-12-05T13:33:17.073876+00:00', '2025-12-05T13:33:17.073876+00:00', NULL, 'full', 'medium', 'normal', false),
  ('32f73849-209d-452c-8fc3-03e105bb056d', '7be0c226-9ae3-4762-9ff1-944351b5d30d', NULL, 'case-details', 'تفاصيل القضية', 'تفاصيل القضية', 'iqamaNumber', 'text', 'رقم الإقامة', 'رقم الإقامة', '', '', 'أدخل 10 أرقام', 'أدخل 10 أرقام', true, '{"required":"رقم الإقامة مطلوب"}'::jsonb, NULL, NULL, 1, true, '2025-12-05T13:33:17.073876+00:00', '2025-12-05T13:33:17.073876+00:00', NULL, 'full', 'medium', 'normal', false),
  ('be606fbf-7a77-4da2-a820-c559572228eb', '7be0c226-9ae3-4762-9ff1-944351b5d30d', NULL, 'case-details', 'تفاصيل القضية', 'تفاصيل القضية', 'caseDescription', 'textarea', 'وصف القضية', 'وصف القضية', '', '', '', '', true, '{"required":"وصف القضية مطلوب"}'::jsonb, NULL, NULL, 6, true, '2025-12-05T13:33:17.073876+00:00', '2025-12-05T13:33:17.073876+00:00', NULL, 'full', 'medium', 'normal', false),
  ('78578641-cdb6-47e0-becc-5903bfda1229', '7be0c226-9ae3-4762-9ff1-944351b5d30d', NULL, 'case-details', 'تفاصيل القضية', 'تفاصيل القضية', 'issuePlace', 'text', 'مكان الإصدار', 'مكان الإصدار', '', '', '', '', true, '{"required":"مكان الإصدار مطلوب"}'::jsonb, NULL, NULL, 2, true, '2025-12-05T13:33:17.073876+00:00', '2025-12-05T13:33:17.073876+00:00', NULL, 'full', 'medium', 'normal', false),
  ('647113f4-e34b-4fb4-9889-92d9a2964417', '6b983a72-2fe8-4025-b953-e32c01f40572', NULL, 'bank-info', 'تفاصيل الطلب', 'تفاصيل الطلب', 'accountNumber', 'text', 'رقم الحساب (إن وجد)', 'Account Number (if applicable)', '', '', 'اختياري - في حال كان لديك حساب بالفعل', 'اختياري - في حال كان لديك حساب بالفعل', false, NULL, NULL, NULL, 1, true, '2025-12-05T13:33:17.797456+00:00', '2025-12-18T10:12:38.697022+00:00', NULL, 'full', 'medium', 'normal', false),
  ('7239b21f-c0d6-4988-ad8c-c5eccd33dcde', '6b983a72-2fe8-4025-b953-e32c01f40572', NULL, 'bank-info', 'تفاصيل الطلب', 'تفاصيل الطلب', 'serviceType', 'radio', 'نوع الخدمة المطلوبة', 'نوع الخدمة المطلوبة', '', '', '', '', true, '{"required":"نوع الخدمة مطلوب"}'::jsonb, '[{"label":"تنشيط حساب","value":"activate"},{"label":"تحديث بيانات","value":"update"},{"label":"خدمة تطبيق بنكك","value":"bankak"}]'::jsonb, NULL, 0, true, '2025-12-05T13:33:17.797456+00:00', '2025-12-18T10:12:38.387612+00:00', NULL, 'full', 'medium', 'normal', false),
  ('19897d13-7552-43b5-a700-f917fcdce80b', '7791f359-abc2-4eb3-b0c0-596fe4cd5a2d', NULL, 'witnesses-info', 'الشهود', 'الشهود', 'witness1PassportNumber', 'text', 'رقم جواز السفر', 'رقم جواز السفر', '', '', '', '', true, '{"required":"رقم جواز السفر مطلوب"}'::jsonb, NULL, NULL, 76, true, '2025-12-05T13:33:18.595779+00:00', '2025-12-05T13:33:18.595779+00:00', NULL, 'full', 'medium', 'normal', false),
  ('94e58ef6-8ca1-43cb-b928-ab65d9bdf637', '7791f359-abc2-4eb3-b0c0-596fe4cd5a2d', NULL, 'witnesses-info', 'الشهود', 'الشهود', 'witness1MobileSudan', 'tel', 'رقم الجوال بالسودان', 'رقم الجوال بالسودان', '', '', '', '', false, NULL, NULL, NULL, 80, true, '2025-12-05T13:33:18.595779+00:00', '2025-12-05T13:33:18.595779+00:00', NULL, 'full', 'medium', 'normal', false),
  ('56d93e06-e1f3-46eb-9622-c0001f321177', '7791f359-abc2-4eb3-b0c0-596fe4cd5a2d', NULL, 'bride-info', 'بيانات المخطوبة', 'بيانات المخطوبة', 'brideAddressKSA', 'text', 'العنوان بالسعودية', 'العنوان بالسعودية', '', '', '', '', true, '{"required":"العنوان بالسعودية مطلوب"}'::jsonb, NULL, NULL, 35, true, '2025-12-05T13:33:18.595779+00:00', '2025-12-05T13:33:18.595779+00:00', NULL, 'full', 'medium', 'normal', false),
  ('7bf87cb9-521a-4c10-9571-4d51fca289ee', '7791f359-abc2-4eb3-b0c0-596fe4cd5a2d', NULL, 'acknowledgment', 'الإقرار', 'الإقرار', 'dataAccuracy', 'checkbox', 'أتعهد بصحة جميع البيانات المذكورة أعلاه', 'أتعهد بصحة جميع البيانات المذكورة أعلاه', '', '', '', '', true, '{"required":"يجب تأكيد صحة البيانات"}'::jsonb, NULL, NULL, 141, true, '2025-12-05T13:33:18.595779+00:00', '2025-12-05T13:33:18.595779+00:00', NULL, 'full', 'medium', 'normal', false),
  ('9637c4c9-a6e2-40c6-a297-a0fc85143daf', '7791f359-abc2-4eb3-b0c0-596fe4cd5a2d', NULL, 'acknowledgment', 'الإقرار', 'الإقرار', 'personalAttendance', 'checkbox', 'أقر بأن جميع الأطراف والشهود سيحضرون شخصياً مع جوازات السفر الأصلية', 'أقر بأن جميع الأطراف والشهود سيحضرون شخصياً مع جوازات السفر الأصلية', '', '', '', '', true, '{"required":"يجب الموافقة على الحضور الشخصي"}'::jsonb, NULL, NULL, 140, true, '2025-12-05T13:33:18.595779+00:00', '2025-12-05T13:33:18.595779+00:00', NULL, 'full', 'medium', 'normal', false),
  ('045b3852-0ddf-4d33-8107-b233b302994b', '7791f359-abc2-4eb3-b0c0-596fe4cd5a2d', NULL, 'divorce-witnesses', 'بيانات الشهود', 'بيانات الشهود', 'witness2MobileKSA', 'tel', 'رقم الجوال بالسعودية', 'رقم الجوال بالسعودية', '', '', '', '', true, '{"required":"رقم الجوال بالسعودية مطلوب"}'::jsonb, NULL, NULL, 137, true, '2025-12-05T13:33:18.595779+00:00', '2025-12-05T13:33:18.595779+00:00', NULL, 'full', 'medium', 'normal', false),
  ('7cbbfed5-f2e2-4811-aefa-9db3bcc6bdd6', '7791f359-abc2-4eb3-b0c0-596fe4cd5a2d', NULL, 'divorce-witnesses', 'بيانات الشهود', 'بيانات الشهود', 'witness1AddressSudan', 'text', 'العنوان بالسودان', 'العنوان بالسودان', '', '', '', '', false, NULL, NULL, NULL, 132, true, '2025-12-05T13:33:18.595779+00:00', '2025-12-05T13:33:18.595779+00:00', NULL, 'full', 'medium', 'normal', false),
  ('2f85936e-492d-48b1-b832-72c1476fc5c6', '7791f359-abc2-4eb3-b0c0-596fe4cd5a2d', NULL, 'divorce-witnesses', 'بيانات الشهود', 'بيانات الشهود', 'witness1AddressKSA', 'text', 'العنوان بالسعودية', 'العنوان بالسعودية', '', '', '', '', true, '{"required":"العنوان بالسعودية مطلوب"}'::jsonb, NULL, NULL, 130, true, '2025-12-05T13:33:18.595779+00:00', '2025-12-05T13:33:18.595779+00:00', NULL, 'full', 'medium', 'normal', false),
  ('3c58b99c-e86c-4714-8983-7e50db47792a', '7791f359-abc2-4eb3-b0c0-596fe4cd5a2d', NULL, 'divorce-witnesses', 'بيانات الشهود', 'بيانات الشهود', 'witness1FullName', 'text', 'اسم الشاهد الأول (رباعي)', 'اسم الشاهد الأول (رباعي)', '', '', '', '', true, '{"required":"اسم الشاهد الأول مطلوب"}'::jsonb, NULL, NULL, 128, true, '2025-12-05T13:33:18.595779+00:00', '2025-12-05T13:33:18.595779+00:00', NULL, 'full', 'medium', 'normal', false),
  ('92828f7f-ba18-4634-8802-4406ba6371fd', '7791f359-abc2-4eb3-b0c0-596fe4cd5a2d', NULL, 'wife-info', 'بيانات الزوجة (المطلقة)', 'بيانات الزوجة (المطلقة)', 'wifeMobileSudan', 'tel', 'رقم الجوال بالسودان', 'رقم الجوال بالسودان', '', '', '', '', false, NULL, NULL, NULL, 127, true, '2025-12-05T13:33:18.595779+00:00', '2025-12-05T13:33:18.595779+00:00', NULL, 'full', 'medium', 'normal', false),
  ('7acd1a78-a20c-4ab8-961c-3d95d4e39fc5', '7791f359-abc2-4eb3-b0c0-596fe4cd5a2d', NULL, 'wife-info', 'بيانات الزوجة (المطلقة)', 'بيانات الزوجة (المطلقة)', 'wifeAddressSudan', 'text', 'العنوان بالسودان', 'العنوان بالسودان', '', '', '', '', false, NULL, NULL, NULL, 126, true, '2025-12-05T13:33:18.595779+00:00', '2025-12-05T13:33:18.595779+00:00', NULL, 'full', 'medium', 'normal', false),
  ('11b9f2db-41f6-4b4a-93d1-2017fdd472af', '7791f359-abc2-4eb3-b0c0-596fe4cd5a2d', NULL, 'wife-info', 'بيانات الزوجة (المطلقة)', 'بيانات الزوجة (المطلقة)', 'wifeMobileKSA', 'tel', 'رقم الجوال بالسعودية', 'رقم الجوال بالسعودية', '', '', '', '', true, '{"required":"رقم الجوال بالسعودية مطلوب"}'::jsonb, NULL, NULL, 125, true, '2025-12-05T13:33:18.595779+00:00', '2025-12-05T13:33:18.595779+00:00', NULL, 'full', 'medium', 'normal', false),
  ('32797676-87a9-437b-859c-91ab356522df', '7791f359-abc2-4eb3-b0c0-596fe4cd5a2d', NULL, 'wife-info', 'بيانات الزوجة (المطلقة)', 'بيانات الزوجة (المطلقة)', 'wifeAddressKSA', 'text', 'العنوان بالسعودية', 'العنوان بالسعودية', '', '', '', '', true, '{"required":"العنوان بالسعودية مطلوب"}'::jsonb, NULL, NULL, 124, true, '2025-12-05T13:33:18.595779+00:00', '2025-12-05T13:33:18.595779+00:00', NULL, 'full', 'medium', 'normal', false),
  ('3f5c7e6e-8eff-470e-8172-e8daa2e85b5e', '7791f359-abc2-4eb3-b0c0-596fe4cd5a2d', NULL, 'wife-info', 'بيانات الزوجة (المطلقة)', 'بيانات الزوجة (المطلقة)', 'wifeOccupation', 'text', 'المهنة', 'المهنة', '', '', '', '', true, '{"required":"المهنة مطلوبة"}'::jsonb, NULL, NULL, 123, true, '2025-12-05T13:33:18.595779+00:00', '2025-12-05T13:33:18.595779+00:00', NULL, 'full', 'medium', 'normal', false),
  ('2796122e-3293-4cdb-bd18-2264df45821f', '7791f359-abc2-4eb3-b0c0-596fe4cd5a2d', NULL, 'wife-info', 'بيانات الزوجة (المطلقة)', 'بيانات الزوجة (المطلقة)', 'wifeResidenceNumber', 'text', 'رقم الإقامة', 'رقم الإقامة', '', '', '', '', false, NULL, NULL, NULL, 122, true, '2025-12-05T13:33:18.595779+00:00', '2025-12-05T13:33:18.595779+00:00', NULL, 'full', 'medium', 'normal', false),
  ('1cc32199-597a-4617-b620-55cd1feb1d4b', '7791f359-abc2-4eb3-b0c0-596fe4cd5a2d', NULL, 'wife-info', 'بيانات الزوجة (المطلقة)', 'بيانات الزوجة (المطلقة)', 'wifeResidenceStatus', 'select', 'حالة الإقامة', 'حالة الإقامة', '', '', '', '', true, '{"required":"حالة الإقامة مطلوبة"}'::jsonb, '[{"label":"مقيم","value":"resident"},{"label":"زيارة","value":"visitor"},{"label":"عمرة","value":"umrah"}]'::jsonb, NULL, 121, true, '2025-12-05T13:33:18.595779+00:00', '2025-12-05T13:33:18.595779+00:00', NULL, 'full', 'medium', 'normal', false),
  ('000e255f-a3b9-40a9-992c-2cb3a6ae31c4', '7791f359-abc2-4eb3-b0c0-596fe4cd5a2d', NULL, 'wife-info', 'بيانات الزوجة (المطلقة)', 'بيانات الزوجة (المطلقة)', 'wifePassportIssueDate', 'date', 'تاريخ إصدار الجواز', 'تاريخ إصدار الجواز', '', '', '', '', true, '{"required":"تاريخ إصدار الجواز مطلوب"}'::jsonb, NULL, NULL, 120, true, '2025-12-05T13:33:18.595779+00:00', '2025-12-05T13:33:18.595779+00:00', NULL, 'full', 'medium', 'normal', false),
  ('04dbd721-9b4c-4670-ba3c-8e1da085cd8b', '7791f359-abc2-4eb3-b0c0-596fe4cd5a2d', NULL, 'wife-info', 'بيانات الزوجة (المطلقة)', 'بيانات الزوجة (المطلقة)', 'wifePassportIssuePlace', 'text', 'مكان إصدار الجواز', 'مكان إصدار الجواز', '', '', '', '', true, '{"required":"مكان إصدار الجواز مطلوب"}'::jsonb, NULL, NULL, 119, true, '2025-12-05T13:33:18.595779+00:00', '2025-12-05T13:33:18.595779+00:00', NULL, 'full', 'medium', 'normal', false),
  ('1bdd3f0e-1a11-47c9-89e0-844e42e1bb51', '7791f359-abc2-4eb3-b0c0-596fe4cd5a2d', NULL, 'wife-info', 'بيانات الزوجة (المطلقة)', 'بيانات الزوجة (المطلقة)', 'wifePassportNumber', 'text', 'رقم جواز السفر', 'رقم جواز السفر', '', '', '', '', true, '{"required":"رقم جواز السفر مطلوب"}'::jsonb, NULL, NULL, 118, true, '2025-12-05T13:33:18.595779+00:00', '2025-12-05T13:33:18.595779+00:00', NULL, 'full', 'medium', 'normal', false),
  ('f5f2dd16-dde3-45ef-804b-e1fdc540541d', '7791f359-abc2-4eb3-b0c0-596fe4cd5a2d', NULL, 'bride-info', 'بيانات المخطوبة', 'بيانات المخطوبة', 'brideMobileKSA', 'tel', 'رقم الجوال بالسعودية', 'رقم الجوال بالسعودية', '', '', '', '', true, '{"required":"رقم الجوال بالسعودية مطلوب"}'::jsonb, NULL, NULL, 36, true, '2025-12-05T13:33:18.595779+00:00', '2025-12-05T13:33:18.595779+00:00', NULL, 'full', 'medium', 'normal', false),
  ('aa2a8e45-3caa-474e-9590-2ede468e0df7', '7791f359-abc2-4eb3-b0c0-596fe4cd5a2d', NULL, 'wife-info', 'بيانات الزوجة (المطلقة)', 'بيانات الزوجة (المطلقة)', 'wifeNationalId', 'text', 'الرقم الوطني', 'الرقم الوطني', '', '', '', '', true, '{"required":"الرقم الوطني مطلوب"}'::jsonb, NULL, NULL, 117, true, '2025-12-05T13:33:18.595779+00:00', '2025-12-05T13:33:18.595779+00:00', NULL, 'full', 'medium', 'normal', false),
  ('8bf7c197-1bb2-4e69-afc6-69f30a3d02aa', '7791f359-abc2-4eb3-b0c0-596fe4cd5a2d', NULL, 'wife-info', 'بيانات الزوجة (المطلقة)', 'بيانات الزوجة (المطلقة)', 'wifeBirthDate', 'date', 'تاريخ الميلاد', 'تاريخ الميلاد', '', '', '', '', true, '{"required":"تاريخ الميلاد مطلوب"}'::jsonb, NULL, NULL, 116, true, '2025-12-05T13:33:18.595779+00:00', '2025-12-05T13:33:18.595779+00:00', NULL, 'full', 'medium', 'normal', false),
  ('89cc912e-41dc-4c9e-8109-220903847418', '7791f359-abc2-4eb3-b0c0-596fe4cd5a2d', NULL, 'wife-info', 'بيانات الزوجة (المطلقة)', 'بيانات الزوجة (المطلقة)', 'wifeFullName', 'text', 'اسم الزوجة الكامل (رباعي)', 'اسم الزوجة الكامل (رباعي)', '', '', '', '', true, '{"required":"اسم الزوجة مطلوب"}'::jsonb, NULL, NULL, 115, true, '2025-12-05T13:33:18.595779+00:00', '2025-12-05T13:33:18.595779+00:00', NULL, 'full', 'medium', 'normal', false),
  ('c508562a-401a-4aa0-a698-548dd28dcb9d', '7791f359-abc2-4eb3-b0c0-596fe4cd5a2d', NULL, 'divorce-declaration', 'إقرار الطلاق', 'إقرار الطلاق', 'divorceAcknowledgment', 'checkbox', 'وهذا إقرار مني بذلك', 'وهذا إقرار مني بذلك', '', '', '', '', true, '{"required":"يجب الموافقة على الإقرار"}'::jsonb, NULL, NULL, 114, true, '2025-12-05T13:33:18.595779+00:00', '2025-12-05T13:33:18.595779+00:00', NULL, 'full', 'medium', 'normal', false),
  ('777fbfc5-babd-4587-a172-dd07611737d2', '7791f359-abc2-4eb3-b0c0-596fe4cd5a2d', NULL, 'divorce-declaration', 'إقرار الطلاق', 'إقرار الطلاق', 'divorceDeclarationCheckbox', 'checkbox', 'أقر بكامل قواي العقلية وإرادتي الحرة المعتبرة شرعاً وقانوناً بأنني قد طلقت زوجتي المذكورة أعلاه', 'أقر بكامل قواي العقلية وإرادتي الحرة المعتبرة شرعاً وقانوناً بأنني قد طلقت زوجتي المذكورة أعلاه', '', '', '', '', true, '{"required":"يجب الموافقة على الإقرار"}'::jsonb, NULL, NULL, 113, true, '2025-12-05T13:33:18.595779+00:00', '2025-12-05T13:33:18.595779+00:00', NULL, 'full', 'medium', 'normal', false),
  ('ad76e6d3-1406-45fc-986b-251ddea37c66', '7791f359-abc2-4eb3-b0c0-596fe4cd5a2d', NULL, 'divorce-details', 'بيانات الطلاق', 'بيانات الطلاق', 'divorceReason', 'textarea', 'سبب الطلاق', 'سبب الطلاق', '', '', 'اختياري - يمكنك ذكر سبب الطلاق', 'اختياري - يمكنك ذكر سبب الطلاق', false, NULL, NULL, NULL, 112, true, '2025-12-05T13:33:18.595779+00:00', '2025-12-05T13:33:18.595779+00:00', NULL, 'full', 'medium', 'normal', false),
  ('b58fae67-0dee-40e8-9e6d-06ffdb3e3e3f', '7791f359-abc2-4eb3-b0c0-596fe4cd5a2d', NULL, 'divorce-details', 'بيانات الطلاق', 'بيانات الطلاق', 'divorcePlace', 'text', 'مكان وقوع الطلاق', 'مكان وقوع الطلاق', '', '', '', '', true, '{"required":"مكان وقوع الطلاق مطلوب"}'::jsonb, NULL, NULL, 111, true, '2025-12-05T13:33:18.595779+00:00', '2025-12-05T13:33:18.595779+00:00', NULL, 'full', 'medium', 'normal', false),
  ('c35b385e-4b30-4d6a-9caa-f55d7207740d', '7791f359-abc2-4eb3-b0c0-596fe4cd5a2d', NULL, 'divorce-details', 'بيانات الطلاق', 'بيانات الطلاق', 'divorceDate', 'date', 'تاريخ وقوع الطلاق', 'تاريخ وقوع الطلاق', '', '', '', '', true, '{"required":"تاريخ وقوع الطلاق مطلوب"}'::jsonb, NULL, NULL, 110, true, '2025-12-05T13:33:18.595779+00:00', '2025-12-05T13:33:18.595779+00:00', NULL, 'full', 'medium', 'normal', false),
  ('697aae61-5e59-48a8-bfad-18c8d50da8f0', '7791f359-abc2-4eb3-b0c0-596fe4cd5a2d', NULL, 'divorce-details', 'بيانات الطلاق', 'بيانات الطلاق', 'divorceCount', 'select', 'عدد الطلقات', 'عدد الطلقات', '', '', '', '', true, '{"required":"عدد الطلقات مطلوب"}'::jsonb, '[{"label":"طلقة أولى","value":"first"},{"label":"طلقة ثانية","value":"second"},{"label":"طلقة ثالثة","value":"third"}]'::jsonb, NULL, 109, true, '2025-12-05T13:33:18.595779+00:00', '2025-12-05T13:33:18.595779+00:00', NULL, 'full', 'medium', 'normal', false),
  ('60055817-5f04-42d9-b7ea-0d0ad21979c6', '7791f359-abc2-4eb3-b0c0-596fe4cd5a2d', NULL, 'divorce-details', 'بيانات الطلاق', 'بيانات الطلاق', 'divorceType', 'select', 'نوع الطلاق', 'نوع الطلاق', '', '', '', '', true, '{"required":"نوع الطلاق مطلوب"}'::jsonb, '[{"label":"طلاق رجعي","value":"revocable"},{"label":"طلاق بائن بينونة صغرى","value":"irrevocable_minor"},{"label":"طلاق بائن بينونة كبرى","value":"irrevocable_major"}]'::jsonb, NULL, 108, true, '2025-12-05T13:33:18.595779+00:00', '2025-12-05T13:33:18.595779+00:00', NULL, 'full', 'medium', 'normal', false),
  ('8bb8d0f8-8354-400e-9afd-5b2565075503', '7791f359-abc2-4eb3-b0c0-596fe4cd5a2d', NULL, 'marriage-details', 'بيانات الزواج', 'بيانات الزواج', 'dowryDeferred', 'number', 'المهر المؤخر', 'المهر المؤخر', '', '', '', '', true, '{"required":"المهر المؤخر مطلوب"}'::jsonb, NULL, NULL, 107, true, '2025-12-05T13:33:18.595779+00:00', '2025-12-05T13:33:18.595779+00:00', NULL, 'full', 'medium', 'normal', false),
  ('1a9fb489-8ccb-4a99-8296-be0b65f6fcb9', '7791f359-abc2-4eb3-b0c0-596fe4cd5a2d', NULL, 'marriage-details', 'بيانات الزواج', 'بيانات الزواج', 'dowryPaid', 'number', 'المهر المقبوض', 'المهر المقبوض', '', '', '', '', true, '{"required":"المهر المقبوض مطلوب"}'::jsonb, NULL, NULL, 106, true, '2025-12-05T13:33:18.595779+00:00', '2025-12-05T13:33:18.595779+00:00', NULL, 'full', 'medium', 'normal', false),
  ('888ec308-dad9-4522-81b8-eb41e9acc142', '7791f359-abc2-4eb3-b0c0-596fe4cd5a2d', NULL, 'marriage-details', 'بيانات الزواج', 'بيانات الزواج', 'marriageIssuer', 'text', 'جهة إصدار وثيقة الزواج', 'جهة إصدار وثيقة الزواج', '', '', '', '', true, '{"required":"جهة الإصدار مطلوبة"}'::jsonb, NULL, NULL, 105, true, '2025-12-05T13:33:18.595779+00:00', '2025-12-05T13:33:18.595779+00:00', NULL, 'full', 'medium', 'normal', false)
ON CONFLICT DO NOTHING;

INSERT INTO public.service_fields (id, service_id, service_type_id, step_id, step_title_ar, step_title_en, field_name, field_type, label_ar, label_en, placeholder_ar, placeholder_en, help_text_ar, help_text_en, is_required, validation_rules, options, default_value, order_index, is_active, created_at, updated_at, conditions, field_width, field_height, field_margin, break_line)
VALUES
  ('7977d300-c99b-4b0c-9183-139a952bb64b', '7791f359-abc2-4eb3-b0c0-596fe4cd5a2d', NULL, 'marriage-details', 'بيانات الزواج', 'بيانات الزواج', 'marriagePlace', 'text', 'مكان الزواج', 'مكان الزواج', '', '', '', '', true, '{"required":"مكان الزواج مطلوب"}'::jsonb, NULL, NULL, 104, true, '2025-12-05T13:33:18.595779+00:00', '2025-12-05T13:33:18.595779+00:00', NULL, 'full', 'medium', 'normal', false),
  ('32747530-d5e4-4d61-83f7-01162f4ae9b9', '7791f359-abc2-4eb3-b0c0-596fe4cd5a2d', NULL, 'marriage-details', 'بيانات الزواج', 'بيانات الزواج', 'marriageDate', 'date', 'تاريخ الزواج', 'تاريخ الزواج', '', '', '', '', true, '{"required":"تاريخ الزواج مطلوب"}'::jsonb, NULL, NULL, 103, true, '2025-12-05T13:33:18.595779+00:00', '2025-12-05T13:33:18.595779+00:00', NULL, 'full', 'medium', 'normal', false),
  ('aa6708c3-49cb-4685-9083-9b1266ff1f7a', '7791f359-abc2-4eb3-b0c0-596fe4cd5a2d', NULL, 'marriage-details', 'بيانات الزواج', 'بيانات الزواج', 'marriageCertNumber', 'text', 'رقم وثيقة الزواج', 'رقم وثيقة الزواج', '', '', '', '', true, '{"required":"رقم وثيقة الزواج مطلوب"}'::jsonb, NULL, NULL, 102, true, '2025-12-05T13:33:18.595779+00:00', '2025-12-05T13:33:18.595779+00:00', NULL, 'full', 'medium', 'normal', false),
  ('7cfc741f-b5ac-4533-863e-f13c1a90f20d', '7791f359-abc2-4eb3-b0c0-596fe4cd5a2d', NULL, 'husband-info', 'بيانات الزوج (المطلق)', 'بيانات الزوج (المطلق)', 'husbandMobileSudan', 'tel', 'رقم الجوال بالسودان', 'رقم الجوال بالسودان', '', '', '', '', false, NULL, NULL, NULL, 101, true, '2025-12-05T13:33:18.595779+00:00', '2025-12-05T13:33:18.595779+00:00', NULL, 'full', 'medium', 'normal', false),
  ('cc8de58f-a9ba-4f35-a8f8-0cb3d0c9ea5e', '7791f359-abc2-4eb3-b0c0-596fe4cd5a2d', NULL, 'husband-info', 'بيانات الزوج (المطلق)', 'بيانات الزوج (المطلق)', 'husbandAddressSudan', 'text', 'العنوان بالسودان', 'العنوان بالسودان', '', '', '', '', false, NULL, NULL, NULL, 100, true, '2025-12-05T13:33:18.595779+00:00', '2025-12-05T13:33:18.595779+00:00', NULL, 'full', 'medium', 'normal', false),
  ('a427e5cd-779e-41b5-8b96-55570af9c040', '7791f359-abc2-4eb3-b0c0-596fe4cd5a2d', NULL, 'husband-info', 'بيانات الزوج (المطلق)', 'بيانات الزوج (المطلق)', 'husbandMobileKSA', 'tel', 'رقم الجوال بالسعودية', 'رقم الجوال بالسعودية', '', '', '', '', true, '{"required":"رقم الجوال بالسعودية مطلوب"}'::jsonb, NULL, NULL, 99, true, '2025-12-05T13:33:18.595779+00:00', '2025-12-05T13:33:18.595779+00:00', NULL, 'full', 'medium', 'normal', false),
  ('c6a12823-6adf-468b-a121-fd42a6d13dfc', '7791f359-abc2-4eb3-b0c0-596fe4cd5a2d', NULL, 'husband-info', 'بيانات الزوج (المطلق)', 'بيانات الزوج (المطلق)', 'husbandAddressKSA', 'text', 'العنوان بالسعودية', 'العنوان بالسعودية', '', '', '', '', true, '{"required":"العنوان بالسعودية مطلوب"}'::jsonb, NULL, NULL, 98, true, '2025-12-05T13:33:18.595779+00:00', '2025-12-05T13:33:18.595779+00:00', NULL, 'full', 'medium', 'normal', false),
  ('bc12747d-9f72-4330-a69f-f8d1bc62c922', '7791f359-abc2-4eb3-b0c0-596fe4cd5a2d', NULL, 'husband-info', 'بيانات الزوج (المطلق)', 'بيانات الزوج (المطلق)', 'husbandOccupation', 'text', 'المهنة', 'المهنة', '', '', '', '', true, '{"required":"المهنة مطلوبة"}'::jsonb, NULL, NULL, 97, true, '2025-12-05T13:33:18.595779+00:00', '2025-12-05T13:33:18.595779+00:00', NULL, 'full', 'medium', 'normal', false),
  ('f46a99a4-419b-426d-8a59-9afd2692f766', '7791f359-abc2-4eb3-b0c0-596fe4cd5a2d', NULL, 'husband-info', 'بيانات الزوج (المطلق)', 'بيانات الزوج (المطلق)', 'husbandResidenceNumber', 'text', 'رقم الإقامة', 'رقم الإقامة', '', '', '', '', false, NULL, NULL, NULL, 96, true, '2025-12-05T13:33:18.595779+00:00', '2025-12-05T13:33:18.595779+00:00', NULL, 'full', 'medium', 'normal', false),
  ('b2c032b7-4379-4c3a-ab38-5ac28b12b48e', '7791f359-abc2-4eb3-b0c0-596fe4cd5a2d', NULL, 'husband-info', 'بيانات الزوج (المطلق)', 'بيانات الزوج (المطلق)', 'husbandResidenceStatus', 'select', 'حالة الإقامة', 'حالة الإقامة', '', '', '', '', true, '{"required":"حالة الإقامة مطلوبة"}'::jsonb, '[{"label":"مقيم","value":"resident"},{"label":"زيارة","value":"visitor"},{"label":"عمرة","value":"umrah"}]'::jsonb, NULL, 95, true, '2025-12-05T13:33:18.595779+00:00', '2025-12-05T13:33:18.595779+00:00', NULL, 'full', 'medium', 'normal', false),
  ('0e331fe5-7f98-4f9a-9be3-7204f92f5be2', '7791f359-abc2-4eb3-b0c0-596fe4cd5a2d', NULL, 'husband-info', 'بيانات الزوج (المطلق)', 'بيانات الزوج (المطلق)', 'husbandPassportIssueDate', 'date', 'تاريخ إصدار الجواز', 'تاريخ إصدار الجواز', '', '', '', '', true, '{"required":"تاريخ إصدار الجواز مطلوب"}'::jsonb, NULL, NULL, 94, true, '2025-12-05T13:33:18.595779+00:00', '2025-12-05T13:33:18.595779+00:00', NULL, 'full', 'medium', 'normal', false),
  ('f55ffcc3-ea30-47e8-8688-1d5a0463adf0', '7791f359-abc2-4eb3-b0c0-596fe4cd5a2d', NULL, 'husband-info', 'بيانات الزوج (المطلق)', 'بيانات الزوج (المطلق)', 'husbandPassportIssuePlace', 'text', 'مكان إصدار الجواز', 'مكان إصدار الجواز', '', '', '', '', true, '{"required":"مكان إصدار الجواز مطلوب"}'::jsonb, NULL, NULL, 93, true, '2025-12-05T13:33:18.595779+00:00', '2025-12-05T13:33:18.595779+00:00', NULL, 'full', 'medium', 'normal', false),
  ('1264e3a7-e2a6-44de-8ba9-abb605bdd63f', '7791f359-abc2-4eb3-b0c0-596fe4cd5a2d', NULL, 'husband-info', 'بيانات الزوج (المطلق)', 'بيانات الزوج (المطلق)', 'husbandPassportNumber', 'text', 'رقم جواز السفر', 'رقم جواز السفر', '', '', '', '', true, '{"required":"رقم جواز السفر مطلوب"}'::jsonb, NULL, NULL, 92, true, '2025-12-05T13:33:18.595779+00:00', '2025-12-05T13:33:18.595779+00:00', NULL, 'full', 'medium', 'normal', false),
  ('3d5a6557-4b50-472f-9b95-3792bf8c30cc', '7791f359-abc2-4eb3-b0c0-596fe4cd5a2d', NULL, 'husband-info', 'بيانات الزوج (المطلق)', 'بيانات الزوج (المطلق)', 'husbandNationalId', 'text', 'الرقم الوطني', 'الرقم الوطني', '', '', '', '', true, '{"required":"الرقم الوطني مطلوب"}'::jsonb, NULL, NULL, 91, true, '2025-12-05T13:33:18.595779+00:00', '2025-12-05T13:33:18.595779+00:00', NULL, 'full', 'medium', 'normal', false),
  ('dbda2b92-b129-4efe-82a5-17d5bf008015', '7791f359-abc2-4eb3-b0c0-596fe4cd5a2d', NULL, 'husband-info', 'بيانات الزوج (المطلق)', 'بيانات الزوج (المطلق)', 'husbandBirthDate', 'date', 'تاريخ الميلاد', 'تاريخ الميلاد', '', '', '', '', true, '{"required":"تاريخ الميلاد مطلوب"}'::jsonb, NULL, NULL, 90, true, '2025-12-05T13:33:18.595779+00:00', '2025-12-05T13:33:18.595779+00:00', NULL, 'full', 'medium', 'normal', false),
  ('11b5cc66-f128-4ab9-8554-78325bbd7801', '7791f359-abc2-4eb3-b0c0-596fe4cd5a2d', NULL, 'husband-info', 'بيانات الزوج (المطلق)', 'بيانات الزوج (المطلق)', 'husbandFullName', 'text', 'اسم الزوج الكامل (رباعي)', 'اسم الزوج الكامل (رباعي)', '', '', '', '', true, '{"required":"اسم الزوج مطلوب"}'::jsonb, NULL, NULL, 89, true, '2025-12-05T13:33:18.595779+00:00', '2025-12-05T13:33:18.595779+00:00', NULL, 'full', 'medium', 'normal', false),
  ('f2eb717e-9a11-440d-81ef-142db18f444a', '7791f359-abc2-4eb3-b0c0-596fe4cd5a2d', NULL, 'appointment-info', 'الموعد المقترح لعقد الزواج', 'الموعد المقترح لعقد الزواج', 'proposedAppointmentDate', 'date', 'الموعد المقترح', 'الموعد المقترح', '', '', 'اختر الموعد المناسب لك (من الأحد إلى الخميس)', 'اختر الموعد المناسب لك (من الأحد إلى الخميس)', true, '{"required":"الموعد المقترح مطلوب"}'::jsonb, NULL, NULL, 88, true, '2025-12-05T13:33:18.595779+00:00', '2025-12-05T13:33:18.595779+00:00', NULL, 'full', 'medium', 'normal', false),
  ('03e80a16-8222-452b-bbe5-6ef2fbc491fe', '7791f359-abc2-4eb3-b0c0-596fe4cd5a2d', NULL, 'guardian-agent-info', 'بيانات وكيل (الولي) إن وجد', 'بيانات وكيل (الولي) إن وجد', 'guardianAgentMobileKSA', 'tel', 'رقم الجوال بالسعودية', 'رقم الجوال بالسعودية', '', '', '', '', false, NULL, NULL, NULL, 57, true, '2025-12-05T13:33:18.595779+00:00', '2025-12-05T13:33:18.595779+00:00', NULL, 'full', 'medium', 'normal', false),
  ('115be88c-4460-435d-80e8-d92989913453', '7791f359-abc2-4eb3-b0c0-596fe4cd5a2d', NULL, 'guardian-agent-info', 'بيانات وكيل (الولي) إن وجد', 'بيانات وكيل (الولي) إن وجد', 'guardianAgentAddressSudan', 'text', 'العنوان بالسودان', 'العنوان بالسودان', '', '', '', '', false, NULL, NULL, NULL, 58, true, '2025-12-05T13:33:18.595779+00:00', '2025-12-05T13:33:18.595779+00:00', NULL, 'full', 'medium', 'normal', false),
  ('05967c20-34d9-470b-8ea9-ff7966dd71fb', '7791f359-abc2-4eb3-b0c0-596fe4cd5a2d', NULL, 'guardian-agent-info', 'بيانات وكيل (الولي) إن وجد', 'بيانات وكيل (الولي) إن وجد', 'guardianAgentMobileSudan', 'tel', 'رقم الجوال بالسودان', 'رقم الجوال بالسودان', '', '', '', '', false, NULL, NULL, NULL, 59, true, '2025-12-05T13:33:18.595779+00:00', '2025-12-05T13:33:18.595779+00:00', NULL, 'full', 'medium', 'normal', false),
  ('059d97b2-b4ea-4230-b25b-35f1711ed5ae', '7791f359-abc2-4eb3-b0c0-596fe4cd5a2d', NULL, 'groom-agent-info', 'بيانات وكيل (الزوج) إن وجد', 'بيانات وكيل (الزوج) إن وجد', 'hasGroomAgent', 'radio', 'هل يوجد وكيل للزوج؟', 'هل يوجد وكيل للزوج؟', '', '', '', '', true, '{"required":"هذا الحقل مطلوب"}'::jsonb, '[{"label":"نعم","value":"yes"},{"label":"لا","value":"no"}]'::jsonb, NULL, 60, true, '2025-12-05T13:33:18.595779+00:00', '2025-12-05T13:33:18.595779+00:00', NULL, 'full', 'medium', 'normal', false),
  ('82135fc6-867d-4b01-8097-fbd46f73e379', '7791f359-abc2-4eb3-b0c0-596fe4cd5a2d', NULL, 'groom-agent-info', 'بيانات وكيل (الزوج) إن وجد', 'بيانات وكيل (الزوج) إن وجد', 'groomAgentFullName', 'text', 'اسم الوكيل (رباعي)', 'اسم الوكيل (رباعي)', '', '', '', '', false, NULL, NULL, NULL, 61, true, '2025-12-05T13:33:18.595779+00:00', '2025-12-05T13:33:18.595779+00:00', NULL, 'full', 'medium', 'normal', false),
  ('4e0b926f-17ed-4e89-8145-fb808cd6b0ef', '7791f359-abc2-4eb3-b0c0-596fe4cd5a2d', NULL, 'groom-agent-info', 'بيانات وكيل (الزوج) إن وجد', 'بيانات وكيل (الزوج) إن وجد', 'groomAgentPassportNumber', 'text', 'رقم جواز السفر', 'رقم جواز السفر', '', '', '', '', false, NULL, NULL, NULL, 62, true, '2025-12-05T13:33:18.595779+00:00', '2025-12-05T13:33:18.595779+00:00', NULL, 'full', 'medium', 'normal', false),
  ('6d2e2334-a9a0-4759-b923-ab89e73535ba', '7791f359-abc2-4eb3-b0c0-596fe4cd5a2d', NULL, 'groom-agent-info', 'بيانات وكيل (الزوج) إن وجد', 'بيانات وكيل (الزوج) إن وجد', 'groomAgentPassportIssuePlace', 'text', 'مكان الإصدار', 'مكان الإصدار', '', '', '', '', false, NULL, NULL, NULL, 63, true, '2025-12-05T13:33:18.595779+00:00', '2025-12-05T13:33:18.595779+00:00', NULL, 'full', 'medium', 'normal', false),
  ('6e129419-5f3c-444c-8f0e-0c3cc4dbaa2a', '7791f359-abc2-4eb3-b0c0-596fe4cd5a2d', NULL, 'groom-agent-info', 'بيانات وكيل (الزوج) إن وجد', 'بيانات وكيل (الزوج) إن وجد', 'groomAgentPassportIssueDate', 'date', 'تاريخ الإصدار', 'تاريخ الإصدار', '', '', '', '', false, NULL, NULL, NULL, 64, true, '2025-12-05T13:33:18.595779+00:00', '2025-12-05T13:33:18.595779+00:00', NULL, 'full', 'medium', 'normal', false),
  ('98557b3e-fe67-4417-bf7c-8bd2c0fa2d5e', '7791f359-abc2-4eb3-b0c0-596fe4cd5a2d', NULL, 'groom-agent-info', 'بيانات وكيل (الزوج) إن وجد', 'بيانات وكيل (الزوج) إن وجد', 'groomAgentPoaNumber', 'text', 'رقم التوكيل', 'رقم التوكيل', '', '', '', '', false, NULL, NULL, NULL, 65, true, '2025-12-05T13:33:18.595779+00:00', '2025-12-05T13:33:18.595779+00:00', NULL, 'full', 'medium', 'normal', false),
  ('ca2e3129-7ae3-44f5-97bf-249d829acb98', '7791f359-abc2-4eb3-b0c0-596fe4cd5a2d', NULL, 'groom-agent-info', 'بيانات وكيل (الزوج) إن وجد', 'بيانات وكيل (الزوج) إن وجد', 'groomAgentPoaDate', 'date', 'تاريخ التوكيل', 'تاريخ التوكيل', '', '', '', '', false, NULL, NULL, NULL, 66, true, '2025-12-05T13:33:18.595779+00:00', '2025-12-05T13:33:18.595779+00:00', NULL, 'full', 'medium', 'normal', false),
  ('b972a037-274a-4f87-a500-c791004bd32c', '7791f359-abc2-4eb3-b0c0-596fe4cd5a2d', NULL, 'groom-agent-info', 'بيانات وكيل (الزوج) إن وجد', 'بيانات وكيل (الزوج) إن وجد', 'groomAgentPoaIssuer', 'text', 'جهة إصدار التوكيل', 'جهة إصدار التوكيل', '', '', '', '', false, NULL, NULL, NULL, 67, true, '2025-12-05T13:33:18.595779+00:00', '2025-12-05T13:33:18.595779+00:00', NULL, 'full', 'medium', 'normal', false),
  ('d59241e0-b14a-48e7-9e83-25d5f0805450', '7791f359-abc2-4eb3-b0c0-596fe4cd5a2d', NULL, 'groom-agent-info', 'بيانات وكيل (الزوج) إن وجد', 'بيانات وكيل (الزوج) إن وجد', 'groomAgentAddressKSA', 'text', 'العنوان بالسعودية', 'العنوان بالسعودية', '', '', '', '', false, NULL, NULL, NULL, 68, true, '2025-12-05T13:33:18.595779+00:00', '2025-12-05T13:33:18.595779+00:00', NULL, 'full', 'medium', 'normal', false),
  ('ae84501f-8f6f-409c-83a2-09e6cd090a80', '7791f359-abc2-4eb3-b0c0-596fe4cd5a2d', NULL, 'groom-agent-info', 'بيانات وكيل (الزوج) إن وجد', 'بيانات وكيل (الزوج) إن وجد', 'groomAgentMobileKSA', 'tel', 'رقم الجوال بالسعودية', 'رقم الجوال بالسعودية', '', '', '', '', false, NULL, NULL, NULL, 69, true, '2025-12-05T13:33:18.595779+00:00', '2025-12-05T13:33:18.595779+00:00', NULL, 'full', 'medium', 'normal', false),
  ('7b047c22-e55f-45dc-bba1-21c7b7501467', '7791f359-abc2-4eb3-b0c0-596fe4cd5a2d', NULL, 'groom-agent-info', 'بيانات وكيل (الزوج) إن وجد', 'بيانات وكيل (الزوج) إن وجد', 'groomAgentAddressSudan', 'text', 'العنوان بالسودان', 'العنوان بالسودان', '', '', '', '', false, NULL, NULL, NULL, 70, true, '2025-12-05T13:33:18.595779+00:00', '2025-12-05T13:33:18.595779+00:00', NULL, 'full', 'medium', 'normal', false),
  ('cafb071f-6ee6-456e-8542-bd36c5efac25', '7791f359-abc2-4eb3-b0c0-596fe4cd5a2d', NULL, 'groom-agent-info', 'بيانات وكيل (الزوج) إن وجد', 'بيانات وكيل (الزوج) إن وجد', 'groomAgentMobileSudan', 'tel', 'رقم الجوال بالسودان', 'رقم الجوال بالسودان', '', '', '', '', false, NULL, NULL, NULL, 71, true, '2025-12-05T13:33:18.595779+00:00', '2025-12-05T13:33:18.595779+00:00', NULL, 'full', 'medium', 'normal', false),
  ('54758f32-66a6-422c-9be6-7058b93df452', '7791f359-abc2-4eb3-b0c0-596fe4cd5a2d', NULL, 'dowry-info', 'بيانات الصداق (المهر)', 'بيانات الصداق (المهر)', 'dowryTotal', 'number', 'الصداق', 'الصداق', '', '', 'المبلغ الإجمالي للصداق', 'المبلغ الإجمالي للصداق', true, '{"required":"الصداق مطلوب"}'::jsonb, NULL, NULL, 72, true, '2025-12-05T13:33:18.595779+00:00', '2025-12-05T13:33:18.595779+00:00', NULL, 'full', 'medium', 'normal', false),
  ('2c093b35-40ea-4113-9497-cedca22b23de', '7791f359-abc2-4eb3-b0c0-596fe4cd5a2d', NULL, 'witnesses-info', 'الشهود', 'الشهود', 'witness2FullName', 'text', 'اسم الشاهد الثاني (رباعي)', 'اسم الشاهد الثاني (رباعي)', '', '', '', '', true, '{"required":"اسم الشاهد الثاني مطلوب"}'::jsonb, NULL, NULL, 81, true, '2025-12-05T13:33:18.595779+00:00', '2025-12-05T13:33:18.595779+00:00', NULL, 'full', 'medium', 'normal', false),
  ('3cac9523-a230-465d-89a4-61cc08d5afa0', '7791f359-abc2-4eb3-b0c0-596fe4cd5a2d', NULL, 'witnesses-info', 'الشهود', 'الشهود', 'witness1MobileKSA', 'tel', 'رقم الجوال بالسعودية', 'رقم الجوال بالسعودية', '', '', '', '', true, '{"required":"رقم الجوال بالسعودية مطلوب"}'::jsonb, NULL, NULL, 78, true, '2025-12-05T13:33:18.595779+00:00', '2025-12-05T13:33:18.595779+00:00', NULL, 'full', 'medium', 'normal', false),
  ('e02f7c65-c82f-4bee-940c-b4d174e2a895', '7791f359-abc2-4eb3-b0c0-596fe4cd5a2d', NULL, 'bride-info', 'بيانات المخطوبة', 'بيانات المخطوبة', 'brideAddressSudan', 'text', 'العنوان بالسودان', 'العنوان بالسودان', '', '', '', '', false, NULL, NULL, NULL, 37, true, '2025-12-05T13:33:18.595779+00:00', '2025-12-05T13:33:18.595779+00:00', NULL, 'full', 'medium', 'normal', false),
  ('73b78c0c-4e09-42e5-b5dc-55692ed9f1fd', '7791f359-abc2-4eb3-b0c0-596fe4cd5a2d', NULL, 'appointment-info', 'الموعد المقترح لعقد الزواج', 'الموعد المقترح لعقد الزواج', 'appointmentNote', 'info', 'معلومات الموعد', 'معلومات الموعد', '', '', '', '', false, NULL, NULL, NULL, 87, true, '2025-12-05T13:33:18.595779+00:00', '2025-12-05T13:33:18.595779+00:00', NULL, 'full', 'medium', 'normal', false),
  ('709bdf0d-111d-431c-874e-2fcc4fed59b1', '7791f359-abc2-4eb3-b0c0-596fe4cd5a2d', NULL, 'witnesses-info', 'الشهود', 'الشهود', 'witness2MobileSudan', 'tel', 'رقم الجوال بالسودان', 'رقم الجوال بالسودان', '', '', '', '', false, NULL, NULL, NULL, 86, true, '2025-12-05T13:33:18.595779+00:00', '2025-12-05T13:33:18.595779+00:00', NULL, 'full', 'medium', 'normal', false),
  ('1d648c07-a318-4b8e-8339-59f46272b943', '7791f359-abc2-4eb3-b0c0-596fe4cd5a2d', NULL, 'witnesses-info', 'الشهود', 'الشهود', 'witness2AddressSudan', 'text', 'العنوان بالسودان', 'العنوان بالسودان', '', '', '', '', false, NULL, NULL, NULL, 85, true, '2025-12-05T13:33:18.595779+00:00', '2025-12-05T13:33:18.595779+00:00', NULL, 'full', 'medium', 'normal', false),
  ('215db5da-c1e1-409f-9488-e148535edad3', '7791f359-abc2-4eb3-b0c0-596fe4cd5a2d', NULL, 'witnesses-info', 'الشهود', 'الشهود', 'witness2AddressKSA', 'text', 'العنوان بالسعودية', 'العنوان بالسعودية', '', '', '', '', true, '{"required":"العنوان بالسعودية مطلوب"}'::jsonb, NULL, NULL, 83, true, '2025-12-05T13:33:18.595779+00:00', '2025-12-05T13:33:18.595779+00:00', NULL, 'full', 'medium', 'normal', false),
  ('78ed54c1-f5d1-4c3f-94f8-2f96f9a41acd', '7791f359-abc2-4eb3-b0c0-596fe4cd5a2d', NULL, 'witnesses-info', 'الشهود', 'الشهود', 'witness2PassportNumber', 'text', 'رقم جواز السفر', 'رقم جواز السفر', '', '', '', '', true, '{"required":"رقم جواز السفر مطلوب"}'::jsonb, NULL, NULL, 82, true, '2025-12-05T13:33:18.595779+00:00', '2025-12-05T13:33:18.595779+00:00', NULL, 'full', 'medium', 'normal', false),
  ('0234522b-879d-4e37-b39f-ec90ecbce392', '7791f359-abc2-4eb3-b0c0-596fe4cd5a2d', NULL, 'service-details', 'تفاصيل الخدمة', 'تفاصيل الخدمة', 'serviceType', 'radio', 'نوع الخدمة المطلوبة', 'نوع الخدمة المطلوبة', '', '', '', '', true, '{"required":"نوع الخدمة مطلوب"}'::jsonb, '[{"label":"الزواج","value":"marriage"},{"label":"الطلاق","value":"divorce"}]'::jsonb, NULL, 0, true, '2025-12-05T13:33:18.595779+00:00', '2025-12-05T13:33:18.595779+00:00', NULL, 'full', 'medium', 'normal', false),
  ('63002295-9ab2-4ce2-b8f7-b5672ec3f6be', '7791f359-abc2-4eb3-b0c0-596fe4cd5a2d', NULL, 'groom-info', 'بيانات الخاطب', 'بيانات الخاطب', 'groomFullName', 'text', 'اسم الخاطب (رباعي)', 'اسم الخاطب (رباعي)', '', '', '', '', true, '{"required":"اسم الخاطب مطلوب"}'::jsonb, NULL, NULL, 1, true, '2025-12-05T13:33:18.595779+00:00', '2025-12-05T13:33:18.595779+00:00', NULL, 'full', 'medium', 'normal', false),
  ('bd0a06b4-9798-4f6e-b0bb-f86dfe4c01f5', '7791f359-abc2-4eb3-b0c0-596fe4cd5a2d', NULL, 'groom-info', 'بيانات الخاطب', 'بيانات الخاطب', 'groomBirthDate', 'date', 'تاريخ الميلاد', 'تاريخ الميلاد', '', '', '', '', true, '{"required":"تاريخ الميلاد مطلوب"}'::jsonb, NULL, NULL, 2, true, '2025-12-05T13:33:18.595779+00:00', '2025-12-05T13:33:18.595779+00:00', NULL, 'full', 'medium', 'normal', false),
  ('1c672e36-4186-4f55-99e0-486e5eee6b34', '7791f359-abc2-4eb3-b0c0-596fe4cd5a2d', NULL, 'groom-info', 'بيانات الخاطب', 'بيانات الخاطب', 'groomPassportNumber', 'text', 'رقم جواز السفر', 'رقم جواز السفر', '', '', '', '', true, '{"required":"رقم جواز السفر مطلوب"}'::jsonb, NULL, NULL, 3, true, '2025-12-05T13:33:18.595779+00:00', '2025-12-05T13:33:18.595779+00:00', NULL, 'full', 'medium', 'normal', false),
  ('b9a0ce5f-583e-4095-b511-f71c0fb04239', '7791f359-abc2-4eb3-b0c0-596fe4cd5a2d', NULL, 'groom-info', 'بيانات الخاطب', 'بيانات الخاطب', 'groomPassportIssuePlace', 'text', 'مكان الإصدار', 'مكان الإصدار', '', '', '', '', true, '{"required":"مكان إصدار الجواز مطلوب"}'::jsonb, NULL, NULL, 4, true, '2025-12-05T13:33:18.595779+00:00', '2025-12-05T13:33:18.595779+00:00', NULL, 'full', 'medium', 'normal', false),
  ('c75cfa16-07d0-4b79-8433-002fab02d572', '7791f359-abc2-4eb3-b0c0-596fe4cd5a2d', NULL, 'groom-info', 'بيانات الخاطب', 'بيانات الخاطب', 'groomPassportIssueDate', 'date', 'تاريخ الإصدار', 'تاريخ الإصدار', '', '', '', '', true, '{"required":"تاريخ إصدار الجواز مطلوب"}'::jsonb, NULL, NULL, 5, true, '2025-12-05T13:33:18.595779+00:00', '2025-12-05T13:33:18.595779+00:00', NULL, 'full', 'medium', 'normal', false),
  ('2865bfe2-1bd0-4b57-9169-cbb9391d89c9', '7791f359-abc2-4eb3-b0c0-596fe4cd5a2d', NULL, 'groom-info', 'بيانات الخاطب', 'بيانات الخاطب', 'groomResidenceStatus', 'select', 'حالة الإقامة', 'حالة الإقامة', '', '', '', '', true, '{"required":"حالة الإقامة مطلوبة"}'::jsonb, '[{"label":"مقيم","value":"resident"},{"label":"زيارة","value":"visitor"},{"label":"عمرة","value":"umrah"}]'::jsonb, NULL, 6, true, '2025-12-05T13:33:18.595779+00:00', '2025-12-05T13:33:18.595779+00:00', NULL, 'full', 'medium', 'normal', false),
  ('48e002c2-b124-4b3c-98a6-193f2743742c', '7791f359-abc2-4eb3-b0c0-596fe4cd5a2d', NULL, 'groom-info', 'بيانات الخاطب', 'بيانات الخاطب', 'groomResidenceNumber', 'text', 'رقم الإقامة', 'رقم الإقامة', '', '', '', '', false, NULL, NULL, NULL, 7, true, '2025-12-05T13:33:18.595779+00:00', '2025-12-05T13:33:18.595779+00:00', NULL, 'full', 'medium', 'normal', false),
  ('bd3d6d87-d09d-4531-a447-71c9516a37ba', '7791f359-abc2-4eb3-b0c0-596fe4cd5a2d', NULL, 'groom-info', 'بيانات الخاطب', 'بيانات الخاطب', 'groomOccupation', 'text', 'المهنة', 'المهنة', '', '', '', '', true, '{"required":"المهنة مطلوبة"}'::jsonb, NULL, NULL, 8, true, '2025-12-05T13:33:18.595779+00:00', '2025-12-05T13:33:18.595779+00:00', NULL, 'full', 'medium', 'normal', false),
  ('536bee52-629b-48c6-a1e6-f990a620b6ec', '7791f359-abc2-4eb3-b0c0-596fe4cd5a2d', NULL, 'bride-info', 'بيانات المخطوبة', 'بيانات المخطوبة', 'brideInheritanceDocDate', 'date', 'تاريخ إصدار الإعلام الشرعي', 'تاريخ إصدار الإعلام الشرعي', '', '', '', '', false, NULL, NULL, NULL, 34, true, '2025-12-05T13:33:18.595779+00:00', '2025-12-05T13:33:18.595779+00:00', NULL, 'full', 'medium', 'normal', false),
  ('fc6f1303-2703-4d3b-b6bc-945fd0c54cbc', '7791f359-abc2-4eb3-b0c0-596fe4cd5a2d', NULL, 'groom-info', 'بيانات الخاطب', 'بيانات الخاطب', 'groomMaritalStatus', 'select', 'الحالة الإجتماعية', 'الحالة الإجتماعية', '', '', '', '', true, '{"required":"الحالة الإجتماعية مطلوبة"}'::jsonb, '[{"label":"لم يسبق له الزواج","value":"single"},{"label":"مطلق","value":"divorced"},{"label":"أرمل","value":"widower"},{"label":"معدد","value":"polygamous"}]'::jsonb, NULL, 9, true, '2025-12-05T13:33:18.595779+00:00', '2025-12-05T13:33:18.595779+00:00', NULL, 'full', 'medium', 'normal', false),
  ('ae1eb573-1fa4-4d85-87e1-cdf75d7b9a00', '7791f359-abc2-4eb3-b0c0-596fe4cd5a2d', NULL, 'groom-info', 'بيانات الخاطب', 'بيانات الخاطب', 'groomWivesCount', 'number', 'عدد الزوجات', 'عدد الزوجات', '', '', 'أدخل عدد الزوجات الحاليات', 'أدخل عدد الزوجات الحاليات', false, '{"max":3,"min":1}'::jsonb, NULL, NULL, 10, true, '2025-12-05T13:33:18.595779+00:00', '2025-12-05T13:33:18.595779+00:00', NULL, 'full', 'medium', 'normal', false),
  ('f11c59fd-2196-4c3c-b5fe-49168c3074a9', '7791f359-abc2-4eb3-b0c0-596fe4cd5a2d', NULL, 'groom-info', 'بيانات الخاطب', 'بيانات الخاطب', 'groomAddressKSA', 'text', 'العنوان بالسعودية', 'العنوان بالسعودية', '', '', '', '', true, '{"required":"العنوان بالسعودية مطلوب"}'::jsonb, NULL, NULL, 11, true, '2025-12-05T13:33:18.595779+00:00', '2025-12-05T13:33:18.595779+00:00', NULL, 'full', 'medium', 'normal', false),
  ('25fd44e1-e558-49c5-ab35-b892d4cb98e6', '7791f359-abc2-4eb3-b0c0-596fe4cd5a2d', NULL, 'groom-info', 'بيانات الخاطب', 'بيانات الخاطب', 'groomMobileKSA', 'tel', 'رقم الجوال بالسعودية', 'رقم الجوال بالسعودية', '', '', '', '', true, '{"required":"رقم الجوال بالسعودية مطلوب"}'::jsonb, NULL, NULL, 12, true, '2025-12-05T13:33:18.595779+00:00', '2025-12-05T13:33:18.595779+00:00', NULL, 'full', 'medium', 'normal', false),
  ('d9e80df6-9bfc-43ff-858a-a9acb9f6f9ca', '7791f359-abc2-4eb3-b0c0-596fe4cd5a2d', NULL, 'groom-info', 'بيانات الخاطب', 'بيانات الخاطب', 'groomAddressSudan', 'text', 'العنوان بالسودان', 'العنوان بالسودان', '', '', '', '', false, NULL, NULL, NULL, 13, true, '2025-12-05T13:33:18.595779+00:00', '2025-12-05T13:33:18.595779+00:00', NULL, 'full', 'medium', 'normal', false),
  ('ba2812b8-10df-4191-b2b9-275d699c3162', '7791f359-abc2-4eb3-b0c0-596fe4cd5a2d', NULL, 'groom-info', 'بيانات الخاطب', 'بيانات الخاطب', 'groomMobileSudan', 'tel', 'رقم الجوال بالسودان', 'رقم الجوال بالسودان', '', '', '', '', false, NULL, NULL, NULL, 14, true, '2025-12-05T13:33:18.595779+00:00', '2025-12-05T13:33:18.595779+00:00', NULL, 'full', 'medium', 'normal', false),
  ('8bd6e8f4-5d8b-4bc0-ac9a-221457b742d2', '7791f359-abc2-4eb3-b0c0-596fe4cd5a2d', NULL, 'bride-info', 'بيانات المخطوبة', 'بيانات المخطوبة', 'brideFullName', 'text', 'اسم المخطوبة (رباعي)', 'اسم المخطوبة (رباعي)', '', '', '', '', true, '{"required":"اسم المخطوبة مطلوب"}'::jsonb, NULL, NULL, 15, true, '2025-12-05T13:33:18.595779+00:00', '2025-12-05T13:33:18.595779+00:00', NULL, 'full', 'medium', 'normal', false),
  ('ebebb956-f61d-460c-98a9-ec492a7d3685', '7791f359-abc2-4eb3-b0c0-596fe4cd5a2d', NULL, 'bride-info', 'بيانات المخطوبة', 'بيانات المخطوبة', 'brideBirthDate', 'date', 'تاريخ الميلاد', 'تاريخ الميلاد', '', '', '', '', true, '{"required":"تاريخ الميلاد مطلوب"}'::jsonb, NULL, NULL, 16, true, '2025-12-05T13:33:18.595779+00:00', '2025-12-05T13:33:18.595779+00:00', NULL, 'full', 'medium', 'normal', false),
  ('215523e2-959e-450f-9cc2-4946ea22f675', '7791f359-abc2-4eb3-b0c0-596fe4cd5a2d', NULL, 'bride-info', 'بيانات المخطوبة', 'بيانات المخطوبة', 'bridePassportNumber', 'text', 'رقم جواز السفر', 'رقم جواز السفر', '', '', '', '', true, '{"required":"رقم جواز السفر مطلوب"}'::jsonb, NULL, NULL, 17, true, '2025-12-05T13:33:18.595779+00:00', '2025-12-05T13:33:18.595779+00:00', NULL, 'full', 'medium', 'normal', false),
  ('882767ac-9e6e-45a9-8fef-60925ed12e2a', '7791f359-abc2-4eb3-b0c0-596fe4cd5a2d', NULL, 'bride-info', 'بيانات المخطوبة', 'بيانات المخطوبة', 'bridePassportIssuePlace', 'text', 'مكان الإصدار', 'مكان الإصدار', '', '', '', '', true, '{"required":"مكان إصدار الجواز مطلوب"}'::jsonb, NULL, NULL, 18, true, '2025-12-05T13:33:18.595779+00:00', '2025-12-05T13:33:18.595779+00:00', NULL, 'full', 'medium', 'normal', false),
  ('3bcb1a12-7218-48b9-b24a-131a231e513e', '7791f359-abc2-4eb3-b0c0-596fe4cd5a2d', NULL, 'bride-info', 'بيانات المخطوبة', 'بيانات المخطوبة', 'bridePassportIssueDate', 'date', 'تاريخ الإصدار', 'تاريخ الإصدار', '', '', '', '', true, '{"required":"تاريخ إصدار الجواز مطلوب"}'::jsonb, NULL, NULL, 19, true, '2025-12-05T13:33:18.595779+00:00', '2025-12-05T13:33:18.595779+00:00', NULL, 'full', 'medium', 'normal', false),
  ('f78f4caa-6a92-426e-b706-fab574db417d', '7791f359-abc2-4eb3-b0c0-596fe4cd5a2d', NULL, 'bride-info', 'بيانات المخطوبة', 'بيانات المخطوبة', 'brideResidenceStatus', 'select', 'حالة الإقامة', 'حالة الإقامة', '', '', '', '', true, '{"required":"حالة الإقامة مطلوبة"}'::jsonb, '[{"label":"مقيم","value":"resident"},{"label":"زيارة","value":"visitor"},{"label":"عمرة","value":"umrah"}]'::jsonb, NULL, 20, true, '2025-12-05T13:33:18.595779+00:00', '2025-12-05T13:33:18.595779+00:00', NULL, 'full', 'medium', 'normal', false),
  ('8f8ed325-6631-4fe5-8d38-7fffbc77dda7', '7791f359-abc2-4eb3-b0c0-596fe4cd5a2d', NULL, 'bride-info', 'بيانات المخطوبة', 'بيانات المخطوبة', 'brideResidenceNumber', 'text', 'رقم الإقامة', 'رقم الإقامة', '', '', '', '', false, NULL, NULL, NULL, 21, true, '2025-12-05T13:33:18.595779+00:00', '2025-12-05T13:33:18.595779+00:00', NULL, 'full', 'medium', 'normal', false),
  ('14aedb07-1fe9-4390-81ef-2d236e074b4e', '7791f359-abc2-4eb3-b0c0-596fe4cd5a2d', NULL, 'bride-info', 'بيانات المخطوبة', 'بيانات المخطوبة', 'brideOccupation', 'text', 'المهنة', 'المهنة', '', '', '', '', true, '{"required":"المهنة مطلوبة"}'::jsonb, NULL, NULL, 22, true, '2025-12-05T13:33:18.595779+00:00', '2025-12-05T13:33:18.595779+00:00', NULL, 'full', 'medium', 'normal', false),
  ('c046c152-fdf6-4111-8c19-ca7c4ae3cebe', '7791f359-abc2-4eb3-b0c0-596fe4cd5a2d', NULL, 'bride-info', 'بيانات المخطوبة', 'بيانات المخطوبة', 'brideMaritalStatus', 'select', 'الحالة الإجتماعية', 'الحالة الإجتماعية', '', '', '', '', true, '{"required":"الحالة الإجتماعية مطلوبة"}'::jsonb, '[{"label":"لم يسبق لها الزواج","value":"single"},{"label":"مطلقة","value":"divorced"},{"label":"أرملة","value":"widow"}]'::jsonb, NULL, 23, true, '2025-12-05T13:33:18.595779+00:00', '2025-12-05T13:33:18.595779+00:00', NULL, 'full', 'medium', 'normal', false),
  ('819f674f-bfe1-4937-9129-1bfecfe45583', '7791f359-abc2-4eb3-b0c0-596fe4cd5a2d', NULL, 'bride-info', 'بيانات المخطوبة', 'بيانات المخطوبة', 'brideDivorceDocNumber', 'text', 'رقم وثيقة الطلاق', 'رقم وثيقة الطلاق', '', '', '', '', false, NULL, NULL, NULL, 24, true, '2025-12-05T13:33:18.595779+00:00', '2025-12-05T13:33:18.595779+00:00', NULL, 'full', 'medium', 'normal', false),
  ('ab6bebd5-f1b4-4563-bbc5-b69afb02ef22', '7791f359-abc2-4eb3-b0c0-596fe4cd5a2d', NULL, 'bride-info', 'بيانات المخطوبة', 'بيانات المخطوبة', 'brideDivorceDocIssuer', 'text', 'جهة إصدار وثيقة الطلاق', 'جهة إصدار وثيقة الطلاق', '', '', '', '', false, NULL, NULL, NULL, 25, true, '2025-12-05T13:33:18.595779+00:00', '2025-12-05T13:33:18.595779+00:00', NULL, 'full', 'medium', 'normal', false),
  ('8e66fd92-20bb-4490-be08-aa4eabdf79f9', '7791f359-abc2-4eb3-b0c0-596fe4cd5a2d', NULL, 'bride-info', 'بيانات المخطوبة', 'بيانات المخطوبة', 'brideMarriageCertNumber', 'text', 'رقم وثيقة الزواج', 'رقم وثيقة الزواج', '', '', '', '', false, NULL, NULL, NULL, 26, true, '2025-12-05T13:33:18.595779+00:00', '2025-12-05T13:33:18.595779+00:00', NULL, 'full', 'medium', 'normal', false),
  ('d92e2463-b3b4-4fb4-b7dc-1cfb52012887', '7791f359-abc2-4eb3-b0c0-596fe4cd5a2d', NULL, 'bride-info', 'بيانات المخطوبة', 'بيانات المخطوبة', 'brideMarriageCertPlace', 'text', 'مكان إصدار وثيقة الزواج', 'مكان إصدار وثيقة الزواج', '', '', '', '', false, NULL, NULL, NULL, 27, true, '2025-12-05T13:33:18.595779+00:00', '2025-12-05T13:33:18.595779+00:00', NULL, 'full', 'medium', 'normal', false),
  ('fb1f94cc-304b-4c07-bd52-354c0e8b06ab', '7791f359-abc2-4eb3-b0c0-596fe4cd5a2d', NULL, 'bride-info', 'بيانات المخطوبة', 'بيانات المخطوبة', 'brideMarriageCertDate', 'date', 'تاريخ إصدار وثيقة الزواج', 'تاريخ إصدار وثيقة الزواج', '', '', '', '', false, NULL, NULL, NULL, 28, true, '2025-12-05T13:33:18.595779+00:00', '2025-12-05T13:33:18.595779+00:00', NULL, 'full', 'medium', 'normal', false),
  ('68786994-aa19-4f1a-a70b-dc17577904c3', '7791f359-abc2-4eb3-b0c0-596fe4cd5a2d', NULL, 'bride-info', 'بيانات المخطوبة', 'بيانات المخطوبة', 'brideHusbandDeathCertNumber', 'text', 'رقم شهادة وفاة الزوج', 'رقم شهادة وفاة الزوج', '', '', '', '', false, NULL, NULL, NULL, 29, true, '2025-12-05T13:33:18.595779+00:00', '2025-12-05T13:33:18.595779+00:00', NULL, 'full', 'medium', 'normal', false),
  ('b3226d7c-cf91-4da0-bb55-991ba1e956aa', '7791f359-abc2-4eb3-b0c0-596fe4cd5a2d', NULL, 'bride-info', 'بيانات المخطوبة', 'بيانات المخطوبة', 'brideHusbandDeathCertPlace', 'text', 'مكان إصدار شهادة الوفاة', 'مكان إصدار شهادة الوفاة', '', '', '', '', false, NULL, NULL, NULL, 30, true, '2025-12-05T13:33:18.595779+00:00', '2025-12-05T13:33:18.595779+00:00', NULL, 'full', 'medium', 'normal', false),
  ('8827a9d1-bd2c-4647-90b1-766761862b80', '7791f359-abc2-4eb3-b0c0-596fe4cd5a2d', NULL, 'bride-info', 'بيانات المخطوبة', 'بيانات المخطوبة', 'brideHusbandDeathCertDate', 'date', 'تاريخ إصدار شهادة الوفاة', 'تاريخ إصدار شهادة الوفاة', '', '', '', '', false, NULL, NULL, NULL, 31, true, '2025-12-05T13:33:18.595779+00:00', '2025-12-05T13:33:18.595779+00:00', NULL, 'full', 'medium', 'normal', false),
  ('32b9b9fa-7c5e-4fa0-9883-aa2cde76a29b', '7791f359-abc2-4eb3-b0c0-596fe4cd5a2d', NULL, 'bride-info', 'بيانات المخطوبة', 'بيانات المخطوبة', 'brideInheritanceDocNumber', 'text', 'رقم الإعلام الشرعي للوراثة', 'رقم الإعلام الشرعي للوراثة', '', '', '', '', false, NULL, NULL, NULL, 32, true, '2025-12-05T13:33:18.595779+00:00', '2025-12-05T13:33:18.595779+00:00', NULL, 'full', 'medium', 'normal', false),
  ('495a1a51-8937-4028-8dde-4899808b5d52', '7791f359-abc2-4eb3-b0c0-596fe4cd5a2d', NULL, 'bride-info', 'بيانات المخطوبة', 'بيانات المخطوبة', 'brideInheritanceDocPlace', 'text', 'مكان إصدار الإعلام الشرعي', 'مكان إصدار الإعلام الشرعي', '', '', '', '', false, NULL, NULL, NULL, 33, true, '2025-12-05T13:33:18.595779+00:00', '2025-12-05T13:33:18.595779+00:00', NULL, 'full', 'medium', 'normal', false),
  ('520fe144-b3a2-4894-9ac1-f5a8f339341a', '7791f359-abc2-4eb3-b0c0-596fe4cd5a2d', NULL, 'bride-info', 'بيانات المخطوبة', 'بيانات المخطوبة', 'brideMobileSudan', 'tel', 'رقم الجوال بالسودان', 'رقم الجوال بالسودان', '', '', '', '', false, NULL, NULL, NULL, 38, true, '2025-12-05T13:33:18.595779+00:00', '2025-12-05T13:33:18.595779+00:00', NULL, 'full', 'medium', 'normal', false),
  ('16e1fb7d-be47-462a-b6b8-4d73e606c0c4', '7791f359-abc2-4eb3-b0c0-596fe4cd5a2d', NULL, 'guardian-info', 'بيانات الولي', 'بيانات الولي', 'guardianFullName', 'text', 'اسم الولي (رباعي)', 'اسم الولي (رباعي)', '', '', '', '', true, '{"required":"اسم الولي مطلوب"}'::jsonb, NULL, NULL, 39, true, '2025-12-05T13:33:18.595779+00:00', '2025-12-05T13:33:18.595779+00:00', NULL, 'full', 'medium', 'normal', false),
  ('a5818718-104b-4374-bcb4-6ec58b2b0c55', '7791f359-abc2-4eb3-b0c0-596fe4cd5a2d', NULL, 'guardian-info', 'بيانات الولي', 'بيانات الولي', 'guardianRelationship', 'select', 'صفة الولي', 'صفة الولي', '', '', '', '', true, '{"required":"صفة الولي مطلوبة"}'::jsonb, '[{"label":"أب","value":"father"},{"label":"عم","value":"uncle"},{"label":"أخ","value":"brother"},{"label":"جد","value":"grandfather"},{"label":"أخرى","value":"other"}]'::jsonb, NULL, 40, true, '2025-12-05T13:33:18.595779+00:00', '2025-12-05T13:33:18.595779+00:00', NULL, 'full', 'medium', 'normal', false),
  ('6aab348f-1f1e-4087-b6cf-3d64dbc847b8', '7791f359-abc2-4eb3-b0c0-596fe4cd5a2d', NULL, 'guardian-info', 'بيانات الولي', 'بيانات الولي', 'guardianPassportNumber', 'text', 'رقم جواز السفر', 'رقم جواز السفر', '', '', '', '', true, '{"required":"رقم جواز السفر مطلوب"}'::jsonb, NULL, NULL, 41, true, '2025-12-05T13:33:18.595779+00:00', '2025-12-05T13:33:18.595779+00:00', NULL, 'full', 'medium', 'normal', false),
  ('f736147a-9d77-43c9-9d2c-4ea19a12ee14', '7791f359-abc2-4eb3-b0c0-596fe4cd5a2d', NULL, 'guardian-info', 'بيانات الولي', 'بيانات الولي', 'guardianPassportIssuePlace', 'text', 'مكان الإصدار', 'مكان الإصدار', '', '', '', '', true, '{"required":"مكان إصدار الجواز مطلوب"}'::jsonb, NULL, NULL, 42, true, '2025-12-05T13:33:18.595779+00:00', '2025-12-05T13:33:18.595779+00:00', NULL, 'full', 'medium', 'normal', false),
  ('16db1e49-1080-4ef8-a384-ba981500b0f8', '7791f359-abc2-4eb3-b0c0-596fe4cd5a2d', NULL, 'guardian-info', 'بيانات الولي', 'بيانات الولي', 'guardianPassportIssueDate', 'date', 'تاريخ الإصدار', 'تاريخ الإصدار', '', '', '', '', true, '{"required":"تاريخ إصدار الجواز مطلوب"}'::jsonb, NULL, NULL, 43, true, '2025-12-05T13:33:18.595779+00:00', '2025-12-05T13:33:18.595779+00:00', NULL, 'full', 'medium', 'normal', false),
  ('ab26acfb-e644-4e85-ba3d-5467db0a2c27', '7791f359-abc2-4eb3-b0c0-596fe4cd5a2d', NULL, 'guardian-info', 'بيانات الولي', 'بيانات الولي', 'guardianAddressKSA', 'text', 'العنوان بالسعودية', 'العنوان بالسعودية', '', '', '', '', true, '{"required":"العنوان بالسعودية مطلوب"}'::jsonb, NULL, NULL, 44, true, '2025-12-05T13:33:18.595779+00:00', '2025-12-05T13:33:18.595779+00:00', NULL, 'full', 'medium', 'normal', false),
  ('09ed093d-91e9-4bed-8a9d-049d174bc88c', '7791f359-abc2-4eb3-b0c0-596fe4cd5a2d', NULL, 'guardian-info', 'بيانات الولي', 'بيانات الولي', 'guardianMobileKSA', 'tel', 'رقم الجوال بالسعودية', 'رقم الجوال بالسعودية', '', '', '', '', true, '{"required":"رقم الجوال بالسعودية مطلوب"}'::jsonb, NULL, NULL, 45, true, '2025-12-05T13:33:18.595779+00:00', '2025-12-05T13:33:18.595779+00:00', NULL, 'full', 'medium', 'normal', false),
  ('6cd3ea74-fbe3-4223-af58-272a6e526c81', '7791f359-abc2-4eb3-b0c0-596fe4cd5a2d', NULL, 'guardian-info', 'بيانات الولي', 'بيانات الولي', 'guardianAddressSudan', 'text', 'العنوان بالسودان', 'العنوان بالسودان', '', '', '', '', false, NULL, NULL, NULL, 46, true, '2025-12-05T13:33:18.595779+00:00', '2025-12-05T13:33:18.595779+00:00', NULL, 'full', 'medium', 'normal', false),
  ('f878e3d7-0d07-414c-9b25-76ba9bf0a4ed', '7791f359-abc2-4eb3-b0c0-596fe4cd5a2d', NULL, 'guardian-info', 'بيانات الولي', 'بيانات الولي', 'guardianMobileSudan', 'tel', 'رقم الجوال بالسودان', 'رقم الجوال بالسودان', '', '', '', '', false, NULL, NULL, NULL, 47, true, '2025-12-05T13:33:18.595779+00:00', '2025-12-05T13:33:18.595779+00:00', NULL, 'full', 'medium', 'normal', false),
  ('c94b7a48-1fee-48ff-aebd-115d8baf9796', '7791f359-abc2-4eb3-b0c0-596fe4cd5a2d', NULL, 'guardian-agent-info', 'بيانات وكيل (الولي) إن وجد', 'بيانات وكيل (الولي) إن وجد', 'hasGuardianAgent', 'radio', 'هل يوجد وكيل للولي؟', 'هل يوجد وكيل للولي؟', '', '', '', '', true, '{"required":"هذا الحقل مطلوب"}'::jsonb, '[{"label":"نعم","value":"yes"},{"label":"لا","value":"no"}]'::jsonb, NULL, 48, true, '2025-12-05T13:33:18.595779+00:00', '2025-12-05T13:33:18.595779+00:00', NULL, 'full', 'medium', 'normal', false),
  ('26ae2bcc-2e77-42c1-8972-bf92f6a13c15', '7791f359-abc2-4eb3-b0c0-596fe4cd5a2d', NULL, 'guardian-agent-info', 'بيانات وكيل (الولي) إن وجد', 'بيانات وكيل (الولي) إن وجد', 'guardianAgentFullName', 'text', 'اسم الوكيل (رباعي)', 'اسم الوكيل (رباعي)', '', '', '', '', false, NULL, NULL, NULL, 49, true, '2025-12-05T13:33:18.595779+00:00', '2025-12-05T13:33:18.595779+00:00', NULL, 'full', 'medium', 'normal', false),
  ('12b380cf-693d-43d1-be17-bba54b2a805a', '7791f359-abc2-4eb3-b0c0-596fe4cd5a2d', NULL, 'guardian-agent-info', 'بيانات وكيل (الولي) إن وجد', 'بيانات وكيل (الولي) إن وجد', 'guardianAgentPassportNumber', 'text', 'رقم جواز السفر', 'رقم جواز السفر', '', '', '', '', false, NULL, NULL, NULL, 50, true, '2025-12-05T13:33:18.595779+00:00', '2025-12-05T13:33:18.595779+00:00', NULL, 'full', 'medium', 'normal', false),
  ('e5613e77-7938-4411-8918-97411564b2ea', '7791f359-abc2-4eb3-b0c0-596fe4cd5a2d', NULL, 'guardian-agent-info', 'بيانات وكيل (الولي) إن وجد', 'بيانات وكيل (الولي) إن وجد', 'guardianAgentPassportIssuePlace', 'text', 'مكان الإصدار', 'مكان الإصدار', '', '', '', '', false, NULL, NULL, NULL, 51, true, '2025-12-05T13:33:18.595779+00:00', '2025-12-05T13:33:18.595779+00:00', NULL, 'full', 'medium', 'normal', false),
  ('1a51c079-f946-4ccf-b373-bc4f5713bd91', '7791f359-abc2-4eb3-b0c0-596fe4cd5a2d', NULL, 'guardian-agent-info', 'بيانات وكيل (الولي) إن وجد', 'بيانات وكيل (الولي) إن وجد', 'guardianAgentPassportIssueDate', 'date', 'تاريخ الإصدار', 'تاريخ الإصدار', '', '', '', '', false, NULL, NULL, NULL, 52, true, '2025-12-05T13:33:18.595779+00:00', '2025-12-05T13:33:18.595779+00:00', NULL, 'full', 'medium', 'normal', false),
  ('d695931f-e3a8-4796-be61-31146b65d29b', '7791f359-abc2-4eb3-b0c0-596fe4cd5a2d', NULL, 'guardian-agent-info', 'بيانات وكيل (الولي) إن وجد', 'بيانات وكيل (الولي) إن وجد', 'guardianAgentPoaNumber', 'text', 'رقم التوكيل', 'رقم التوكيل', '', '', '', '', false, NULL, NULL, NULL, 53, true, '2025-12-05T13:33:18.595779+00:00', '2025-12-05T13:33:18.595779+00:00', NULL, 'full', 'medium', 'normal', false),
  ('c78916ec-2584-4e1e-a1b9-6ac264e2b027', '7791f359-abc2-4eb3-b0c0-596fe4cd5a2d', NULL, 'guardian-agent-info', 'بيانات وكيل (الولي) إن وجد', 'بيانات وكيل (الولي) إن وجد', 'guardianAgentPoaDate', 'date', 'تاريخ التوكيل', 'تاريخ التوكيل', '', '', '', '', false, NULL, NULL, NULL, 54, true, '2025-12-05T13:33:18.595779+00:00', '2025-12-05T13:33:18.595779+00:00', NULL, 'full', 'medium', 'normal', false),
  ('259d0777-b62c-4588-9e65-0c0ac01aa7e7', '7791f359-abc2-4eb3-b0c0-596fe4cd5a2d', NULL, 'guardian-agent-info', 'بيانات وكيل (الولي) إن وجد', 'بيانات وكيل (الولي) إن وجد', 'guardianAgentPoaIssuer', 'text', 'جهة إصدار التوكيل', 'جهة إصدار التوكيل', '', '', '', '', false, NULL, NULL, NULL, 55, true, '2025-12-05T13:33:18.595779+00:00', '2025-12-05T13:33:18.595779+00:00', NULL, 'full', 'medium', 'normal', false),
  ('2041472f-4ceb-46ed-b943-cf5efe9d6815', '7791f359-abc2-4eb3-b0c0-596fe4cd5a2d', NULL, 'guardian-agent-info', 'بيانات وكيل (الولي) إن وجد', 'بيانات وكيل (الولي) إن وجد', 'guardianAgentAddressKSA', 'text', 'العنوان بالسعودية', 'العنوان بالسعودية', '', '', '', '', false, NULL, NULL, NULL, 56, true, '2025-12-05T13:33:18.595779+00:00', '2025-12-05T13:33:18.595779+00:00', NULL, 'full', 'medium', 'normal', false),
  ('a7fe2eec-b006-451a-b73c-ba27dfdb8b5a', '4aff3110-abd7-46d3-bb5e-498b5ee0ef85', NULL, 'personal-info', 'المعلومات الشخصية', 'المعلومات الشخصية', 'motherFullName', 'text', 'اسم الأم رباعي', 'اسم الأم رباعي', '', '', '', '', true, '{"required":"اسم الأم رباعي مطلوب"}'::jsonb, NULL, NULL, 1, true, '2025-12-05T13:33:19.316603+00:00', '2025-12-05T13:33:19.316603+00:00', NULL, 'full', 'medium', 'normal', false),
  ('6ca242ff-c696-43db-81c9-6d2b0133d129', '4aff3110-abd7-46d3-bb5e-498b5ee0ef85', NULL, 'personal-info', 'المعلومات الشخصية', 'المعلومات الشخصية', 'requestingAuthority', 'text', 'الجهة الطالبة للفيش', 'الجهة الطالبة للفيش', '', '', '', '', true, '{"required":"الجهة الطالبة مطلوبة"}'::jsonb, NULL, NULL, 2, true, '2025-12-05T13:33:19.316603+00:00', '2025-12-05T13:33:19.316603+00:00', NULL, 'full', 'medium', 'normal', false),
  ('897fe02a-6859-4bff-9c12-f67d530a0da4', '4aff3110-abd7-46d3-bb5e-498b5ee0ef85', NULL, 'personal-info', 'المعلومات الشخصية', 'المعلومات الشخصية', 'nationalNumber', 'text', 'الرقم الوطني', 'الرقم الوطني', '', '', 'أدخل الرقم الوطني', 'أدخل الرقم الوطني', true, '{"required":"الرقم الوطني مطلوب"}'::jsonb, NULL, NULL, 0, true, '2025-12-05T13:33:19.316603+00:00', '2025-12-05T13:33:19.316603+00:00', NULL, 'full', 'medium', 'normal', false),
  ('779b3b90-10af-446f-a1c3-ec29303b7b4b', '4aff3110-abd7-46d3-bb5e-498b5ee0ef85', NULL, 'personal-info', 'المعلومات الشخصية', 'المعلومات الشخصية', 'requestReason', 'select', 'سبب طلب الفيش', 'سبب طلب الفيش', '', '', '', '', true, '{"required":"سبب الطلب مطلوب"}'::jsonb, '[{"label":"للعمل","value":"work"},{"label":"للدراسة","value":"study"},{"label":"للسفر","value":"travel"},{"label":"للإقامة","value":"residence"},{"label":"للزواج","value":"marriage"},{"label":"للجهات الحكومية","value":"government"},{"label":"أخرى","value":"other"}]'::jsonb, NULL, 3, true, '2025-12-05T13:33:19.316603+00:00', '2025-12-05T13:33:19.316603+00:00', NULL, 'full', 'medium', 'normal', false),
  ('228105b0-977f-4c88-b6c2-4d35313fbb3f', '6a205b23-657b-4f02-b5f5-18fe106598ed', NULL, 'deceased-info', 'تفاصيل الخدمة', 'تفاصيل الخدمة', 'nearestRelativeRelation', 'select', 'صلة القرابة بالمتوفى', 'صلة القرابة بالمتوفى', '', '', '', '', true, '{"required":"صلة القرابة مطلوبة"}'::jsonb, '[{"label":"الأب","value":"father"},{"label":"الأم","value":"mother"},{"label":"الابن","value":"son"},{"label":"الابنة","value":"daughter"},{"label":"الأخ","value":"brother"},{"label":"الأخت","value":"sister"},{"label":"الزوج","value":"husband"},{"label":"الزوجة","value":"wife"},{"label":"أخرى","value":"other"}]'::jsonb, NULL, 6, true, '2025-12-05T13:33:20.060764+00:00', '2025-12-05T13:33:20.060764+00:00', NULL, 'full', 'medium', 'normal', false)
ON CONFLICT DO NOTHING;

INSERT INTO public.service_fields (id, service_id, service_type_id, step_id, step_title_ar, step_title_en, field_name, field_type, label_ar, label_en, placeholder_ar, placeholder_en, help_text_ar, help_text_en, is_required, validation_rules, options, default_value, order_index, is_active, created_at, updated_at, conditions, field_width, field_height, field_margin, break_line)
VALUES
  ('6c53e521-8bb1-4324-814e-fac247fbe6fb', '6a205b23-657b-4f02-b5f5-18fe106598ed', NULL, 'deceased-info', 'تفاصيل الخدمة', 'تفاصيل الخدمة', 'phoneNumber', 'tel', 'رقم الهــــــاتـف', 'رقم الهــــــاتـف', '', '', '', '', true, '{"required":"رقم الهاتف مطلوب"}'::jsonb, NULL, NULL, 7, true, '2025-12-05T13:33:20.060764+00:00', '2025-12-05T13:33:20.060764+00:00', NULL, 'full', 'medium', 'normal', false),
  ('5c8bfa56-3a72-4557-86c1-2b14b349fea2', '6a205b23-657b-4f02-b5f5-18fe106598ed', NULL, 'deceased-info', 'تفاصيل الخدمة', 'تفاصيل الخدمة', 'kingdomAddress', 'text', 'العنوان بالمملكة', 'العنوان بالمملكة', '', '', '', '', true, '{"required":"العنوان بالمملكة مطلوب"}'::jsonb, NULL, NULL, 8, true, '2025-12-05T13:33:20.060764+00:00', '2025-12-05T13:33:20.060764+00:00', NULL, 'full', 'medium', 'normal', false),
  ('bc0ffe4d-341b-485f-8dc9-b34e4eed742e', '6a205b23-657b-4f02-b5f5-18fe106598ed', NULL, 'deceased-info', 'تفاصيل الخدمة', 'تفاصيل الخدمة', 'sudanAddress', 'text', 'العنوان بالسودان', 'العنوان بالسودان', '', '', '', '', true, '{"required":"العنوان بالسودان مطلوب"}'::jsonb, NULL, NULL, 9, true, '2025-12-05T13:33:20.060764+00:00', '2025-12-05T13:33:20.060764+00:00', NULL, 'full', 'medium', 'normal', false),
  ('1ff8a8f6-1795-4ef2-8033-31cf2d8460d3', '6a205b23-657b-4f02-b5f5-18fe106598ed', NULL, 'deceased-info', 'تفاصيل الخدمة', 'تفاصيل الخدمة', 'deceasedPassportOrResidence', 'text', 'رقم الجواز أو الإقامة للمتوفى', 'رقم الجواز أو الإقامة للمتوفى', '', '', '', '', true, '{"required":"رقم الجواز أو الإقامة مطلوب"}'::jsonb, NULL, NULL, 2, true, '2025-12-05T13:33:20.060764+00:00', '2025-12-05T13:33:20.060764+00:00', NULL, 'full', 'medium', 'normal', false),
  ('2c69ae5e-fbc3-4149-9741-a5867ce2259e', '6a205b23-657b-4f02-b5f5-18fe106598ed', NULL, 'deceased-info', 'تفاصيل الخدمة', 'تفاصيل الخدمة', 'deceasedAge', 'number', 'العمر', 'العمر', '', '', '', '', true, '{"required":"العمر مطلوب"}'::jsonb, NULL, NULL, 3, true, '2025-12-05T13:33:20.060764+00:00', '2025-12-05T13:33:20.060764+00:00', NULL, 'full', 'medium', 'normal', false),
  ('d760c545-1c06-4af9-8e01-bbc79ee50d0c', '6a205b23-657b-4f02-b5f5-18fe106598ed', NULL, 'deceased-info', 'تفاصيل الخدمة', 'تفاصيل الخدمة', 'deathType', 'radio', 'نوع الوفاة', 'نوع الوفاة', '', '', '', '', true, '{"required":"نوع الوفاة مطلوب"}'::jsonb, '[{"label":"طبيعية","value":"natural"},{"label":"حادث مروري","value":"accident"},{"label":"الحالات الجنائية أو الشبه جنائية","value":"criminal"}]'::jsonb, NULL, 4, true, '2025-12-05T13:33:20.060764+00:00', '2025-12-05T13:33:20.060764+00:00', NULL, 'full', 'medium', 'normal', false),
  ('ae8621c3-5f9d-41da-9c16-3fe36795da16', '6a205b23-657b-4f02-b5f5-18fe106598ed', NULL, 'deceased-info', 'تفاصيل الخدمة', 'تفاصيل الخدمة', 'nearestRelativeName', 'text', 'اسم أقرب الأقربين للمتوفى (الشخص المكلف بتكملة الإجراءات لستر الجثمان)', 'اسم أقرب الأقربين للمتوفى (الشخص المكلف بتكملة الإجراءات لستر الجثمان)', '', '', '', '', true, '{"required":"اسم أقرب الأقربين مطلوب"}'::jsonb, NULL, NULL, 5, true, '2025-12-05T13:33:20.060764+00:00', '2025-12-05T13:33:20.060764+00:00', NULL, 'full', 'medium', 'normal', false),
  ('9132dbec-03d4-435b-9ae5-4c20c9ee5818', '6a205b23-657b-4f02-b5f5-18fe106598ed', NULL, 'deceased-info', 'تفاصيل الخدمة', 'تفاصيل الخدمة', 'deceasedGender', 'radio', 'النوع', 'النوع', '', '', '', '', true, '{"required":"النوع مطلوب"}'::jsonb, '[{"label":"ذكر","value":"male"},{"label":"أنثى","value":"female"}]'::jsonb, NULL, 0, true, '2025-12-05T13:33:20.060764+00:00', '2025-12-05T13:33:20.060764+00:00', NULL, 'full', 'medium', 'normal', false),
  ('ee0c9a8e-ed3d-4306-92cd-f12d6fbe11e3', '6a205b23-657b-4f02-b5f5-18fe106598ed', NULL, 'deceased-info', 'تفاصيل الخدمة', 'تفاصيل الخدمة', 'deceasedName', 'text', 'اسم المتوفى', 'اسم المتوفى', '', '', '', '', true, '{"required":"اسم المتوفى مطلوب"}'::jsonb, NULL, NULL, 1, true, '2025-12-05T13:33:20.060764+00:00', '2025-12-05T13:33:20.060764+00:00', NULL, 'full', 'medium', 'normal', false),
  ('fca77ed9-8a8a-4e79-8dc1-7267d62d4cae', '66118ec6-2a3b-4b3b-9c81-c4496d9142d5', NULL, 'general-details', 'تفاصيل التوكيل', NULL, 'agentName', 'text', 'اسم الوكيل (رباعي)', NULL, NULL, NULL, NULL, NULL, true, '{"required":"اسم الوكيل مطلوب"}'::jsonb, '[]'::jsonb, NULL, 1, true, '2025-12-08T16:40:04.105892+00:00', '2025-12-13T23:29:22.326202+00:00', NULL, 'full', 'medium', 'normal', false),
  ('f8386cfe-7867-4816-94e6-7d1b19d367ba', '66118ec6-2a3b-4b3b-9c81-c4496d9142d5', NULL, 'general-details', 'تفاصيل التوكيل', NULL, 'poaScope', 'textarea', 'الغرض من التوكيل', NULL, NULL, NULL, 'حدد بوضوح الصلاحيات الممنوحة للوكيل', NULL, true, '{"required":"الغرض من التوكيل مطلوب"}'::jsonb, '[]'::jsonb, NULL, 16, true, '2025-12-08T16:40:04.105892+00:00', '2025-12-13T23:29:25.969136+00:00', NULL, 'full', 'medium', 'normal', false),
  ('0bb1c027-f918-4282-ad7d-fcfdd720aae7', '66118ec6-2a3b-4b3b-9c81-c4496d9142d5', NULL, 'general-details', 'تفاصيل التوكيل', NULL, 'agentId', 'text', 'رقم جواز الوكيل', NULL, NULL, NULL, 'حرف إنجليزي واحد يليه أرقام (مثال: P1234567)', NULL, true, '{"required":"رقم جواز الوكيل مطلوب"}'::jsonb, '[]'::jsonb, NULL, 2, true, '2025-12-08T16:40:04.105892+00:00', '2025-12-13T23:29:22.572339+00:00', NULL, 'full', 'medium', 'normal', false),
  ('fd4a6fcb-069f-4fc4-8379-92d165e3545a', '66118ec6-2a3b-4b3b-9c81-c4496d9142d5', NULL, 'general-details', 'تفاصيل التوكيل', NULL, 'generalType', 'searchable-select', 'نوع التوكيل العام', NULL, NULL, NULL, NULL, NULL, true, '{"required":"نوع التوكيل العام مطلوب"}'::jsonb, '[{"label":"استخراج بطاقة جديدة","value":"new_id_card","description":"استخراج بطاقة/هوية/بديل لأول مرة حسب الجهة"},{"label":"استخرج شريحة بدل فاقد","value":"replacement_sim","description":"استخراج شريحة هاتف بدل فاقد"},{"label":"استمارة تحويل مبلغ بالخطأ","value":"transfer_error_form","description":"معالجة تحويل مالي تم بالخطأ"},{"label":"ادارة حساب","value":"account_management","description":"إدارة حساب بنكي/خدمات مرتبطة"},{"label":"استمارة التأمين السعودي","value":"saudi_insurance_form","description":"إجراءات متعلقة بشركات التأمين السعودية"},{"label":"استمارة عامة لإجراء محدد","value":"general_procedure_form","description":"إنهاء إجراء إداري محدد لدى جهة ما"},{"label":"استمارة مذكرة لسفارة أجنبية","value":"foreign_embassy_memo","description":"مخاطبة/مراسلة سفارة أجنبية"},{"label":"إسناد مستندات وإثبات صحة","value":"document_authentication","description":"توثيق/تصديق مستندات وإثبات صحتها"},{"label":"أخرى","value":"other_general","description":"طلب عام غير مصنّف"}]'::jsonb, NULL, 0, true, '2025-12-08T16:40:04.105892+00:00', '2025-12-13T23:29:22.09759+00:00', NULL, 'full', 'medium', 'normal', false),
  ('fb71314d-eafa-4335-b9b1-4327bf43ecba', '66118ec6-2a3b-4b3b-9c81-c4496d9142d5', NULL, 'general-details', 'تفاصيل التوكيل', NULL, 'accountNumber', 'text', 'رقم الحساب', NULL, NULL, NULL, NULL, NULL, true, '{"required":"رقم الحساب مطلوب"}'::jsonb, '[]'::jsonb, NULL, 6, true, '2025-12-08T16:40:38.872279+00:00', '2025-12-14T17:33:24.037376+00:00', '{"field":"generalType","values":["account_management"]}'::jsonb, 'full', 'medium', 'normal', false),
  ('8d762eef-2d2e-428f-9270-cd94c793db61', '66118ec6-2a3b-4b3b-9c81-c4496d9142d5', NULL, 'general-details', 'تفاصيل التوكيل', NULL, 'witness1Id', 'text', 'رقم جواز سفر الشاهد الأول', NULL, NULL, NULL, NULL, NULL, true, '{"required":"رقم جواز الشاهد الأول مطلوب"}'::jsonb, '[]'::jsonb, NULL, 20, true, '2025-12-08T16:40:38.872279+00:00', '2025-12-14T17:34:17.020204+00:00', '{"field":"generalType","values":["new_id_card","replacement_sim","transfer_error_form","account_management","saudi_insurance_form","general_procedure_form","other_general"],"exclude":true}'::jsonb, 'full', 'medium', 'normal', false),
  ('960d78c5-ee00-4e3d-a174-25e2871a89a5', '66118ec6-2a3b-4b3b-9c81-c4496d9142d5', NULL, 'general-details', 'تفاصيل التوكيل', NULL, 'telecomCompany', 'select', 'شركة الاتصالات', NULL, NULL, NULL, NULL, NULL, true, '{"required":"شركة الاتصالات مطلوبة"}'::jsonb, '[{"label":"STC","value":"stc"},{"label":"Mobily","value":"mobily"},{"label":"Zain","value":"zain"}]'::jsonb, NULL, 3, true, '2025-12-08T16:40:38.872279+00:00', '2025-12-14T17:33:24.037376+00:00', '{"field":"generalType","values":["replacement_sim","new_id_card"]}'::jsonb, 'full', 'medium', 'normal', false),
  ('b2277f48-e087-4d91-9fa5-578380978686', '66118ec6-2a3b-4b3b-9c81-c4496d9142d5', NULL, 'general-details', 'تفاصيل التوكيل', NULL, 'phoneNumber', 'tel', 'رقم الجوال المرتبط', NULL, NULL, NULL, NULL, NULL, true, '{"required":"رقم الجوال مطلوب"}'::jsonb, '[]'::jsonb, NULL, 4, true, '2025-12-08T16:40:38.872279+00:00', '2025-12-14T17:33:24.037376+00:00', '{"field":"generalType","values":["replacement_sim"]}'::jsonb, 'full', 'medium', 'normal', false),
  ('f18d65dc-0772-40ef-809e-794d737fe410', '66118ec6-2a3b-4b3b-9c81-c4496d9142d5', NULL, 'general-details', 'تفاصيل التوكيل', NULL, 'bankName', 'select', 'اسم البنك', NULL, NULL, NULL, NULL, NULL, true, '{"required":"اسم البنك مطلوب"}'::jsonb, '[{"label":"البنك الأهلي","value":"alahli"},{"label":"الراجحي","value":"alrajhi"}]'::jsonb, NULL, 5, true, '2025-12-08T16:40:38.872279+00:00', '2025-12-14T17:33:24.037376+00:00', '{"field":"generalType","values":["transfer_error_form","account_management","saudi_insurance_form"]}'::jsonb, 'full', 'medium', 'normal', false),
  ('68ec0e32-ad44-4622-a9f8-291ff9cfd4ae', '66118ec6-2a3b-4b3b-9c81-c4496d9142d5', NULL, 'general-details', 'تفاصيل التوكيل', NULL, 'procedureDescription', 'textarea', 'وصف الإجراء المطلوب', NULL, NULL, NULL, NULL, NULL, true, '{"required":"وصف الإجراء مطلوب"}'::jsonb, '[]'::jsonb, NULL, 13, true, '2025-12-08T16:40:38.872279+00:00', '2025-12-14T17:33:38.75683+00:00', '{"field":"generalType","values":["general_procedure_form","foreign_embassy_memo","other_general"]}'::jsonb, 'full', 'medium', 'normal', false),
  ('b729a95e-e742-4122-bd11-3fb4af6f3c71', '66118ec6-2a3b-4b3b-9c81-c4496d9142d5', NULL, 'general-details', 'تفاصيل التوكيل', NULL, 'embassyName', 'text', 'اسم السفارة', NULL, NULL, NULL, NULL, NULL, true, '{"required":"اسم السفارة مطلوب"}'::jsonb, '[]'::jsonb, NULL, 14, true, '2025-12-08T16:40:38.872279+00:00', '2025-12-14T17:34:08.532762+00:00', '{"field":"generalType","values":["foreign_embassy_memo"]}'::jsonb, 'full', 'medium', 'normal', false),
  ('8bc8cba5-979a-4e31-a443-788cf4f69fb4', '66118ec6-2a3b-4b3b-9c81-c4496d9142d5', NULL, 'general-details', 'تفاصيل التوكيل', NULL, 'documentType', 'select', 'نوع المستند', NULL, NULL, NULL, NULL, NULL, true, '{"required":"نوع المستند مطلوب"}'::jsonb, '[{"label":"شهادة تعليمية","value":"educational"},{"label":"مستند قانوني","value":"legal"}]'::jsonb, NULL, 15, true, '2025-12-08T16:40:38.872279+00:00', '2025-12-14T17:34:08.532762+00:00', '{"field":"generalType","values":["document_authentication"]}'::jsonb, 'full', 'medium', 'normal', false),
  ('338bb10d-fe50-4a85-be23-12e67daefda6', '66118ec6-2a3b-4b3b-9c81-c4496d9142d5', NULL, 'general-details', 'تفاصيل التوكيل', NULL, 'poaUsageCountryOther', 'text', 'حدد اسم الدولة', NULL, NULL, NULL, NULL, NULL, true, '{"required":"اسم الدولة مطلوب"}'::jsonb, '[]'::jsonb, NULL, 18, true, '2025-12-08T16:40:38.872279+00:00', '2025-12-14T17:34:08.532762+00:00', '{"field":"poaUsageCountry","values":["other"]}'::jsonb, 'full', 'medium', 'normal', false),
  ('353db24c-ce69-4ccb-a195-90b770f7af12', '66118ec6-2a3b-4b3b-9c81-c4496d9142d5', NULL, 'general-details', 'تفاصيل التوكيل', NULL, 'poaUsageCountry', 'searchable-select', 'مكان استخدام التوكيل (الدولة)', NULL, NULL, NULL, NULL, NULL, true, '{"required":"مكان استخدام التوكيل مطلوب"}'::jsonb, '[{"label":"السعودية","value":"saudi_arabia"},{"label":"السودان","value":"sudan"},{"label":"دولة أخرى","value":"other"}]'::jsonb, NULL, 17, true, '2025-12-08T16:40:38.872279+00:00', '2025-12-13T23:29:26.210663+00:00', NULL, 'full', 'medium', 'normal', false),
  ('8b90a18a-2597-4989-8318-d71a5ef8786f', '66118ec6-2a3b-4b3b-9c81-c4496d9142d5', NULL, 'general-details', 'تفاصيل التوكيل', NULL, 'witness1Name', 'text', 'اسم الشاهد الأول', NULL, NULL, NULL, NULL, NULL, true, '{"required":"اسم الشاهد الأول مطلوب"}'::jsonb, '[]'::jsonb, NULL, 19, true, '2025-12-08T16:40:38.872279+00:00', '2025-12-14T17:34:17.020204+00:00', '{"field":"generalType","values":["new_id_card","replacement_sim","transfer_error_form","account_management","saudi_insurance_form","general_procedure_form","other_general"],"exclude":true}'::jsonb, 'full', 'medium', 'normal', false),
  ('26f78d84-ae3f-4354-b718-091b000c6c33', '66118ec6-2a3b-4b3b-9c81-c4496d9142d5', NULL, 'general-details', 'تفاصيل التوكيل', NULL, 'transferAmount', 'number', 'مبلغ التحويل', NULL, NULL, NULL, NULL, NULL, true, '{"required":"مبلغ التحويل مطلوب"}'::jsonb, '[]'::jsonb, NULL, 7, true, '2025-12-08T16:40:38.872279+00:00', '2025-12-14T17:33:30.967154+00:00', '{"field":"generalType","values":["transfer_error_form"]}'::jsonb, 'full', 'medium', 'normal', false),
  ('d07cace7-0cc1-4964-9e1e-da90f5f924ce', '66118ec6-2a3b-4b3b-9c81-c4496d9142d5', NULL, 'general-details', 'تفاصيل التوكيل', NULL, 'beneficiaryName', 'text', 'اسم المستفيد الذي تم التحويل له بالخطأ', NULL, NULL, NULL, NULL, NULL, true, '{"required":"اسم المستفيد مطلوب"}'::jsonb, '[]'::jsonb, NULL, 8, true, '2025-12-08T16:40:38.872279+00:00', '2025-12-14T17:33:30.967154+00:00', '{"field":"generalType","values":["transfer_error_form"]}'::jsonb, 'full', 'medium', 'normal', false),
  ('ad3813db-25cf-4057-a867-401397fea1b2', '66118ec6-2a3b-4b3b-9c81-c4496d9142d5', NULL, 'general-details', 'تفاصيل التوكيل', NULL, 'beneficiaryAccount', 'text', 'رقم حساب المستفيد', NULL, NULL, NULL, NULL, NULL, true, '{"required":"رقم حساب المستفيد مطلوب"}'::jsonb, '[]'::jsonb, NULL, 9, true, '2025-12-08T16:40:38.872279+00:00', '2025-12-14T17:33:30.967154+00:00', '{"field":"generalType","values":["transfer_error_form"]}'::jsonb, 'full', 'medium', 'normal', false),
  ('4b3bf587-fe8a-4d72-ba10-b930f3cc74bb', '66118ec6-2a3b-4b3b-9c81-c4496d9142d5', NULL, 'general-details', 'تفاصيل التوكيل', NULL, 'insuranceCompany', 'select', 'شركة التأمين', NULL, NULL, NULL, NULL, NULL, true, '{"required":"شركة التأمين مطلوبة"}'::jsonb, '[{"label":"التعاونية","value":"tawuniya"},{"label":"بوبا","value":"bupa"}]'::jsonb, NULL, 10, true, '2025-12-08T16:40:38.872279+00:00', '2025-12-14T17:33:30.967154+00:00', '{"field":"generalType","values":["saudi_insurance_form"]}'::jsonb, 'full', 'medium', 'normal', false),
  ('69c5eb9b-2c28-4316-a216-f2fd9b0fb9c4', '66118ec6-2a3b-4b3b-9c81-c4496d9142d5', NULL, 'general-details', 'تفاصيل التوكيل', NULL, 'iban', 'text', 'رقم الآيبان لتحويل المبلغ', NULL, NULL, NULL, 'صيغة آيبان السعودية', NULL, true, '{"required":"رقم الآيبان مطلوب"}'::jsonb, '[]'::jsonb, NULL, 11, true, '2025-12-08T16:40:38.872279+00:00', '2025-12-14T17:34:08.532762+00:00', '{"field":"generalType","values":["saudi_insurance_form"]}'::jsonb, 'full', 'medium', 'normal', false),
  ('2cef5924-317c-45e5-b9b7-38cc0c24026a', '66118ec6-2a3b-4b3b-9c81-c4496d9142d5', NULL, 'general-details', 'تفاصيل التوكيل', NULL, 'insuranceNote', 'textarea', 'تفاصيل إضافية', NULL, NULL, NULL, NULL, NULL, false, '{}'::jsonb, '[]'::jsonb, NULL, 12, true, '2025-12-08T16:40:38.872279+00:00', '2025-12-14T17:34:08.532762+00:00', '{"field":"generalType","values":["saudi_insurance_form"]}'::jsonb, 'full', 'medium', 'normal', false),
  ('d0fd69e2-09a0-4263-b8fb-a78b8934b191', '66118ec6-2a3b-4b3b-9c81-c4496d9142d5', NULL, 'general-details', 'تفاصيل التوكيل', NULL, 'witness2Name', 'text', 'اسم الشاهد الثاني', NULL, NULL, NULL, NULL, NULL, true, '{"required":"اسم الشاهد الثاني مطلوب"}'::jsonb, '[]'::jsonb, NULL, 21, true, '2025-12-08T16:40:38.872279+00:00', '2025-12-14T17:34:17.020204+00:00', '{"field":"generalType","values":["new_id_card","replacement_sim","transfer_error_form","account_management","saudi_insurance_form","general_procedure_form","other_general"],"exclude":true}'::jsonb, 'full', 'medium', 'normal', false),
  ('95f25994-930f-420a-b782-e2f2f5498e5c', '66118ec6-2a3b-4b3b-9c81-c4496d9142d5', NULL, 'general-details', 'تفاصيل التوكيل', NULL, 'witness2Id', 'text', 'رقم جواز سفر الشاهد الثاني', NULL, NULL, NULL, NULL, NULL, true, '{"required":"رقم جواز الشاهد الثاني مطلوب"}'::jsonb, '[]'::jsonb, NULL, 22, true, '2025-12-08T16:40:38.872279+00:00', '2025-12-14T17:34:17.020204+00:00', '{"field":"generalType","values":["new_id_card","replacement_sim","transfer_error_form","account_management","saudi_insurance_form","general_procedure_form","other_general"],"exclude":true}'::jsonb, 'full', 'medium', 'normal', false),
  ('7c56fbd6-fb11-473d-a4e0-93bd373e74ae', '37e7b780-a723-4224-9ac8-54aa956cece4', NULL, 'documents-upload', 'المستندات المطلوبة', NULL, 'agentIdCopy', 'file', 'صورة جواز الوكيل', NULL, NULL, NULL, NULL, NULL, true, '{"required":"صورة جواز الوكيل مطلوبة"}'::jsonb, '[]'::jsonb, NULL, 32, true, '2025-12-08T16:42:37.234777+00:00', '2025-12-11T08:10:33.544439+00:00', NULL, 'full', 'medium', 'normal', false),
  ('c8f89d10-bc84-409d-a154-ad0c9aed56c2', '37e7b780-a723-4224-9ac8-54aa956cece4', NULL, 'property-details', 'تفاصيل العقار', NULL, 'propertyDescription', 'textarea', 'وصف العقار/الأرض', NULL, NULL, NULL, NULL, NULL, true, '{"required":"وصف العقار/الأرض مطلوب"}'::jsonb, '[]'::jsonb, NULL, 30, true, '2025-12-08T16:42:37.234777+00:00', '2025-12-11T08:10:33.544439+00:00', NULL, 'full', 'medium', 'normal', false),
  ('40caf7a7-49fa-4730-b6e5-4a21070e3a6d', '37e7b780-a723-4224-9ac8-54aa956cece4', NULL, 'property-details', 'تفاصيل العقار', NULL, 'witness1Id', 'text', 'رقم جواز سفر الشاهد الأول', NULL, NULL, NULL, NULL, NULL, true, '{"required":"رقم جواز الشاهد الأول مطلوب"}'::jsonb, '[]'::jsonb, NULL, 6, true, '2025-12-08T16:42:37.234777+00:00', '2025-12-11T08:10:33.544439+00:00', NULL, 'full', 'medium', 'normal', false),
  ('e0c7c486-0eed-48af-9870-732e25d6abd4', '37e7b780-a723-4224-9ac8-54aa956cece4', NULL, 'property-details', 'تفاصيل العقار', NULL, 'transactionType', 'select', 'نوع المعاملة العقارية', NULL, NULL, NULL, NULL, NULL, true, '{"required":"نوع المعاملة العقارية مطلوب"}'::jsonb, '[{"label":"شراء ارض أو عقار","value":"buy_land_property"},{"label":"بيع قطعة أرض","value":"sell_land"},{"label":"شراء عقار","value":"buy_property"},{"label":"بيع عقار","value":"sell_property"}]'::jsonb, NULL, 0, true, '2025-12-08T16:42:37.234777+00:00', '2025-12-11T08:10:33.544439+00:00', NULL, 'full', 'medium', 'normal', false),
  ('865415c6-5fa3-4332-9f17-92c3db5b69b7', '37e7b780-a723-4224-9ac8-54aa956cece4', NULL, 'property-details', 'تفاصيل العقار', NULL, 'witness2Name', 'text', 'اسم الشاهد الثاني', NULL, NULL, NULL, NULL, NULL, true, '{"required":"اسم الشاهد الثاني مطلوب"}'::jsonb, '[]'::jsonb, NULL, 7, true, '2025-12-08T16:42:37.234777+00:00', '2025-12-11T08:10:33.544439+00:00', NULL, 'full', 'medium', 'normal', false),
  ('f50b819c-6a03-49d3-8060-97d40646fbad', '37e7b780-a723-4224-9ac8-54aa956cece4', NULL, 'documents-upload', 'المستندات المطلوبة', NULL, 'principalIdCopy', 'file', 'صورة جواز الموكل', NULL, NULL, NULL, NULL, NULL, true, '{"required":"صورة جواز الموكل مطلوبة"}'::jsonb, '[]'::jsonb, NULL, 31, true, '2025-12-08T16:42:37.234777+00:00', '2025-12-11T08:10:33.544439+00:00', NULL, 'full', 'medium', 'normal', false),
  ('954c44fd-3215-4dfe-b1aa-979a7bd7943b', '37e7b780-a723-4224-9ac8-54aa956cece4', NULL, 'property-details', 'تفاصيل العقار', NULL, 'agentId', 'text', 'رقم جواز الوكيل', NULL, NULL, NULL, 'حرف إنجليزي واحد يليه أرقام', NULL, true, '{"required":"رقم جواز الوكيل مطلوب"}'::jsonb, '[]'::jsonb, NULL, 2, true, '2025-12-08T16:42:37.234777+00:00', '2025-12-11T08:10:33.544439+00:00', NULL, 'full', 'medium', 'normal', false),
  ('0945fcc7-d60a-4b09-906e-2fc496d3a28c', '37e7b780-a723-4224-9ac8-54aa956cece4', NULL, 'property-details', 'تفاصيل العقار', NULL, 'witness2Id', 'text', 'رقم جواز سفر الشاهد الثاني', NULL, NULL, NULL, NULL, NULL, true, '{"required":"رقم جواز الشاهد الثاني مطلوب"}'::jsonb, '[]'::jsonb, NULL, 8, true, '2025-12-08T16:42:37.234777+00:00', '2025-12-11T08:10:33.544439+00:00', NULL, 'full', 'medium', 'normal', false),
  ('3fc9f785-eb83-49b5-ae79-cdc2d946c79d', '37e7b780-a723-4224-9ac8-54aa956cece4', NULL, 'documents-upload', 'المستندات المطلوبة', NULL, 'propertyDeed', 'file', 'صك الملكية أو عقد الإيجار', NULL, NULL, NULL, NULL, NULL, true, '{"required":"صك الملكية مطلوب"}'::jsonb, '[]'::jsonb, NULL, 33, true, '2025-12-08T16:42:37.234777+00:00', '2025-12-11T08:10:33.544439+00:00', NULL, 'full', 'medium', 'normal', false),
  ('1d09db3f-800e-49b1-9cfc-fd3cf1544575', '37e7b780-a723-4224-9ac8-54aa956cece4', NULL, 'property-details', 'تفاصيل العقار', NULL, 'plotNumber', 'text', 'رقم قطعة الأرض / رقم العقار', NULL, NULL, NULL, NULL, NULL, true, '{"required":"رقم قطعة الأرض / رقم العقار مطلوب"}'::jsonb, '[]'::jsonb, NULL, 9, true, '2025-12-08T16:42:37.234777+00:00', '2025-12-11T08:10:33.544439+00:00', NULL, 'full', 'medium', 'normal', false),
  ('09b46d1c-c81c-435a-a11b-9c56ac10ee50', '37e7b780-a723-4224-9ac8-54aa956cece4', NULL, 'documents-upload', 'المستندات المطلوبة', NULL, 'supportingDocs', 'file', 'مستندات داعمة', NULL, NULL, NULL, 'أي مستندات إضافية تدعم المعاملة العقارية', NULL, false, '{}'::jsonb, '[]'::jsonb, NULL, 39, true, '2025-12-08T16:42:37.234777+00:00', '2025-12-11T08:10:33.544439+00:00', NULL, 'full', 'medium', 'normal', false),
  ('3863f074-00a5-4f7f-baa5-7a9de55bd317', '37e7b780-a723-4224-9ac8-54aa956cece4', NULL, 'property-details', 'تفاصيل العقار', NULL, 'agentName', 'text', 'اسم الوكيل (رباعي)', NULL, NULL, NULL, NULL, NULL, true, '{"required":"اسم الوكيل مطلوب"}'::jsonb, '[]'::jsonb, NULL, 1, true, '2025-12-08T16:42:37.234777+00:00', '2025-12-11T08:10:33.544439+00:00', NULL, 'full', 'medium', 'normal', false),
  ('ea7aefc1-4d2a-406a-8c10-8d7445a7b5a7', '37e7b780-a723-4224-9ac8-54aa956cece4', NULL, 'property-details', 'تفاصيل العقار', NULL, 'propertyValue', 'number', 'قيمة العقار/الأرض', NULL, NULL, NULL, NULL, NULL, true, '{"required":"قيمة العقار/الأرض مطلوبة"}'::jsonb, '[]'::jsonb, NULL, 15, true, '2025-12-08T16:42:37.234777+00:00', '2025-12-08T16:42:37.234777+00:00', '{"field":"transactionType","values":["buy_property","sell_property","sell_land"]}'::jsonb, 'full', 'medium', 'normal', false),
  ('5f2a4867-6da2-4e1a-91a0-80f8b00454fb', '37e7b780-a723-4224-9ac8-54aa956cece4', NULL, 'property-details', 'تفاصيل العقار', NULL, 'propertyArea', 'text', 'المساحة', NULL, NULL, NULL, NULL, NULL, true, '{"required":"المساحة مطلوبة"}'::jsonb, '[]'::jsonb, NULL, 10, true, '2025-12-08T16:42:37.234777+00:00', '2025-12-11T08:10:33.544439+00:00', NULL, 'full', 'medium', 'normal', false),
  ('8a14726c-32ca-4cad-a30f-45fe39eba25d', '37e7b780-a723-4224-9ac8-54aa956cece4', NULL, 'property-details', 'تفاصيل العقار', NULL, 'poaUsageCountryOther', 'text', 'حدد اسم الدولة', NULL, NULL, NULL, NULL, NULL, true, '{"required":"اسم الدولة مطلوب"}'::jsonb, '[]'::jsonb, NULL, 4, true, '2025-12-08T16:42:37.234777+00:00', '2025-12-08T16:42:37.234777+00:00', '{"field":"poaUsageCountry","values":["other"]}'::jsonb, 'full', 'medium', 'normal', false),
  ('3dab5a42-149b-4d39-b5bf-75e1fce93988', '37e7b780-a723-4224-9ac8-54aa956cece4', NULL, 'property-details', 'تفاصيل العقار', NULL, 'propertyCity', 'text', 'المدينة', NULL, NULL, NULL, NULL, NULL, true, '{"required":"المدينة مطلوبة"}'::jsonb, '[]'::jsonb, NULL, 11, true, '2025-12-08T16:42:37.234777+00:00', '2025-12-11T08:10:33.544439+00:00', NULL, 'full', 'medium', 'normal', false),
  ('a126f027-8ffa-43ea-924e-20ea6e34854f', '37e7b780-a723-4224-9ac8-54aa956cece4', NULL, 'property-details', 'تفاصيل العقار', NULL, 'propertyDistrict', 'text', 'الحي / المربع', NULL, NULL, NULL, NULL, NULL, true, '{"required":"الحي / المربع مطلوب"}'::jsonb, '[]'::jsonb, NULL, 12, true, '2025-12-08T16:42:37.234777+00:00', '2025-12-11T08:10:33.544439+00:00', NULL, 'full', 'medium', 'normal', false),
  ('34ff8851-7c79-42a9-b2b9-6f9d7ee1edaf', '37e7b780-a723-4224-9ac8-54aa956cece4', NULL, 'property-details', 'تفاصيل العقار', NULL, 'poaPurpose', 'textarea', 'الغرض من التوكيل', NULL, NULL, NULL, 'حدد بوضوح الغرض من التوكيل', NULL, true, '{"required":"الغرض من التوكيل مطلوب"}'::jsonb, '[]'::jsonb, NULL, 13, true, '2025-12-08T16:42:37.234777+00:00', '2025-12-11T08:10:33.544439+00:00', NULL, 'full', 'medium', 'normal', false),
  ('f2f214ce-0261-4464-916b-7cc9eb7e14f4', '37e7b780-a723-4224-9ac8-54aa956cece4', NULL, 'property-details', 'تفاصيل العقار', NULL, 'poaUsageCountry', 'searchable-select', 'مكان استخدام التوكيل (الدولة)', NULL, NULL, NULL, NULL, NULL, true, '{"required":"مكان استخدام التوكيل مطلوب"}'::jsonb, '[{"label":"السعودية","value":"saudi_arabia"},{"label":"السودان","value":"sudan"},{"label":"أخرى","value":"other"}]'::jsonb, NULL, 3, true, '2025-12-08T16:42:37.234777+00:00', '2025-12-11T08:10:33.544439+00:00', NULL, 'full', 'medium', 'normal', false),
  ('eadb2ad1-ce97-46ef-ad2b-e92f7b2bc2fb', '37e7b780-a723-4224-9ac8-54aa956cece4', NULL, 'property-details', 'تفاصيل العقار', NULL, 'witness1Name', 'text', 'اسم الشاهد الأول', NULL, NULL, NULL, NULL, NULL, true, '{"required":"اسم الشاهد الأول مطلوب"}'::jsonb, '[]'::jsonb, NULL, 5, true, '2025-12-08T16:42:37.234777+00:00', '2025-12-11T08:10:33.544439+00:00', NULL, 'full', 'medium', 'normal', false),
  ('c2f5b5c1-6378-41a1-bd74-6578a4b527b0', '59bc1106-1074-4943-9cc2-e8f353a3f0cb', NULL, 'step_1', 'معلومات أساسية', 'Basic Information', 'field_1765221188104', 'text', 'اسم المستخدم', 'Input', NULL, NULL, NULL, NULL, false, '{}'::jsonb, NULL, NULL, 0, true, '2025-12-08T19:16:44.464081+00:00', '2025-12-08T19:22:11.007487+00:00', NULL, 'full', 'medium', 'normal', false),
  ('e50bd9ac-af3e-4b0d-879f-4f53e24533db', '59bc1106-1074-4943-9cc2-e8f353a3f0cb', NULL, 'step_1', 'معلومات أساسية', 'Basic Information', 'field_1765221213707', 'select', 'نوع الخدمة', 'Dropdown', NULL, NULL, NULL, NULL, false, '{}'::jsonb, '[{"label":"","value":"1","label_ar":"خدمة 1","label_en":""},{"label":"","value":"2","label_ar":"خدمة 2","label_en":""},{"label":"","value":"3","label_ar":"خدمة 3","label_en":""}]'::jsonb, NULL, 1, true, '2025-12-08T19:16:44.682332+00:00', '2025-12-08T19:22:11.264558+00:00', NULL, 'full', 'medium', 'normal', false),
  ('7d4397cd-1d81-4031-b691-768b036650c0', '59bc1106-1074-4943-9cc2-e8f353a3f0cb', NULL, 'step_1', 'معلومات أساسية', 'Basic Information', 'field_1765221287566', 'textarea', 'تست تكست', 'Text area', NULL, NULL, NULL, NULL, false, '{}'::jsonb, NULL, NULL, 2, true, '2025-12-08T19:16:44.892818+00:00', '2025-12-08T19:22:11.620735+00:00', '{"logic":"AND","show_when":[{"id":"condition_1765221306233_y2tk2nizd","field":"field_1765221213707","value":"1","operator":"equals"}]}'::jsonb, 'full', 'medium', 'normal', false),
  ('2d83f620-0c61-4c03-8916-803075fb44d6', '59bc1106-1074-4943-9cc2-e8f353a3f0cb', NULL, 'step_1', 'معلومات أساسية', 'Basic Information', 'field_1765221334315', 'number', 'تست نمبر', 'Number format', NULL, NULL, NULL, NULL, false, '{}'::jsonb, NULL, NULL, 3, true, '2025-12-08T19:16:45.116353+00:00', '2025-12-08T19:22:11.886437+00:00', '{"logic":"AND","show_when":[{"id":"condition_1765221352027_2suq7sbth","field":"field_1765221213707","value":"2","operator":"equals"}]}'::jsonb, 'full', 'medium', 'normal', false),
  ('e50351e4-10ec-47dc-8887-c7da5f6a4837', '61720128-847c-441a-8041-6c1f2af1fa80', NULL, 'certificate-details', 'تفاصيل الشهادة', 'Certificate Details', 'issuingAuthority', 'text', 'جهة الإصدار', 'Issuing Authority', 'وزارة التربية والتعليم السودانية', NULL, NULL, NULL, true, '{}'::jsonb, NULL, NULL, 2, true, '2025-12-09T19:34:40.752006+00:00', '2025-12-13T10:11:56.235927+00:00', NULL, 'full', 'medium', 'normal', false),
  ('ea577b3a-b9dc-4716-bc4e-722813ed3c56', '61720128-847c-441a-8041-6c1f2af1fa80', NULL, 'certificate-details', 'تفاصيل الشهادة', 'Certificate Details', 'certificateType', 'radio', 'نوع الشهادة المطلوبة', 'Certificate Type', NULL, NULL, NULL, NULL, true, '{}'::jsonb, '[{"label":"الشهادة الابتدائية","value":"primary","labelEn":"Primary Certificate"},{"label":"الشهادة المتوسطة","value":"intermediate","labelEn":"Intermediate Certificate"},{"label":"الشهادة الثانوية","value":"secondary","labelEn":"Secondary Certificate"}]'::jsonb, NULL, 1, true, '2025-12-09T19:34:40.752006+00:00', '2025-12-13T10:11:55.931731+00:00', NULL, 'full', 'medium', 'normal', false),
  ('01eddebb-a649-405c-8913-bbb82d13bcf2', '61720128-847c-441a-8041-6c1f2af1fa80', NULL, 'certificate-details', 'تفاصيل الشهادة', 'Certificate Details', 'additionalDetails', 'textarea', 'تفاصيل إضافية', 'Additional Details', 'طلب استلام شهادة ثانوية للعام 2020', NULL, 'أي تفاصيل إضافية أو ملاحظات خاصة بالطلب', NULL, true, '{}'::jsonb, NULL, NULL, 3, true, '2025-12-09T19:34:40.752006+00:00', '2025-12-13T10:11:56.550669+00:00', NULL, 'full', 'medium', 'normal', false),
  ('e57da7b2-2480-4d8b-b640-10a0cb77d695', '114bfbc6-c015-40d9-ba18-393e53a59392', NULL, 'step2', 'المعلومات التعليمية', 'Educational Information', 'graduation_year', 'number', 'سنة التخرج', 'Graduation Year', '2020', '2020', NULL, NULL, true, '{}'::jsonb, '[]'::jsonb, NULL, 11, true, '2025-12-09T19:56:47.587819+00:00', '2025-12-11T08:10:33.544439+00:00', NULL, 'full', 'medium', 'normal', false),
  ('af2be910-5184-4ae5-8307-9b8206c32b50', '114bfbc6-c015-40d9-ba18-393e53a59392', NULL, 'step1', 'بيانات المراقب', 'Supervisor Information', 'gender', 'radio', 'الجنس', 'Gender', '', '', NULL, NULL, true, '{}'::jsonb, '[{"value":"male","label_ar":"ذكر","label_en":"Male"},{"value":"female","label_ar":"أنثى","label_en":"Female"}]'::jsonb, NULL, 6, true, '2025-12-09T19:56:47.587819+00:00', '2025-12-11T08:10:33.544439+00:00', NULL, 'full', 'medium', 'normal', false),
  ('a6e31491-8035-4424-835a-1bc5c8d28cc1', '114bfbc6-c015-40d9-ba18-393e53a59392', NULL, 'step1', 'بيانات المراقب', 'Supervisor Information', 'birth_date', 'date', 'تاريخ الميلاد', 'Date of Birth', '', '', NULL, NULL, true, '{}'::jsonb, '[]'::jsonb, NULL, 5, true, '2025-12-09T19:56:47.587819+00:00', '2025-12-11T08:10:33.544439+00:00', NULL, 'full', 'medium', 'normal', false),
  ('5866efef-92fd-4e3a-836e-c9b4208d704f', '114bfbc6-c015-40d9-ba18-393e53a59392', NULL, 'step1', 'بيانات المراقب', 'Supervisor Information', 'supervisor_name', 'text', 'الاسم الكامل بالعربية', 'Full Name in Arabic', 'أدخل الاسم الكامل', 'Enter full name', NULL, NULL, true, '{}'::jsonb, '[]'::jsonb, NULL, 1, true, '2025-12-09T19:56:47.587819+00:00', '2025-12-11T08:10:33.544439+00:00', NULL, 'full', 'medium', 'normal', false),
  ('36e860af-dfbc-449e-b4d9-274eb392bdf3', '114bfbc6-c015-40d9-ba18-393e53a59392', NULL, 'step1', 'بيانات المراقب', 'Supervisor Information', 'email', 'email', 'البريد الإلكتروني', 'Email Address', 'example@email.com', 'example@email.com', NULL, NULL, true, '{}'::jsonb, '[]'::jsonb, NULL, 2, true, '2025-12-09T19:56:47.587819+00:00', '2025-12-11T08:10:33.544439+00:00', NULL, 'full', 'medium', 'normal', false),
  ('7b3e2cbf-06ea-4802-89ec-41821864c61f', '114bfbc6-c015-40d9-ba18-393e53a59392', NULL, 'step1', 'بيانات المراقب', 'Supervisor Information', 'id_number', 'text', 'رقم الهوية', 'ID Number', 'أدخل رقم الهوية', 'Enter ID number', NULL, NULL, true, '{}'::jsonb, '[]'::jsonb, NULL, 7, true, '2025-12-09T19:56:47.587819+00:00', '2025-12-11T08:10:33.544439+00:00', NULL, 'full', 'medium', 'normal', false),
  ('721c33ee-2232-4556-9bf0-80a389c26645', '114bfbc6-c015-40d9-ba18-393e53a59392', NULL, 'step2', 'المعلومات التعليمية', 'Educational Information', 'specialization', 'text', 'التخصص', 'Specialization', 'أدخل التخصص', 'Enter specialization', NULL, NULL, true, '{}'::jsonb, '[]'::jsonb, NULL, 9, true, '2025-12-09T19:56:47.587819+00:00', '2025-12-11T08:10:33.544439+00:00', NULL, 'full', 'medium', 'normal', false),
  ('99d75730-86aa-4d86-bb22-ff25dfe14140', '114bfbc6-c015-40d9-ba18-393e53a59392', NULL, 'step2', 'المعلومات التعليمية', 'Educational Information', 'qualification', 'select', 'المؤهل العلمي', 'Educational Qualification', 'اختر المؤهل', 'Select qualification', NULL, NULL, true, '{}'::jsonb, '[{"value":"bachelor","label_ar":"بكالوريوس","label_en":"Bachelor"},{"value":"master","label_ar":"ماجستير","label_en":"Master"},{"value":"phd","label_ar":"دكتوراه","label_en":"PhD"},{"value":"diploma","label_ar":"دبلوم","label_en":"Diploma"}]'::jsonb, NULL, 8, true, '2025-12-09T19:56:47.587819+00:00', '2025-12-11T08:10:33.544439+00:00', NULL, 'full', 'medium', 'normal', false),
  ('70d3c963-509a-4f16-b7e3-ffe6b74fc4e1', '114bfbc6-c015-40d9-ba18-393e53a59392', NULL, 'step2', 'المعلومات التعليمية', 'Educational Information', 'university', 'text', 'الجامعة', 'University', 'أدخل اسم الجامعة', 'Enter university name', NULL, NULL, true, '{}'::jsonb, '[]'::jsonb, NULL, 10, true, '2025-12-09T19:56:47.587819+00:00', '2025-12-11T08:10:33.544439+00:00', NULL, 'full', 'medium', 'normal', false),
  ('0bca35cb-d2b4-4e88-a9d9-79d3f15adef0', '114bfbc6-c015-40d9-ba18-393e53a59392', NULL, 'step2', 'المعلومات التعليمية', 'Educational Information', 'teaching_experience', 'textarea', 'الخبرة في مجال التعليم', 'Teaching Experience', 'اذكر خبرتك في مجال التعليم إن وجدت', 'Mention your teaching experience if any', NULL, NULL, false, '{}'::jsonb, '[]'::jsonb, NULL, 12, true, '2025-12-09T19:56:47.587819+00:00', '2025-12-11T08:10:33.544439+00:00', NULL, 'full', 'medium', 'normal', false),
  ('fbb86cd3-7be3-4349-a1b5-f7fbfa31de29', '114bfbc6-c015-40d9-ba18-393e53a59392', NULL, 'step1', 'بيانات المراقب', 'Supervisor Information', 'phone', 'tel', 'رقم الجوال', 'Mobile Number', '05xxxxxxxx', '05xxxxxxxx', NULL, NULL, true, '{}'::jsonb, '[]'::jsonb, NULL, 3, true, '2025-12-09T19:56:47.587819+00:00', '2025-12-11T08:10:33.544439+00:00', NULL, 'full', 'medium', 'normal', false),
  ('14dbd6f5-0689-427d-9351-8b388882e2ab', '114bfbc6-c015-40d9-ba18-393e53a59392', NULL, 'step1', 'بيانات المراقب', 'Supervisor Information', 'nationality', 'text', 'الجنسية', 'Nationality', 'سوداني', 'Sudanese', NULL, NULL, true, '{}'::jsonb, '[]'::jsonb, NULL, 4, true, '2025-12-09T19:56:47.587819+00:00', '2025-12-11T08:10:33.544439+00:00', NULL, 'full', 'medium', 'normal', false),
  ('7bf3e1e1-4446-4c49-be9e-4e0f9bdc7142', '9f72c08c-eff4-400f-8b61-c0912f3d3dfd', NULL, 'step1', 'بيانات المتقدم', 'Applicant Information', 'specialCaseDescription', 'textarea', 'وصف الحالة الخاصة', 'Special Case Description', 'اذكر وصف الحالة', 'Describe the case', NULL, NULL, false, '{}'::jsonb, NULL, NULL, 11, true, '2025-12-09T20:04:56.558249+00:00', '2025-12-17T19:03:49.722323+00:00', NULL, 'full', 'medium', 'normal', false),
  ('214b9d57-bd32-4c56-af79-7de44ddc9c4a', '9f72c08c-eff4-400f-8b61-c0912f3d3dfd', NULL, 'step1', 'بيانات المتقدم', 'Applicant Information', 'schoolName', 'text', 'اسم المدرسة', 'School Name', 'أدخل اسم المدرسة', 'Enter school name', NULL, NULL, true, '{}'::jsonb, NULL, NULL, 8, true, '2025-12-09T20:04:56.558249+00:00', '2025-12-17T19:03:48.758019+00:00', NULL, 'full', 'medium', 'normal', false),
  ('5224e120-1a10-492a-9120-ec823d6b0a15', '9f72c08c-eff4-400f-8b61-c0912f3d3dfd', NULL, 'step1', 'بيانات المتقدم', 'Applicant Information', 'nationalId', 'text', 'الرقم الوطني / رقم الجواز', 'National ID / Passport Number', 'أدخل الرقم الوطني أو الجواز', 'Enter ID or passport', NULL, NULL, true, '{}'::jsonb, NULL, NULL, 5, true, '2025-12-09T20:04:56.558249+00:00', '2025-12-17T19:03:48.151331+00:00', NULL, 'full', 'medium', 'normal', false),
  ('1a23e44c-8643-4c79-a074-994d08d2d912', '9f72c08c-eff4-400f-8b61-c0912f3d3dfd', NULL, 'step1', 'بيانات المتقدم', 'Applicant Information', 'gender', 'radio', 'النوع', 'Gender', '', '', NULL, NULL, true, '{}'::jsonb, '[{"value":"male","label_ar":"ذكر","label_en":"Male"},{"value":"female","label_ar":"أنثى","label_en":"Female"}]'::jsonb, NULL, 1, true, '2025-12-09T20:04:56.558249+00:00', '2025-12-17T19:03:47.251402+00:00', NULL, 'full', 'medium', 'normal', false),
  ('fa8446bb-c541-41f0-8069-49d72a62be51', '9f72c08c-eff4-400f-8b61-c0912f3d3dfd', NULL, 'step2', 'معلومات ولي الأمر', 'Guardian Information', 'guardianWorkplace', 'text', 'مكان العمل', 'Workplace', 'أدخل مكان العمل', 'Enter workplace', NULL, NULL, true, '{}'::jsonb, '[]'::jsonb, NULL, 19, true, '2025-12-09T20:04:56.558249+00:00', '2025-12-17T19:03:51.277677+00:00', NULL, 'full', 'medium', 'normal', false),
  ('233f1ccd-39b4-4f05-ab85-1f9c54d8c786', '9f72c08c-eff4-400f-8b61-c0912f3d3dfd', NULL, 'step1', 'بيانات المتقدم', 'Applicant Information', 'specialCase', 'select', 'حالة خاصة', 'Special Case', 'اختر الحالة', 'Select case', NULL, NULL, false, '{}'::jsonb, '[{"value":"","label_ar":"لا توجد","label_en":"None"},{"value":"mobility","label_ar":"إعاقة حركية","label_en":"Mobility Disability"},{"value":"hearing","label_ar":"إعاقة سمعية","label_en":"Hearing Disability"},{"value":"visual","label_ar":"إعاقة بصرية","label_en":"Visual Disability"},{"value":"learning","label_ar":"صعوبة تعلم","label_en":"Learning Difficulty"},{"value":"attention","label_ar":"تشتت انتباه","label_en":"Attention Deficit"}]'::jsonb, NULL, 10, true, '2025-12-09T20:04:56.558249+00:00', '2025-12-17T19:03:49.493873+00:00', NULL, 'full', 'medium', 'normal', false),
  ('a9bac8fd-5f1a-4c15-9948-9479cc627a49', '9f72c08c-eff4-400f-8b61-c0912f3d3dfd', NULL, 'step1', 'بيانات المتقدم', 'Applicant Information', 'examLanguage', 'radio', 'لغة الامتحان', 'Exam Language', '', '', NULL, NULL, true, '{}'::jsonb, '[{"value":"arabic","label_ar":"عربي","label_en":"Arabic"},{"value":"english","label_ar":"إنجليزي","label_en":"English"}]'::jsonb, NULL, 9, true, '2025-12-09T20:04:56.558249+00:00', '2025-12-17T19:03:49.234321+00:00', NULL, 'full', 'medium', 'normal', false),
  ('27a53f3c-fdee-48d0-b428-0f018a5f7293', '9f72c08c-eff4-400f-8b61-c0912f3d3dfd', NULL, 'step2', 'معلومات ولي الأمر', 'Guardian Information', 'guardianName', 'text', 'اسم ولي الأمر', 'Guardian Name', 'أدخل اسم ولي الأمر', 'Enter guardian name', NULL, NULL, true, '{}'::jsonb, '[]'::jsonb, NULL, 17, true, '2025-12-09T20:04:56.558249+00:00', '2025-12-17T19:03:50.907015+00:00', NULL, 'full', 'medium', 'normal', false),
  ('b2090424-2847-47be-b0db-d8a4d5cde730', '9f72c08c-eff4-400f-8b61-c0912f3d3dfd', NULL, 'step2', 'معلومات ولي الأمر', 'Guardian Information', 'guardianPhone', 'tel', 'رقم هاتف ولي الأمر', 'Guardian Phone', '05xxxxxxxx', '05xxxxxxxx', NULL, NULL, true, '{}'::jsonb, '[]'::jsonb, NULL, 18, true, '2025-12-09T20:04:56.558249+00:00', '2025-12-17T19:03:51.100488+00:00', NULL, 'full', 'medium', 'normal', false),
  ('bf8fb547-65aa-4271-b435-2676da2f855a', '9f72c08c-eff4-400f-8b61-c0912f3d3dfd', NULL, 'step1', 'بيانات المتقدم', 'Applicant Information', 'mobileNumber', 'tel', 'رقم الجوال', 'Mobile Number', '05xxxxxxxx', '05xxxxxxxx', NULL, NULL, true, '{}'::jsonb, NULL, NULL, 12, true, '2025-12-09T20:04:56.558249+00:00', '2025-12-17T19:03:49.906956+00:00', NULL, 'full', 'medium', 'normal', false),
  ('c336ce7f-3bc9-414e-ab4d-77e7d5372c71', '9f72c08c-eff4-400f-8b61-c0912f3d3dfd', NULL, 'step1', 'بيانات المتقدم', 'Applicant Information', 'motherName', 'text', 'اسم الأم رباعي', 'Mother Full Name', 'أدخل اسم الأم الرباعي', 'Enter mother full name', NULL, NULL, true, '{}'::jsonb, NULL, NULL, 7, true, '2025-12-09T20:04:56.558249+00:00', '2025-12-17T19:03:48.558071+00:00', NULL, 'full', 'medium', 'normal', false),
  ('12da823d-eeb9-4447-8270-c3b9d54d0916', '9f72c08c-eff4-400f-8b61-c0912f3d3dfd', NULL, 'step1', 'بيانات المتقدم', 'Applicant Information', 'dateOfBirth', 'date', 'تاريخ الميلاد', 'Date of Birth', '', '', NULL, NULL, true, '{}'::jsonb, NULL, NULL, 6, true, '2025-12-09T20:04:56.558249+00:00', '2025-12-17T19:03:48.347014+00:00', NULL, 'full', 'medium', 'normal', false),
  ('c79aea80-73c9-4306-bc97-adc7f5f9f52f', '9f72c08c-eff4-400f-8b61-c0912f3d3dfd', NULL, 'step1', 'بيانات المتقدم', 'Applicant Information', 'fullName', 'text', 'الاسم الرباعي مطابقاً للرقم الوطني', 'Full Name as per National ID', 'أدخل الاسم الرباعي', 'Enter full name', NULL, NULL, true, '{}'::jsonb, NULL, NULL, 4, true, '2025-12-09T20:04:56.558249+00:00', '2025-12-17T19:03:47.949133+00:00', NULL, 'full', 'medium', 'normal', false),
  ('59b5cda5-c1b6-46a9-9c83-7f0d56d135a3', '9f72c08c-eff4-400f-8b61-c0912f3d3dfd', NULL, 'step1', 'بيانات المتقدم', 'Applicant Information', 'specificNationality', 'text', 'نوع الجنسية', 'Specific Nationality', 'أدخل الجنسية', 'Enter nationality', NULL, NULL, false, '{}'::jsonb, NULL, NULL, 3, true, '2025-12-09T20:04:56.558249+00:00', '2025-12-17T19:03:47.737541+00:00', '{"logic":"AND","show_when":[{"id":"test_condition_001","field":"nationality","value":"non_sudanese","operator":"equals"}]}'::jsonb, 'full', 'medium', 'normal', false),
  ('c42471e0-b168-45c4-ad3b-22b44ed713e4', '9f72c08c-eff4-400f-8b61-c0912f3d3dfd', NULL, 'step1', 'بيانات المتقدم', 'Applicant Information', 'nationality', 'radio', 'الجنسية', 'Nationality', '', '', NULL, NULL, true, '{}'::jsonb, '[{"value":"sudanese","label_ar":"سوداني","label_en":"Sudanese"},{"value":"non-sudanese","label_ar":"غير سوداني","label_en":"Non-Sudanese"}]'::jsonb, NULL, 2, true, '2025-12-09T20:04:56.558249+00:00', '2025-12-17T19:03:47.492185+00:00', NULL, 'full', 'medium', 'normal', false),
  ('81033a90-d430-4fbb-bda4-49a476b07363', '58afa461-40bb-4665-9087-ca98067a98ad', NULL, 'step1', 'بيانات المتقدم', 'Applicant Information', 'nationalId', 'text', 'الرقم الوطني / رقم الجواز', 'National ID / Passport Number', 'أدخل الرقم الوطني أو الجواز', 'Enter ID or passport', NULL, NULL, true, '{}'::jsonb, NULL, NULL, 5, true, '2025-12-09T20:05:29.526285+00:00', '2025-12-11T08:12:59.301424+00:00', NULL, 'full', 'medium', 'normal', false),
  ('bcc35e98-d69f-4b3b-800a-76d7f91ae204', '58afa461-40bb-4665-9087-ca98067a98ad', NULL, 'step1', 'بيانات المتقدم', 'Applicant Information', 'schoolName', 'text', 'اسم المدرسة', 'School Name', 'أدخل اسم المدرسة', 'Enter school name', NULL, NULL, true, '{}'::jsonb, NULL, NULL, 8, true, '2025-12-09T20:05:29.526285+00:00', '2025-12-11T08:13:00.078015+00:00', NULL, 'full', 'medium', 'normal', false),
  ('f8260469-faf8-455f-b58e-0372548ffbd9', '58afa461-40bb-4665-9087-ca98067a98ad', NULL, 'step1', 'بيانات المتقدم', 'Applicant Information', 'fullName', 'text', 'الاسم الرباعي مطابقاً للرقم الوطني', 'Full Name as per National ID', 'أدخل الاسم الرباعي', 'Enter full name', NULL, NULL, true, '{}'::jsonb, NULL, NULL, 4, true, '2025-12-09T20:05:29.526285+00:00', '2025-12-11T08:12:59.011994+00:00', NULL, 'full', 'medium', 'normal', false),
  ('3d7aee2a-d6a5-42da-b8d8-c513cfa60ec8', '58afa461-40bb-4665-9087-ca98067a98ad', NULL, 'step1', 'بيانات المتقدم', 'Applicant Information', 'examLanguage', 'radio', 'لغة الامتحان', 'Exam Language', '', '', NULL, NULL, true, '{}'::jsonb, '[{"value":"arabic","label_ar":"عربي","label_en":"Arabic"},{"value":"english","label_ar":"إنجليزي","label_en":"English"}]'::jsonb, NULL, 9, true, '2025-12-09T20:05:29.526285+00:00', '2025-12-11T08:13:00.399452+00:00', NULL, 'full', 'medium', 'normal', false),
  ('9eb0ae47-d997-471f-97ca-796657bdb350', '58afa461-40bb-4665-9087-ca98067a98ad', NULL, 'step1', 'بيانات المتقدم', 'Applicant Information', 'mobileNumber', 'tel', 'رقم الجوال', 'Mobile Number', '05xxxxxxxx', '05xxxxxxxx', NULL, NULL, true, '{}'::jsonb, NULL, NULL, 12, true, '2025-12-09T20:05:29.526285+00:00', '2025-12-11T08:13:01.163223+00:00', NULL, 'full', 'medium', 'normal', false),
  ('c069ef49-d4ad-473e-b2ba-d0f7600ccd93', '58afa461-40bb-4665-9087-ca98067a98ad', NULL, 'step1', 'بيانات المتقدم', 'Applicant Information', 'gender', 'radio', 'النوع', 'Gender', '', '', NULL, NULL, true, '{}'::jsonb, '[{"value":"male","label_ar":"ذكر","label_en":"Male"},{"value":"female","label_ar":"أنثى","label_en":"Female"}]'::jsonb, NULL, 1, true, '2025-12-09T20:05:29.526285+00:00', '2025-12-11T08:12:58.123115+00:00', NULL, 'full', 'medium', 'normal', false),
  ('2021e41d-27ac-4f66-b80e-590cf602baa4', '58afa461-40bb-4665-9087-ca98067a98ad', NULL, 'step1', 'بيانات المتقدم', 'Applicant Information', 'addressDistrict', 'select', 'الحي', 'District', 'اختر الحي', 'Select district', NULL, NULL, false, '{}'::jsonb, NULL, NULL, 15, true, '2025-12-09T20:05:29.526285+00:00', '2025-12-11T08:13:01.880181+00:00', NULL, 'full', 'medium', 'normal', false),
  ('e2fdc68c-1fac-422d-934d-92b50a42334e', '58afa461-40bb-4665-9087-ca98067a98ad', NULL, 'step2', 'معلومات ولي الأمر', 'Guardian Information', 'guardianWorkplace', 'text', 'مكان العمل', 'Workplace', 'أدخل مكان العمل', 'Enter workplace', NULL, NULL, true, '{}'::jsonb, '[]'::jsonb, NULL, 19, true, '2025-12-09T20:05:29.526285+00:00', '2025-12-11T08:13:02.880136+00:00', NULL, 'full', 'medium', 'normal', false),
  ('67589557-3ff7-4bd2-8f6f-25108a33de30', '58afa461-40bb-4665-9087-ca98067a98ad', NULL, 'step1', 'بيانات المتقدم', 'Applicant Information', 'addressLandmark', 'text', 'أقرب معلم', 'Nearest Landmark', 'أدخل أقرب معلم', 'Enter nearest landmark', NULL, NULL, true, '{}'::jsonb, NULL, NULL, 16, true, '2025-12-09T20:05:29.526285+00:00', '2025-12-11T08:13:02.120769+00:00', NULL, 'full', 'medium', 'normal', false),
  ('2516696e-866a-4e81-9f95-dd5271cf0eb0', '58afa461-40bb-4665-9087-ca98067a98ad', NULL, 'step1', 'بيانات المتقدم', 'Applicant Information', 'nationality', 'radio', 'الجنسية', 'Nationality', '', '', NULL, NULL, true, '{}'::jsonb, '[{"value":"sudanese","label_ar":"سوداني","label_en":"Sudanese"},{"value":"non-sudanese","label_ar":"غير سوداني","label_en":"Non-Sudanese"}]'::jsonb, NULL, 2, true, '2025-12-09T20:05:29.526285+00:00', '2025-12-11T08:12:58.446821+00:00', NULL, 'full', 'medium', 'normal', false),
  ('cc70ad17-6609-464b-ae9f-b3ff5bb9d1b9', '58afa461-40bb-4665-9087-ca98067a98ad', NULL, 'step2', 'معلومات ولي الأمر', 'Guardian Information', 'guardianName', 'text', 'اسم ولي الأمر', 'Guardian Name', 'أدخل اسم ولي الأمر', 'Enter guardian name', NULL, NULL, true, '{}'::jsonb, '[]'::jsonb, NULL, 17, true, '2025-12-09T20:05:29.526285+00:00', '2025-12-11T08:13:02.383422+00:00', NULL, 'full', 'medium', 'normal', false),
  ('c89592ea-a5c3-4dcd-980c-972f6c1e6e25', '58afa461-40bb-4665-9087-ca98067a98ad', NULL, 'step1', 'بيانات المتقدم', 'Applicant Information', 'specialCaseDescription', 'textarea', 'وصف الحالة الخاصة', 'Special Case Description', 'اذكر وصف الحالة', 'Describe the case', NULL, NULL, false, '{}'::jsonb, NULL, NULL, 11, true, '2025-12-09T20:05:29.526285+00:00', '2025-12-11T08:13:00.910069+00:00', NULL, 'full', 'medium', 'normal', false),
  ('dc34e8e9-c2f3-4535-902b-a777f5067236', '58afa461-40bb-4665-9087-ca98067a98ad', NULL, 'step2', 'معلومات ولي الأمر', 'Guardian Information', 'guardianPhone', 'tel', 'رقم هاتف ولي الأمر', 'Guardian Phone', '05xxxxxxxx', '05xxxxxxxx', NULL, NULL, true, '{}'::jsonb, '[]'::jsonb, NULL, 18, true, '2025-12-09T20:05:29.526285+00:00', '2025-12-11T08:13:02.629381+00:00', NULL, 'full', 'medium', 'normal', false),
  ('6a53acd9-97e5-4168-90fe-e2d5f4c30750', '58afa461-40bb-4665-9087-ca98067a98ad', NULL, 'step1', 'بيانات المتقدم', 'Applicant Information', 'addressRegion', 'select', 'المنطقة', 'Region', 'اختر المنطقة', 'Select region', NULL, NULL, true, '{}'::jsonb, NULL, NULL, 13, true, '2025-12-09T20:05:29.526285+00:00', '2025-12-11T08:13:01.399493+00:00', NULL, 'full', 'medium', 'normal', false)
ON CONFLICT DO NOTHING;

INSERT INTO public.service_fields (id, service_id, service_type_id, step_id, step_title_ar, step_title_en, field_name, field_type, label_ar, label_en, placeholder_ar, placeholder_en, help_text_ar, help_text_en, is_required, validation_rules, options, default_value, order_index, is_active, created_at, updated_at, conditions, field_width, field_height, field_margin, break_line)
VALUES
  ('29ff112c-1620-44d7-976d-80ac4e796a82', '58afa461-40bb-4665-9087-ca98067a98ad', NULL, 'step1', 'بيانات المتقدم', 'Applicant Information', 'specificNationality', 'text', 'نوع الجنسية', 'Specific Nationality', 'أدخل الجنسية', 'Enter nationality', NULL, NULL, false, '{}'::jsonb, NULL, NULL, 3, true, '2025-12-09T20:05:29.526285+00:00', '2025-12-11T08:12:58.716897+00:00', '{"logic":"AND","show_when":[{"id":"condition_1765440751612_iogsj5tcm","field":"nationality","value":"non-sudanese","operator":"equals"}]}'::jsonb, 'full', 'medium', 'normal', false),
  ('c82e8648-4f99-4545-8dfa-2e7fb447dedd', '58afa461-40bb-4665-9087-ca98067a98ad', NULL, 'step1', 'بيانات المتقدم', 'Applicant Information', 'specialCase', 'select', 'حالة خاصة', 'Special Case', 'اختر الحالة', 'Select case', NULL, NULL, false, '{}'::jsonb, '[{"value":"","label_ar":"لا توجد","label_en":"None"},{"value":"mobility","label_ar":"إعاقة حركية","label_en":"Mobility Disability"},{"value":"hearing","label_ar":"إعاقة سمعية","label_en":"Hearing Disability"},{"value":"visual","label_ar":"إعاقة بصرية","label_en":"Visual Disability"},{"value":"learning","label_ar":"صعوبة تعلم","label_en":"Learning Difficulty"},{"value":"attention","label_ar":"تشتت انتباه","label_en":"Attention Deficit"}]'::jsonb, NULL, 10, true, '2025-12-09T20:05:29.526285+00:00', '2025-12-11T08:13:00.665873+00:00', NULL, 'full', 'medium', 'normal', false),
  ('d49b652f-60b7-4e9f-b42e-d2428da65e34', '58afa461-40bb-4665-9087-ca98067a98ad', NULL, 'step1', 'بيانات المتقدم', 'Applicant Information', 'addressCity', 'select', 'المدينة', 'City', 'اختر المدينة', 'Select city', NULL, NULL, true, '{}'::jsonb, NULL, NULL, 14, true, '2025-12-09T20:05:29.526285+00:00', '2025-12-11T08:13:01.64027+00:00', NULL, 'full', 'medium', 'normal', false),
  ('bb35e4cd-a2bd-4bc9-b6e2-839ff25947b6', '58afa461-40bb-4665-9087-ca98067a98ad', NULL, 'step1', 'بيانات المتقدم', 'Applicant Information', 'dateOfBirth', 'date', 'تاريخ الميلاد', 'Date of Birth', '', '', NULL, NULL, true, '{}'::jsonb, NULL, NULL, 6, true, '2025-12-09T20:05:29.526285+00:00', '2025-12-11T08:12:59.5575+00:00', NULL, 'full', 'medium', 'normal', false),
  ('ebd571c4-fc47-4ce2-aafa-b8996496089a', '58afa461-40bb-4665-9087-ca98067a98ad', NULL, 'step1', 'بيانات المتقدم', 'Applicant Information', 'motherName', 'text', 'اسم الأم رباعي', 'Mother Full Name', 'أدخل اسم الأم الرباعي', 'Enter mother full name', NULL, NULL, true, '{}'::jsonb, NULL, NULL, 7, true, '2025-12-09T20:05:29.526285+00:00', '2025-12-11T08:12:59.812685+00:00', NULL, 'full', 'medium', 'normal', false),
  ('2b9322ca-a30e-4adc-bedb-bdedb118bc29', 'f4104861-1bab-4a7c-b561-3df15a0c9a04', NULL, 'step1', 'بيانات المتقدم', 'Applicant Information', 'nationalId', 'text', 'الرقم الوطني او الجواز لغير السودانين', 'National ID Number or Passport Number (for non-Sudanese)', ' الرقم الوطني أو الجواز  لغير السودانين', 'Enter ID or passport', NULL, NULL, true, '{}'::jsonb, NULL, NULL, 10, true, '2025-12-09T20:06:39.014216+00:00', '2025-12-18T12:57:12.390448+00:00', NULL, 'full', 'medium', 'normal', false),
  ('c3e85206-3d9a-46b3-ab96-3016855e4b16', 'f4104861-1bab-4a7c-b561-3df15a0c9a04', NULL, 'step1', 'بيانات المتقدم', 'Applicant Information', 'specialCaseDescription', 'textarea', 'وصف الحالة الخاصة', 'Special Case Description', 'اذكر وصف الحالة', 'Describe the case', NULL, NULL, false, '{}'::jsonb, NULL, NULL, 19, true, '2025-12-09T20:06:39.014216+00:00', '2025-12-18T12:57:26.198949+00:00', NULL, 'full', 'medium', 'normal', false),
  ('dcb58f6b-adc3-4514-ac3d-b64f566fd732', 'f4104861-1bab-4a7c-b561-3df15a0c9a04', NULL, 'step2', 'معلومات ولي الأمر', 'Guardian Information', 'guardianPhone', 'tel', 'رقم الجوال', 'Phone Number', '05xxxxxxxx', '05xxxxxxxx', NULL, NULL, true, '{}'::jsonb, NULL, NULL, 24, true, '2025-12-09T20:06:39.014216+00:00', '2025-12-18T12:57:27.499727+00:00', NULL, 'full', 'medium', 'normal', false),
  ('513b85f6-e648-47cc-a329-0a0f6064cb95', 'f4104861-1bab-4a7c-b561-3df15a0c9a04', NULL, 'step2', 'معلومات ولي الأمر', 'Guardian Information', 'guardianRelation', 'select', 'صلة القرابة', 'Relation', 'اختر صلة القرابة', 'Select relation', NULL, NULL, true, '{}'::jsonb, '[{"value":"father","label_ar":"والد","label_en":"Father"},{"value":"mother","label_ar":"والدة","label_en":"Mother"},{"value":"guardian","label_ar":"ولي أمر","label_en":"Guardian"},{"value":"other","label_ar":"أخرى","label_en":"Other"}]'::jsonb, NULL, 23, true, '2025-12-09T20:06:39.014216+00:00', '2025-12-18T12:57:27.308445+00:00', NULL, 'full', 'medium', 'normal', false),
  ('ff310da2-2685-42ad-9860-748898de31bd', 'f4104861-1bab-4a7c-b561-3df15a0c9a04', NULL, 'step1', 'بيانات المتقدم', 'Applicant Information', 'qualificationType', 'select', 'نوع المؤهل', 'Qualification Type', 'اختر نوع المؤهل', 'Select qualification', NULL, NULL, true, '{}'::jsonb, '[{"value":"basic","label_ar":"أساس","label_en":"Basic"},{"value":"intermediate","label_ar":"متوسطة","label_en":"Intermediate"},{"value":"secondary","label_ar":"ثانوي","label_en":"Secondary"}]'::jsonb, NULL, 16, true, '2025-12-09T20:06:39.014216+00:00', '2025-12-18T12:57:24.959342+00:00', NULL, 'half', 'medium', 'normal', false),
  ('b17b1917-f2d8-478d-afc9-642f1e889299', 'f4104861-1bab-4a7c-b561-3df15a0c9a04', NULL, 'step1', 'بيانات المتقدم', 'Applicant Information', 'specialCase', 'select', 'حالة خاصة', 'Special Case', 'اختر الحالة', 'Select case', NULL, NULL, false, '{}'::jsonb, '[{"value":"","label_ar":"لا توجد","label_en":"None"},{"value":"mobility","label_ar":"إعاقة حركية","label_en":"Mobility Disability"},{"value":"hearing","label_ar":"إعاقة سمعية","label_en":"Hearing Disability"},{"value":"visual","label_ar":"إعاقة بصرية","label_en":"Visual Disability"},{"value":"learning","label_ar":"صعوبة تعلم","label_en":"Learning Difficulty"},{"value":"attention","label_ar":"تشتت انتباه","label_en":"Attention Deficit"}]'::jsonb, NULL, 18, true, '2025-12-09T20:06:39.014216+00:00', '2025-12-18T12:57:25.923661+00:00', NULL, 'full', 'medium', 'normal', false),
  ('05c591c5-1b68-4cb7-93d6-ae9f1012f599', 'f4104861-1bab-4a7c-b561-3df15a0c9a04', NULL, 'step3', 'اختيار المواد', 'Subject Selection', 'electiveSubject', 'radio', 'المادة الاختيارية', 'Elective Subject', '', '', 'الاختيار لمادة واحدة فقط', 'Choose only one subject', true, '{}'::jsonb, '[{"value":"biology","label_ar":"الأحياء","label_en":"Biology"},{"value":"computer","label_ar":"علوم الحاسوب","label_en":"Computer Science"},{"value":"engineering","label_ar":"العلوم الهندسية","label_en":"Engineering"},{"value":"arts_design","label_ar":"الفنون والتصميم","label_en":"Arts & Design"},{"value":"islamic_studies","label_ar":"الدراسات الإسلامية","label_en":"Islamic Studies"},{"value":"english_literature","label_ar":"الأدب الإنجليزي","label_en":"English Literature"},{"value":"french","label_ar":"اللغة الفرنسية","label_en":"French"}]'::jsonb, NULL, 29, true, '2025-12-09T20:06:39.014216+00:00', '2025-12-18T12:57:28.447208+00:00', NULL, 'full', 'medium', 'normal', false),
  ('eb713f40-5512-4b39-85ef-692b938a20ed', 'f4104861-1bab-4a7c-b561-3df15a0c9a04', NULL, 'step1', 'بيانات المتقدم', 'Applicant Information', 'nationality', 'radio', 'الجنسية', 'Nationality', '', '', NULL, NULL, true, '{}'::jsonb, '[{"value":"sudanese","label_ar":"سوداني","label_en":"Sudanese"},{"value":"non-sudanese","label_ar":"غير سوداني","label_en":"Non-Sudanese"}]'::jsonb, NULL, 1, true, '2025-12-09T20:06:39.014216+00:00', '2025-12-18T12:57:06.308133+00:00', NULL, 'full', 'medium', 'normal', false),
  ('f571ae57-d16a-4ec7-8b8c-f2c62836687c', 'f4104861-1bab-4a7c-b561-3df15a0c9a04', NULL, 'step1', 'بيانات المتقدم', 'Applicant Information', 'dateOfBirth', 'date', 'تاريخ الميلاد', 'Date of Birth', '', '', NULL, NULL, true, '{}'::jsonb, NULL, NULL, 11, true, '2025-12-09T20:06:39.014216+00:00', '2025-12-18T12:57:12.635383+00:00', NULL, 'full', 'medium', 'normal', false),
  ('056d0d0b-051a-4a74-9cee-ee66baab142e', 'f4104861-1bab-4a7c-b561-3df15a0c9a04', NULL, 'step1', 'بيانات المتقدم', 'Applicant Information', 'gender', 'radio', 'النوع', 'Gender', '', '', NULL, NULL, true, '{}'::jsonb, '[{"value":"male","label_ar":"ذكر","label_en":"Male"},{"value":"female","label_ar":"أنثى","label_en":"Female"}]'::jsonb, NULL, 0, true, '2025-12-09T20:06:39.014216+00:00', '2025-12-18T12:57:06.087393+00:00', NULL, 'full', 'medium', 'normal', false),
  ('a7d5cfe6-8482-488b-bcf2-487059d1a2e5', 'f4104861-1bab-4a7c-b561-3df15a0c9a04', NULL, 'step2', 'معلومات ولي الأمر', 'Guardian Information', 'guardianWorkplace', 'text', 'مكان العمل', 'Workplace', 'أدخل مكان العمل', 'Enter workplace', NULL, NULL, true, '{}'::jsonb, NULL, NULL, 25, true, '2025-12-09T20:06:39.014216+00:00', '2025-12-18T12:57:27.677317+00:00', NULL, 'full', 'medium', 'normal', false),
  ('fb96c188-a327-42e8-9da8-91e7779d6132', 'f4104861-1bab-4a7c-b561-3df15a0c9a04', NULL, 'step1', 'بيانات المتقدم', 'Applicant Information', 'examLanguage', 'radio', 'لغة الامتحان', 'Exam Language', '', '', NULL, NULL, true, '{}'::jsonb, '[{"value":"arabic","label_ar":"عربي","label_en":"Arabic"},{"value":"english","label_ar":"إنجليزي","label_en":"English"}]'::jsonb, NULL, 4, true, '2025-12-09T20:06:39.014216+00:00', '2025-12-18T12:57:08.560068+00:00', NULL, 'full', 'medium', 'normal', false),
  ('b46de493-00d3-418d-be57-8a82a807a335', 'f4104861-1bab-4a7c-b561-3df15a0c9a04', NULL, 'step1', 'بيانات المتقدم', 'Applicant Information', 'priorSeatNumber', 'text', 'رقم الجلوس الذي جلست به للمؤهل', 'Prior Seat Number', 'أدخل رقم الجلوس', 'Enter seat number', NULL, NULL, true, '{}'::jsonb, NULL, NULL, 17, true, '2025-12-09T20:06:39.014216+00:00', '2025-12-18T12:57:25.539162+00:00', NULL, 'half', 'medium', 'normal', false),
  ('2b25022f-bce9-4bad-9602-28632d85427f', 'f4104861-1bab-4a7c-b561-3df15a0c9a04', NULL, 'step1', 'بيانات المتقدم', 'Applicant Information', 'schoolName', 'text', 'اسم المدرسة', 'School Name', 'أدخل اسم المدرسة', 'Enter school name', NULL, NULL, true, '{}'::jsonb, NULL, NULL, 15, true, '2025-12-09T20:06:39.014216+00:00', '2025-12-18T12:57:24.162906+00:00', NULL, 'full', 'medium', 'normal', false),
  ('f379a149-6794-418e-99fb-f4651cc7d012', 'f4104861-1bab-4a7c-b561-3df15a0c9a04', NULL, 'step1', 'بيانات المتقدم', 'Applicant Information', 'year', 'text', 'سنة المؤاهل', 'Year', 'أدخل العام', 'Enter year', NULL, NULL, true, '{}'::jsonb, NULL, NULL, 13, true, '2025-12-09T20:06:39.014216+00:00', '2025-12-18T12:57:18.899078+00:00', NULL, 'half', 'medium', 'normal', false),
  ('a6791506-d736-46a9-bc46-7db4a27ce94d', 'f4104861-1bab-4a7c-b561-3df15a0c9a04', NULL, 'step1', 'بيانات المتقدم', 'Applicant Information', 'motherName', 'text', 'اسم الأم رباعي', 'Mother Full Name', 'أدخل اسم الأم الرباعي', 'Enter mother full name', NULL, NULL, true, '{}'::jsonb, NULL, NULL, 12, true, '2025-12-09T20:06:39.014216+00:00', '2025-12-18T12:57:18.250852+00:00', NULL, 'full', 'medium', 'normal', false),
  ('7a056264-bee3-4f1f-8e6f-4645faec1069', 'f4104861-1bab-4a7c-b561-3df15a0c9a04', NULL, 'step1', 'بيانات المتقدم', 'Applicant Information', 'specificNationality', 'text', 'نوع الجنسية', 'Specific Nationality', 'أدخل الجنسية', 'Enter nationality', NULL, NULL, false, '{}'::jsonb, NULL, NULL, 3, true, '2025-12-09T20:06:39.014216+00:00', '2025-12-18T12:57:06.95332+00:00', '{"logic":"OR","show_when":[{"id":"condition_1765471166719_pazc3fge9","field":"nationality","value":"non-sudanese","operator":"equals"}]}'::jsonb, 'full', 'medium', 'normal', false),
  ('17a15881-2400-4785-9d48-24984dd32724', 'f4104861-1bab-4a7c-b561-3df15a0c9a04', NULL, 'step1', 'بيانات المتقدم', 'Applicant Information', 'mobileNumber', 'tel', 'رقم هاتف جوال', 'Mobile Number', '05xxxxxxxx', '05xxxxxxxx', NULL, NULL, true, '{}'::jsonb, NULL, NULL, 20, true, '2025-12-09T20:06:39.014216+00:00', '2025-12-18T12:57:26.503778+00:00', NULL, 'full', 'medium', 'normal', false),
  ('2bd6df88-d1a7-492a-875f-8851ee1532b0', 'f4104861-1bab-4a7c-b561-3df15a0c9a04', NULL, 'step1', 'بيانات المتقدم', 'Applicant Information', 'fullName', 'text', 'اسم الطالب كاملاً', 'Full Name as per National ID', 'أدخل الاسم الرباعي', 'Enter full name', NULL, NULL, true, '{}'::jsonb, NULL, NULL, 9, true, '2025-12-09T20:06:39.014216+00:00', '2025-12-18T12:57:12.214581+00:00', NULL, 'half', 'medium', 'normal', false),
  ('57df50f4-c605-4a38-ba0c-496d421dc0b6', '1e5b92de-03bf-4669-85db-5e766835f215', '8865e5f9-972d-4f2f-bbfa-5f29d2b78302', 'service-details', 'بيانات الخدمة', NULL, 'poaPurpose', 'select', 'الغرض من التوكيل', 'Purpose of POA', 'اختر الغرض', NULL, NULL, NULL, true, '{}'::jsonb, '[{"label":"حصر ورثة","value":"inventory"},{"label":"إصدار إعلام شرعي","value":"certificate"},{"label":"أخرى","value":"other"}]'::jsonb, NULL, 7, true, '2025-12-12T18:29:20.386182+00:00', '2025-12-12T18:29:20.386182+00:00', '{"field":"inheritanceType","value":"inheritance_inventory_form","operator":"=="}'::jsonb, 'full', 'medium', 'normal', false),
  ('3a95acde-df8d-4dab-bb9d-2b1aaa9c327b', '1e5b92de-03bf-4669-85db-5e766835f215', '8865e5f9-972d-4f2f-bbfa-5f29d2b78302', 'service-details', 'بيانات الخدمة', NULL, 'principalName', 'text', 'اسم الموكل (رباعي)', 'Principal Name (Full)', 'أدخل الاسم الرباعي للموكل', NULL, NULL, NULL, true, '{}'::jsonb, '[]'::jsonb, NULL, 1, true, '2025-12-12T18:29:20.386182+00:00', '2025-12-14T17:51:03.235594+00:00', NULL, 'full', 'medium', 'normal', false),
  ('ebc464f8-c4ae-4b74-85a7-71fa63d7033f', '1e5b92de-03bf-4669-85db-5e766835f215', '8865e5f9-972d-4f2f-bbfa-5f29d2b78302', 'service-details', 'بيانات الخدمة', NULL, 'principalPassport', 'text', 'رقم جواز الموكل', 'Principal Passport Number', 'أدخل رقم جواز السفر', NULL, NULL, NULL, true, '{}'::jsonb, '[]'::jsonb, NULL, 2, true, '2025-12-12T18:29:20.386182+00:00', '2025-12-14T17:51:03.235594+00:00', NULL, 'full', 'medium', 'normal', false),
  ('b8b25d79-9cd0-4a93-b252-4f942b805038', '1e5b92de-03bf-4669-85db-5e766835f215', '8865e5f9-972d-4f2f-bbfa-5f29d2b78302', 'service-details', 'بيانات الخدمة', NULL, 'courtName', 'text', 'اسم المحكمة', 'Court Name', 'أدخل اسم المحكمة', NULL, NULL, NULL, true, '{}'::jsonb, '[]'::jsonb, NULL, 12, true, '2025-12-12T18:29:20.386182+00:00', '2025-12-12T18:29:20.386182+00:00', '{"field":"inheritanceType","value":"inheritance_waiver","operator":"=="}'::jsonb, 'full', 'medium', 'normal', false),
  ('c36a0b68-694a-4526-9b05-0ebf9c2e60ab', '1e5b92de-03bf-4669-85db-5e766835f215', '8865e5f9-972d-4f2f-bbfa-5f29d2b78302', 'service-details', 'بيانات الخدمة', NULL, 'inheritanceType', 'select', 'نوع توكيل الورثة', 'Type of Inheritance POA', 'اختر نوع التوكيل', NULL, NULL, NULL, true, '{}'::jsonb, '[{"label":"حصر الورثة","value":"inheritance_inventory_form"},{"label":"تنازل عن نصيب في ورثة","value":"inheritance_waiver"},{"label":"تقاضي ورثة","value":"inheritance_litigation"},{"label":"إشراف ورثة","value":"inheritance_supervision"},{"label":"تصرف في ورثة","value":"inheritance_disposal"},{"label":"استلام ورثة","value":"inheritance_receipt"},{"label":"أخرى","value":"other_inheritance"}]'::jsonb, NULL, 6, true, '2025-12-12T18:29:20.386182+00:00', '2025-12-14T17:51:03.235594+00:00', NULL, 'full', 'medium', 'normal', false),
  ('b020b91c-e590-4bb3-8d44-77812e1777dd', '1e5b92de-03bf-4669-85db-5e766835f215', '8865e5f9-972d-4f2f-bbfa-5f29d2b78302', 'service-details', 'بيانات الخدمة', NULL, 'firstWitnessPassport', 'text', 'رقم جواز سفر ساري - الشاهد الأول', 'First Witness Passport Number', 'أدخل رقم جواز السفر', NULL, NULL, NULL, true, '{}'::jsonb, '[]'::jsonb, NULL, 15, true, '2025-12-12T18:29:20.386182+00:00', '2025-12-14T17:51:03.235594+00:00', NULL, 'full', 'medium', 'normal', false),
  ('724646f3-65bc-47a6-b253-2e80e118e01c', '1e5b92de-03bf-4669-85db-5e766835f215', '8865e5f9-972d-4f2f-bbfa-5f29d2b78302', 'service-details', 'بيانات الخدمة', NULL, 'secondWitnessPassport', 'text', 'رقم جواز سفر ساري - الشاهد الثاني', 'Second Witness Passport Number', 'أدخل رقم جواز السفر', NULL, NULL, NULL, true, '{}'::jsonb, '[]'::jsonb, NULL, 17, true, '2025-12-12T18:29:20.386182+00:00', '2025-12-14T17:51:03.235594+00:00', NULL, 'full', 'medium', 'normal', false),
  ('68dd3260-6f99-4e20-827e-459a48c7d519', '1e5b92de-03bf-4669-85db-5e766835f215', '8865e5f9-972d-4f2f-bbfa-5f29d2b78302', 'service-details', 'بيانات الخدمة', NULL, 'estateNumber', 'text', 'رقم التركة', 'Estate Number', 'أدخل رقم التركة', NULL, NULL, NULL, true, '{}'::jsonb, '[]'::jsonb, NULL, 11, true, '2025-12-12T18:29:20.386182+00:00', '2025-12-12T18:29:20.386182+00:00', '{"field":"inheritanceType","value":"inheritance_waiver","operator":"=="}'::jsonb, 'full', 'medium', 'normal', false),
  ('b705bb95-b0d3-4c3c-b7f2-f4ed46088101', '1e5b92de-03bf-4669-85db-5e766835f215', '8865e5f9-972d-4f2f-bbfa-5f29d2b78302', 'service-details', 'بيانات الخدمة', NULL, 'legalNoticeNumber', 'text', 'رقم الإعلام الشرعي / إعلام الورثة', 'Legal Notice / Inheritance Certificate Number', 'أدخل رقم الإعلام', NULL, NULL, NULL, true, '{}'::jsonb, '[]'::jsonb, NULL, 10, true, '2025-12-12T18:29:20.386182+00:00', '2025-12-12T18:29:20.386182+00:00', '{"field":"inheritanceType","value":"inheritance_waiver","operator":"=="}'::jsonb, 'full', 'medium', 'normal', false),
  ('68d13192-7dc5-4198-951f-930e29912699', '1e5b92de-03bf-4669-85db-5e766835f215', '8865e5f9-972d-4f2f-bbfa-5f29d2b78302', 'service-details', 'بيانات الخدمة', NULL, 'secondWitnessName', 'text', 'اسم الشاهد الثاني', 'Second Witness Name', 'أدخل اسم الشاهد الثاني', NULL, NULL, NULL, true, '{}'::jsonb, '[]'::jsonb, NULL, 16, true, '2025-12-12T18:29:20.386182+00:00', '2025-12-14T17:51:03.235594+00:00', NULL, 'full', 'medium', 'normal', false),
  ('f457b71a-e89c-44da-8ea8-4e49947cd435', '1e5b92de-03bf-4669-85db-5e766835f215', '8865e5f9-972d-4f2f-bbfa-5f29d2b78302', 'service-details', 'بيانات الخدمة', NULL, 'inheritanceDescription', 'textarea', 'وصف معاملة الورثة', 'Inheritance Transaction Description', 'أدخل وصفاً تفصيلياً للمعاملة', NULL, NULL, NULL, true, '{}'::jsonb, '[]'::jsonb, NULL, 13, true, '2025-12-12T18:29:20.386182+00:00', '2025-12-12T18:29:20.386182+00:00', '{"field":"inheritanceType","value":"other_inheritance","operator":"=="}'::jsonb, 'full', 'medium', 'normal', false),
  ('54277d99-a162-4553-a455-46591516455d', '1e5b92de-03bf-4669-85db-5e766835f215', '8865e5f9-972d-4f2f-bbfa-5f29d2b78302', 'service-details', 'بيانات الخدمة', NULL, 'firstWitnessName', 'text', 'اسم الشاهد الأول', 'First Witness Name', 'أدخل اسم الشاهد الأول', NULL, NULL, NULL, true, '{}'::jsonb, '[]'::jsonb, NULL, 14, true, '2025-12-12T18:29:20.386182+00:00', '2025-12-14T17:51:03.235594+00:00', NULL, 'full', 'medium', 'normal', false),
  ('c4c4efda-1619-4669-a1e0-25dc09dacf88', '1e5b92de-03bf-4669-85db-5e766835f215', '8865e5f9-972d-4f2f-bbfa-5f29d2b78302', 'service-details', 'بيانات الخدمة', NULL, 'inheritedPersonName', 'text', 'اسم المورِّث', 'Deceased Name', 'أدخل اسم المورث', NULL, NULL, NULL, true, '{}'::jsonb, '[]'::jsonb, NULL, 9, true, '2025-12-12T18:29:20.386182+00:00', '2025-12-12T18:29:20.386182+00:00', '{"field":"inheritanceType","value":["inheritance_waiver","inheritance_litigation"],"operator":"in"}'::jsonb, 'full', 'medium', 'normal', false),
  ('911751ba-81f4-47b7-b145-9d9bf6c649d6', '1e5b92de-03bf-4669-85db-5e766835f215', '8865e5f9-972d-4f2f-bbfa-5f29d2b78302', 'service-details', 'بيانات الخدمة', NULL, 'agentName', 'text', 'اسم الوكيل (رباعي)', 'Agent Name (Full)', 'أدخل الاسم الرباعي للوكيل', NULL, NULL, NULL, true, '{}'::jsonb, '[]'::jsonb, NULL, 3, true, '2025-12-12T18:29:20.386182+00:00', '2025-12-14T17:51:03.235594+00:00', NULL, 'full', 'medium', 'normal', false),
  ('67c14964-fe84-4730-a235-ca6a3adc3650', '1e5b92de-03bf-4669-85db-5e766835f215', '8865e5f9-972d-4f2f-bbfa-5f29d2b78302', 'service-details', 'بيانات الخدمة', NULL, 'otherPurpose', 'text', 'حدد الغرض', 'Specify Purpose', 'أدخل الغرض من التوكيل', NULL, NULL, NULL, true, '{}'::jsonb, '[]'::jsonb, NULL, 8, true, '2025-12-12T18:29:20.386182+00:00', '2025-12-12T18:29:20.386182+00:00', '{"operator":"AND","conditions":[{"field":"inheritanceType","value":"inheritance_inventory_form","operator":"=="},{"field":"poaPurpose","value":"other","operator":"=="}]}'::jsonb, 'full', 'medium', 'normal', false),
  ('6ae5c508-eb51-4e7e-aff4-23f7433db70b', '1e5b92de-03bf-4669-85db-5e766835f215', '8865e5f9-972d-4f2f-bbfa-5f29d2b78302', 'service-details', 'بيانات الخدمة', NULL, 'poaUsagePlace', 'text', 'مكان استخدام التوكيل (الدولة)', 'POA Usage Location (Country)', 'أدخل اسم الدولة', NULL, NULL, NULL, true, '{}'::jsonb, '[]'::jsonb, NULL, 5, true, '2025-12-12T18:29:20.386182+00:00', '2025-12-14T17:51:03.235594+00:00', NULL, 'full', 'medium', 'normal', false),
  ('23891b96-3948-4878-a112-638d666ba824', '1e5b92de-03bf-4669-85db-5e766835f215', '8865e5f9-972d-4f2f-bbfa-5f29d2b78302', 'service-details', 'بيانات الخدمة', NULL, 'agentPassport', 'text', 'رقم جواز الوكيل', 'Agent Passport Number', 'أدخل رقم جواز السفر', NULL, NULL, NULL, true, '{}'::jsonb, '[]'::jsonb, NULL, 4, true, '2025-12-12T18:29:20.386182+00:00', '2025-12-14T17:51:03.235594+00:00', NULL, 'full', 'medium', 'normal', false),
  ('3a56ab28-47f5-4fd6-8541-0086785feaee', '1e5b92de-03bf-4669-85db-5e766835f215', '276a288e-e43d-4d02-8709-0049db1d7b16', 'service-details', 'بيانات الخدمة', NULL, 'poaSubtype', 'select', 'نوع معاملة الشركة', 'Company Transaction Type', 'اختر نوع المعاملة', NULL, NULL, NULL, true, '{}'::jsonb, '[{"label":"استمارة تسجيل شركة","value":"company_registration_form"},{"label":"استمارة تأسيس اسم عمل","value":"business_name_form"},{"label":"التصرف في اسهم","value":"shares_disposal"},{"label":"أخرى","value":"other_companies"}]'::jsonb, NULL, 6, true, '2025-12-12T18:38:29.077446+00:00', '2025-12-14T17:51:03.235594+00:00', NULL, 'full', 'medium', 'normal', false),
  ('38fa1460-edc8-4433-986f-7a60927c3a87', 'd75c0060-1a0a-4c55-a467-39424bc75d74', NULL, 'service-details', 'بيانات الخدمة', NULL, 'agentName', 'text', 'اسم الوكيل (رباعي)', 'Agent Name (Full)', 'أدخل الاسم الرباعي للوكيل', NULL, NULL, NULL, true, '{}'::jsonb, '[]'::jsonb, NULL, 3, true, '2025-12-12T19:03:55.142088+00:00', '2025-12-14T17:51:03.235594+00:00', NULL, 'full', 'medium', 'normal', false),
  ('4ea66301-c377-47ed-8689-6c7853e0f72d', 'd75c0060-1a0a-4c55-a467-39424bc75d74', NULL, 'service-details', 'بيانات الخدمة', NULL, 'inheritanceDescription', 'textarea', 'وصف معاملة الورثة', 'Inheritance Transaction Description', 'أدخل وصفاً تفصيلياً للمعاملة', NULL, NULL, NULL, true, '{}'::jsonb, '[]'::jsonb, NULL, 13, true, '2025-12-12T19:03:55.142088+00:00', '2025-12-12T19:03:55.142088+00:00', '{"field":"inheritanceType","value":"other_inheritance","operator":"=="}'::jsonb, 'full', 'medium', 'normal', false),
  ('f832c37c-0fb1-4d9c-91e4-2c2ba387f0b7', 'd75c0060-1a0a-4c55-a467-39424bc75d74', NULL, 'service-details', 'بيانات الخدمة', NULL, 'courtName', 'text', 'اسم المحكمة', 'Court Name', 'أدخل اسم المحكمة', NULL, NULL, NULL, true, '{}'::jsonb, '[]'::jsonb, NULL, 12, true, '2025-12-12T19:03:55.142088+00:00', '2025-12-12T19:03:55.142088+00:00', '{"field":"inheritanceType","value":"inheritance_waiver","operator":"=="}'::jsonb, 'full', 'medium', 'normal', false),
  ('5b229099-7205-4ec2-9cfe-be8e2771a38a', 'd75c0060-1a0a-4c55-a467-39424bc75d74', NULL, 'service-details', 'بيانات الخدمة', NULL, 'secondWitnessPassport', 'text', 'رقم جواز سفر ساري - الشاهد الثاني', 'Second Witness Passport Number', 'أدخل رقم جواز السفر', NULL, NULL, NULL, true, '{}'::jsonb, '[]'::jsonb, NULL, 17, true, '2025-12-12T19:03:55.142088+00:00', '2025-12-14T17:51:03.235594+00:00', NULL, 'full', 'medium', 'normal', false),
  ('6ece4e54-8bd3-45b0-ad17-6d4604c2c29d', 'd75c0060-1a0a-4c55-a467-39424bc75d74', NULL, 'service-details', 'بيانات الخدمة', NULL, 'secondWitnessName', 'text', 'اسم الشاهد الثاني', 'Second Witness Name', 'أدخل اسم الشاهد الثاني', NULL, NULL, NULL, true, '{}'::jsonb, '[]'::jsonb, NULL, 16, true, '2025-12-12T19:03:55.142088+00:00', '2025-12-14T17:51:03.235594+00:00', NULL, 'full', 'medium', 'normal', false),
  ('31bb569c-e733-4012-9641-821e6c6c8c3f', 'd75c0060-1a0a-4c55-a467-39424bc75d74', NULL, 'service-details', 'بيانات الخدمة', NULL, 'firstWitnessPassport', 'text', 'رقم جواز سفر ساري - الشاهد الأول', 'First Witness Passport Number', 'أدخل رقم جواز السفر', NULL, NULL, NULL, true, '{}'::jsonb, '[]'::jsonb, NULL, 15, true, '2025-12-12T19:03:55.142088+00:00', '2025-12-14T17:51:03.235594+00:00', NULL, 'full', 'medium', 'normal', false),
  ('59e56808-18ad-4bc0-801a-2d6a6ce52cee', 'd75c0060-1a0a-4c55-a467-39424bc75d74', NULL, 'service-details', 'بيانات الخدمة', NULL, 'firstWitnessName', 'text', 'اسم الشاهد الأول', 'First Witness Name', 'أدخل اسم الشاهد الأول', NULL, NULL, NULL, true, '{}'::jsonb, '[]'::jsonb, NULL, 14, true, '2025-12-12T19:03:55.142088+00:00', '2025-12-14T17:51:03.235594+00:00', NULL, 'full', 'medium', 'normal', false),
  ('e1e6f2b8-bdcf-4b9c-a6eb-cd6e81b7d480', 'd75c0060-1a0a-4c55-a467-39424bc75d74', NULL, 'service-details', 'بيانات الخدمة', NULL, 'estateNumber', 'text', 'رقم التركة', 'Estate Number', 'أدخل رقم التركة', NULL, NULL, NULL, true, '{}'::jsonb, '[]'::jsonb, NULL, 11, true, '2025-12-12T19:03:55.142088+00:00', '2025-12-12T19:03:55.142088+00:00', '{"field":"inheritanceType","value":"inheritance_waiver","operator":"=="}'::jsonb, 'full', 'medium', 'normal', false),
  ('4946e5fc-aad8-4130-893b-724a93327a44', 'd75c0060-1a0a-4c55-a467-39424bc75d74', NULL, 'service-details', 'بيانات الخدمة', NULL, 'legalNoticeNumber', 'text', 'رقم الإعلام الشرعي / إعلام الورثة', 'Legal Notice / Inheritance Certificate Number', 'أدخل رقم الإعلام', NULL, NULL, NULL, true, '{}'::jsonb, '[]'::jsonb, NULL, 10, true, '2025-12-12T19:03:55.142088+00:00', '2025-12-12T19:03:55.142088+00:00', '{"field":"inheritanceType","value":"inheritance_waiver","operator":"=="}'::jsonb, 'full', 'medium', 'normal', false),
  ('9fbabeef-472a-4e1c-9782-40a56b223cf2', 'd75c0060-1a0a-4c55-a467-39424bc75d74', NULL, 'service-details', 'بيانات الخدمة', NULL, 'inheritedPersonName', 'text', 'اسم المورِّث', 'Deceased Name', 'أدخل اسم المورث', NULL, NULL, NULL, true, '{}'::jsonb, '[]'::jsonb, NULL, 9, true, '2025-12-12T19:03:55.142088+00:00', '2025-12-12T19:03:55.142088+00:00', '{"field":"inheritanceType","value":["inheritance_waiver","inheritance_litigation"],"operator":"in"}'::jsonb, 'full', 'medium', 'normal', false),
  ('98458349-ae42-4ee4-a504-84f109d1e364', 'd75c0060-1a0a-4c55-a467-39424bc75d74', NULL, 'service-details', 'بيانات الخدمة', NULL, 'otherPurpose', 'text', 'حدد الغرض', 'Specify Purpose', 'أدخل الغرض من التوكيل', NULL, NULL, NULL, true, '{}'::jsonb, '[]'::jsonb, NULL, 8, true, '2025-12-12T19:03:55.142088+00:00', '2025-12-12T19:03:55.142088+00:00', '{"operator":"AND","conditions":[{"field":"inheritanceType","value":"inheritance_inventory_form","operator":"=="},{"field":"poaPurpose","value":"other","operator":"=="}]}'::jsonb, 'full', 'medium', 'normal', false),
  ('278dbbaf-b752-4cda-be37-6205ba89ddb3', 'd75c0060-1a0a-4c55-a467-39424bc75d74', NULL, 'service-details', 'بيانات الخدمة', NULL, 'poaPurpose', 'select', 'الغرض من التوكيل', 'Purpose of POA', 'اختر الغرض', NULL, NULL, NULL, true, '{}'::jsonb, '[{"label":"حصر ورثة","value":"inventory"},{"label":"إصدار إعلام شرعي","value":"certificate"},{"label":"أخرى","value":"other"}]'::jsonb, NULL, 7, true, '2025-12-12T19:03:55.142088+00:00', '2025-12-12T19:03:55.142088+00:00', '{"field":"inheritanceType","value":"inheritance_inventory_form","operator":"=="}'::jsonb, 'full', 'medium', 'normal', false),
  ('ba48447b-43cd-4d44-b4d8-d469532b7ad7', 'd75c0060-1a0a-4c55-a467-39424bc75d74', NULL, 'service-details', 'بيانات الخدمة', NULL, 'inheritanceType', 'select', 'نوع توكيل الورثة', 'Type of Inheritance POA', 'اختر نوع التوكيل', NULL, NULL, NULL, true, '{}'::jsonb, '[{"label":"حصر الورثة","value":"inheritance_inventory_form"},{"label":"تنازل عن نصيب في ورثة","value":"inheritance_waiver"},{"label":"تقاضي ورثة","value":"inheritance_litigation"},{"label":"إشراف ورثة","value":"inheritance_supervision"},{"label":"تصرف في ورثة","value":"inheritance_disposal"},{"label":"استلام ورثة","value":"inheritance_receipt"},{"label":"أخرى","value":"other_inheritance"}]'::jsonb, NULL, 6, true, '2025-12-12T19:03:55.142088+00:00', '2025-12-14T17:51:03.235594+00:00', NULL, 'full', 'medium', 'normal', false),
  ('00bf6edb-568c-4302-90a2-728d8dd2ee41', 'd75c0060-1a0a-4c55-a467-39424bc75d74', NULL, 'service-details', 'بيانات الخدمة', NULL, 'agentPassport', 'text', 'رقم جواز الوكيل', 'Agent Passport Number', 'أدخل رقم جواز السفر', NULL, NULL, NULL, true, '{}'::jsonb, '[]'::jsonb, NULL, 4, true, '2025-12-12T19:03:55.142088+00:00', '2025-12-14T17:51:03.235594+00:00', NULL, 'full', 'medium', 'normal', false),
  ('c0b1d9b4-9dce-4ba9-9e26-66d2d33030ba', 'd75c0060-1a0a-4c55-a467-39424bc75d74', NULL, 'service-details', 'بيانات الخدمة', NULL, 'principalPassport', 'text', 'رقم جواز الموكل', 'Principal Passport Number', 'أدخل رقم جواز السفر', NULL, NULL, NULL, true, '{}'::jsonb, '[]'::jsonb, NULL, 2, true, '2025-12-12T19:03:55.142088+00:00', '2025-12-14T17:51:03.235594+00:00', NULL, 'full', 'medium', 'normal', false),
  ('785e43be-0faf-4d7e-b008-68ac32f6a075', 'd75c0060-1a0a-4c55-a467-39424bc75d74', NULL, 'service-details', 'بيانات الخدمة', NULL, 'principalName', 'text', 'اسم الموكل (رباعي)', 'Principal Name (Full)', 'أدخل الاسم الرباعي للموكل', NULL, NULL, NULL, true, '{}'::jsonb, '[]'::jsonb, NULL, 1, true, '2025-12-12T19:03:55.142088+00:00', '2025-12-14T17:51:03.235594+00:00', NULL, 'full', 'medium', 'normal', false),
  ('c4ba0418-c4a9-4a42-a498-64699d42d9ee', 'd75c0060-1a0a-4c55-a467-39424bc75d74', NULL, 'service-details', 'بيانات الخدمة', NULL, 'poaUsagePlace', 'text', 'مكان استخدام التوكيل (الدولة)', 'POA Usage Location (Country)', 'أدخل اسم الدولة', NULL, NULL, NULL, true, '{}'::jsonb, '[]'::jsonb, NULL, 5, true, '2025-12-12T19:03:55.142088+00:00', '2025-12-14T17:51:03.235594+00:00', NULL, 'full', 'medium', 'normal', false),
  ('28d88d6a-1ed5-4091-9e11-96a8aa6bfd4d', 'a5bd05ec-a9d4-44dc-887e-abfbe5743122', NULL, 'step1', 'تفاصيل الخدمة', 'Service Details', 'thirdPrincipalMobile', 'text', 'رقم جوال الموكل الثالث', 'Third Principal Mobile', NULL, NULL, NULL, NULL, false, '{"pattern":"^[0-9]{10}$"}'::jsonb, NULL, NULL, 6, true, '2025-12-13T07:52:15.057624+00:00', '2025-12-14T17:51:03.235594+00:00', NULL, 'full', 'medium', 'normal', false),
  ('afa34fbd-377a-45fd-8619-42234e17de5d', 'a5bd05ec-a9d4-44dc-887e-abfbe5743122', NULL, 'step1', 'تفاصيل الخدمة', 'Service Details', 'poaType', 'select', 'نوع الوكالة', 'POA Type', NULL, NULL, NULL, NULL, true, '{"required":"نوع الوكالة مطلوب"}'::jsonb, '[{"label":"تقاضي بشأن قطعة ارض : عقار","value":"land_litigation"},{"label":"تقاضي بشأن ساقية","value":"irrigation_litigation"},{"label":"تقاضي بشأن حضانة شخصية","value":"custody_litigation"},{"label":"إقامة دعوى","value":"file_lawsuit"},{"label":"اشهاد تصحيح الاسم","value":"name_correction"},{"label":"المحاكم السعودية","value":"saudi_courts"},{"label":"مقاضاة بالمحاكم المصرية","value":"egyptian_courts"},{"label":"اخري","value":"other_courts"}]'::jsonb, NULL, 1, true, '2025-12-13T07:52:15.057624+00:00', '2025-12-14T17:51:03.235594+00:00', NULL, 'full', 'medium', 'normal', false),
  ('f13c4767-27f5-4135-8a8b-29c809918683', 'a5bd05ec-a9d4-44dc-887e-abfbe5743122', NULL, 'step1', 'تفاصيل الخدمة', 'Service Details', 'secondPrincipalMobile', 'text', 'رقم جوال الموكل الثاني', 'Second Principal Mobile', NULL, NULL, NULL, NULL, false, '{"pattern":"^[0-9]{10}$"}'::jsonb, NULL, NULL, 5, true, '2025-12-13T07:52:15.057624+00:00', '2025-12-14T17:51:03.235594+00:00', NULL, 'full', 'medium', 'normal', false),
  ('5ec404a4-d3c4-47f8-9b64-db26fdd161f7', 'a5bd05ec-a9d4-44dc-887e-abfbe5743122', NULL, 'step1', 'تفاصيل الخدمة', 'Service Details', 'firstPrincipalMobile', 'text', 'رقم جوال الموكل الأول', 'First Principal Mobile', NULL, NULL, NULL, NULL, true, '{"pattern":"^[0-9]{10}$","required":"رقم جوال الموكل الأول مطلوب"}'::jsonb, NULL, NULL, 4, true, '2025-12-13T07:52:15.057624+00:00', '2025-12-14T17:51:03.235594+00:00', NULL, 'full', 'medium', 'normal', false),
  ('02e34f71-3e56-4d7a-9f49-18b50524e8d5', 'a5bd05ec-a9d4-44dc-887e-abfbe5743122', NULL, 'step1', 'تفاصيل الخدمة', 'Service Details', 'idOrPassport', 'text', 'رقم الهوية (أو جواز السفر)', 'ID or Passport Number', NULL, NULL, NULL, NULL, true, '{"required":"رقم الهوية أو جواز السفر مطلوب"}'::jsonb, NULL, NULL, 3, true, '2025-12-13T07:52:15.057624+00:00', '2025-12-14T17:51:03.235594+00:00', NULL, 'full', 'medium', 'normal', false),
  ('48d8dcee-ccab-4298-8570-16aba9d793fc', 'a5bd05ec-a9d4-44dc-887e-abfbe5743122', NULL, 'step1', 'تفاصيل الخدمة', 'Service Details', 'firstPrincipalName', 'text', 'اسم الموكل الأول (بالعربية)', 'First Principal Name (Arabic)', NULL, NULL, NULL, NULL, true, '{"required":"اسم الموكل الأول مطلوب"}'::jsonb, NULL, NULL, 2, true, '2025-12-13T07:52:15.057624+00:00', '2025-12-14T17:51:03.235594+00:00', NULL, 'full', 'medium', 'normal', false),
  ('44aabf89-530c-4fa5-89a0-45de8ed64374', 'a5bd05ec-a9d4-44dc-887e-abfbe5743122', NULL, 'step1', 'تفاصيل الخدمة', 'Service Details', 'fourthPrincipalMobile', 'text', 'رقم جوال الموكل الرابع', 'Fourth Principal Mobile', NULL, NULL, NULL, NULL, false, '{"pattern":"^[0-9]{10}$"}'::jsonb, NULL, NULL, 7, true, '2025-12-13T07:52:15.057624+00:00', '2025-12-14T17:51:03.235594+00:00', NULL, 'full', 'medium', 'normal', false),
  ('676564fc-2d99-40c0-8cd7-3dfc5f2d1553', '1e5b92de-03bf-4669-85db-5e766835f215', 'f7c44bd4-7799-4437-a076-200c5ecdca5b', 'step_2', 'بيانات الخدمة', NULL, 'noteSubject', 'text', 'موضوع المذكرة', 'Note Subject', 'أدخل موضوع المذكرة', NULL, NULL, NULL, true, '{}'::jsonb, NULL, NULL, 31, true, '2025-12-13T23:38:49.208653+00:00', '2025-12-13T23:39:52.986884+00:00', '{"field":"poaSubtype","values":["foreign_embassy_memo"]}'::jsonb, 'full', 'medium', 'normal', false),
  ('eb28c22b-00a8-4a48-9e48-8455ed04f2ca', '1e5b92de-03bf-4669-85db-5e766835f215', 'f7c44bd4-7799-4437-a076-200c5ecdca5b', 'step_2', 'بيانات الخدمة', NULL, 'insuranceType', 'select', 'نوع التأمين', 'Insurance Type', 'اختر نوع التأمين', NULL, NULL, NULL, true, '{}'::jsonb, '[{"label":"تأمين صحي","value":"health"},{"label":"تأمين مركبات","value":"vehicle"},{"label":"تأمين على الحياة","value":"life"},{"label":"تأمين ممتلكات","value":"property"}]'::jsonb, NULL, 26, true, '2025-12-13T23:38:49.208653+00:00', '2025-12-13T23:39:52.986884+00:00', '{"field":"poaSubtype","values":["saudi_insurance_form"]}'::jsonb, 'full', 'medium', 'normal', false),
  ('81afd674-8144-4777-926e-6ac307462ccb', '1e5b92de-03bf-4669-85db-5e766835f215', 'f7c44bd4-7799-4437-a076-200c5ecdca5b', 'step_2', 'بيانات الخدمة', NULL, 'noteDetails', 'textarea', 'تفاصيل المذكرة', 'Note Details', 'اشرح تفاصيل المذكرة', NULL, NULL, NULL, true, '{}'::jsonb, NULL, NULL, 32, true, '2025-12-13T23:38:49.208653+00:00', '2025-12-13T23:39:52.986884+00:00', '{"field":"poaSubtype","values":["foreign_embassy_memo"]}'::jsonb, 'full', 'medium', 'normal', false),
  ('37e14beb-771e-4b2e-8103-e732429d194d', '1e5b92de-03bf-4669-85db-5e766835f215', 'f7c44bd4-7799-4437-a076-200c5ecdca5b', 'step_2', 'بيانات الخدمة', NULL, 'documentType', 'text', 'نوع المستند', 'Document Type', 'أدخل نوع المستند', NULL, NULL, NULL, true, '{}'::jsonb, NULL, NULL, 33, true, '2025-12-13T23:38:49.208653+00:00', '2025-12-13T23:39:52.986884+00:00', '{"field":"poaSubtype","values":["document_authentication"]}'::jsonb, 'full', 'medium', 'normal', false),
  ('78106b98-3968-4732-bf20-4a3b4915e14a', '1e5b92de-03bf-4669-85db-5e766835f215', 'f7c44bd4-7799-4437-a076-200c5ecdca5b', 'step_2', 'بيانات الخدمة', NULL, 'documentIssuer', 'text', 'جهة إصدار المستند', 'Document Issuer', 'أدخل اسم الجهة', NULL, NULL, NULL, true, '{}'::jsonb, NULL, NULL, 34, true, '2025-12-13T23:38:49.208653+00:00', '2025-12-13T23:39:52.986884+00:00', '{"field":"poaSubtype","values":["document_authentication"]}'::jsonb, 'full', 'medium', 'normal', false),
  ('a1af7576-cb36-40a0-8a2d-1824073e016d', '1e5b92de-03bf-4669-85db-5e766835f215', 'f7c44bd4-7799-4437-a076-200c5ecdca5b', 'step_2', 'بيانات الخدمة', NULL, 'additionalNotes', 'textarea', 'ملاحظات إضافية', 'Additional Notes', 'أضف أي ملاحظات إضافية', NULL, NULL, NULL, false, '{}'::jsonb, NULL, NULL, 38, true, '2025-12-13T23:38:49.208653+00:00', '2025-12-13T23:39:52.986884+00:00', '{"field":"poaSubtype","values":["other_general"]}'::jsonb, 'full', 'medium', 'normal', false),
  ('37a936e4-91b3-4e06-b86c-f78c0deef6d4', '1e5b92de-03bf-4669-85db-5e766835f215', 'f7c44bd4-7799-4437-a076-200c5ecdca5b', 'step_2', 'بيانات الخدمة', NULL, 'documentNumber', 'text', 'رقم المستند', 'Document Number', 'أدخل رقم المستند', NULL, NULL, NULL, false, '{}'::jsonb, NULL, NULL, 35, true, '2025-12-13T23:38:49.208653+00:00', '2025-12-13T23:39:52.986884+00:00', '{"field":"poaSubtype","values":["document_authentication"]}'::jsonb, 'full', 'medium', 'normal', false),
  ('7680a8de-fe4b-45d2-b103-f0f9bb75079e', '1e5b92de-03bf-4669-85db-5e766835f215', 'f7c44bd4-7799-4437-a076-200c5ecdca5b', 'step_2', 'بيانات الخدمة', NULL, 'documentIssueDate', 'date', 'تاريخ إصدار المستند', 'Document Issue Date', 'اختر التاريخ', NULL, NULL, NULL, false, '{}'::jsonb, NULL, NULL, 36, true, '2025-12-13T23:38:49.208653+00:00', '2025-12-13T23:39:52.986884+00:00', '{"field":"poaSubtype","values":["document_authentication"]}'::jsonb, 'full', 'medium', 'normal', false),
  ('1823faeb-fed6-4bd7-ae70-0d32fbcc63cf', '1e5b92de-03bf-4669-85db-5e766835f215', 'f7c44bd4-7799-4437-a076-200c5ecdca5b', 'step_2', 'بيانات الخدمة', NULL, 'procedureTitle', 'text', 'عنوان الإجراء', 'Procedure Title', 'أدخل عنوان الإجراء', NULL, NULL, NULL, true, '{}'::jsonb, NULL, NULL, 27, true, '2025-12-13T23:38:49.208653+00:00', '2025-12-13T23:39:52.986884+00:00', '{"field":"poaSubtype","values":["general_procedure_form"]}'::jsonb, 'full', 'medium', 'normal', false),
  ('5d0b4d83-9e27-404f-bbf0-5c4efd44b1f8', '1e5b92de-03bf-4669-85db-5e766835f215', 'f7c44bd4-7799-4437-a076-200c5ecdca5b', 'step_2', 'بيانات الخدمة', NULL, 'procedureDescription', 'textarea', 'وصف الإجراء', 'Procedure Description', 'اشرح تفاصيل الإجراء المطلوب', NULL, NULL, NULL, true, '{}'::jsonb, NULL, NULL, 28, true, '2025-12-13T23:38:49.208653+00:00', '2025-12-13T23:39:52.986884+00:00', '{"field":"poaSubtype","values":["general_procedure_form"]}'::jsonb, 'full', 'medium', 'normal', false),
  ('48be1be7-23a7-4c99-a428-28661b4c109c', '1e5b92de-03bf-4669-85db-5e766835f215', 'f7c44bd4-7799-4437-a076-200c5ecdca5b', 'step_2', 'بيانات الخدمة', NULL, 'targetEntity', 'text', 'الجهة المستهدفة', 'Target Entity', 'أدخل اسم الجهة', NULL, NULL, NULL, true, '{}'::jsonb, NULL, NULL, 29, true, '2025-12-13T23:38:49.208653+00:00', '2025-12-13T23:39:52.986884+00:00', '{"field":"poaSubtype","values":["general_procedure_form"]}'::jsonb, 'full', 'medium', 'normal', false),
  ('1d686a1d-87fd-4635-b0e8-e1aa5ae39c47', '1e5b92de-03bf-4669-85db-5e766835f215', 'f7c44bd4-7799-4437-a076-200c5ecdca5b', 'step_2', 'بيانات الخدمة', NULL, 'embassyCountry', 'text', 'الدولة (السفارة)', 'Country (Embassy)', 'أدخل اسم الدولة', NULL, NULL, NULL, true, '{}'::jsonb, NULL, NULL, 30, true, '2025-12-13T23:38:49.208653+00:00', '2025-12-13T23:39:52.986884+00:00', '{"field":"poaSubtype","values":["foreign_embassy_memo"]}'::jsonb, 'full', 'medium', 'normal', false),
  ('9754d36a-5408-411f-8caa-3dcb75fb7f01', '1e5b92de-03bf-4669-85db-5e766835f215', 'f7c44bd4-7799-4437-a076-200c5ecdca5b', 'step_2', 'بيانات الخدمة', NULL, 'otherPoaDescription', 'textarea', 'وصف التوكيل', 'POA Description', 'اشرح تفاصيل التوكيل المطلوب', NULL, NULL, NULL, true, '{}'::jsonb, NULL, NULL, 37, true, '2025-12-13T23:38:49.208653+00:00', '2025-12-13T23:39:52.986884+00:00', '{"field":"poaSubtype","values":["other_general"]}'::jsonb, 'full', 'medium', 'normal', false),
  ('c004e428-5d4c-4600-a343-18578e195a3f', '1e5b92de-03bf-4669-85db-5e766835f215', 'f7c44bd4-7799-4437-a076-200c5ecdca5b', 'step_2', 'بيانات الخدمة', NULL, 'telecomCompany', 'select', 'شركة الاتصالات', 'Telecom Company', 'اختر شركة الاتصالات', NULL, NULL, NULL, true, '{}'::jsonb, '[{"label":"STC","value":"stc"},{"label":"موبايلي","value":"mobily"},{"label":"زين","value":"zain"},{"label":"ليبارا","value":"lebara"}]'::jsonb, NULL, 11, true, '2025-12-13T23:38:49.208653+00:00', '2025-12-13T23:39:52.986884+00:00', '{"field":"poaSubtype","values":["replacement_sim","new_id_card"]}'::jsonb, 'full', 'medium', 'normal', false),
  ('1cd21f39-94cf-4bcc-9e40-6b63dba918f4', '1e5b92de-03bf-4669-85db-5e766835f215', 'f7c44bd4-7799-4437-a076-200c5ecdca5b', 'step_2', 'بيانات الخدمة', NULL, 'subscriberName', 'text', 'اسم المشترك', 'Subscriber Name', 'أدخل اسم المشترك', NULL, NULL, NULL, true, '{}'::jsonb, NULL, NULL, 12, true, '2025-12-13T23:38:49.208653+00:00', '2025-12-13T23:39:52.986884+00:00', '{"field":"poaSubtype","values":["replacement_sim","new_id_card"]}'::jsonb, 'full', 'medium', 'normal', false),
  ('1bbe7a8d-dc54-4d2a-991c-40bcb5c6c3eb', '1e5b92de-03bf-4669-85db-5e766835f215', 'f7c44bd4-7799-4437-a076-200c5ecdca5b', 'step_2', 'بيانات الخدمة', NULL, 'subscriberNationalId', 'text', 'رقم الهوية الوطنية للمشترك', 'Subscriber National ID', 'أدخل رقم الهوية', NULL, NULL, NULL, true, '{}'::jsonb, NULL, NULL, 13, true, '2025-12-13T23:38:49.208653+00:00', '2025-12-13T23:39:52.986884+00:00', '{"field":"poaSubtype","values":["replacement_sim","new_id_card"]}'::jsonb, 'full', 'medium', 'normal', false),
  ('12744920-3abf-40a2-8390-df46e1b6ea97', '1e5b92de-03bf-4669-85db-5e766835f215', 'f7c44bd4-7799-4437-a076-200c5ecdca5b', 'step_2', 'بيانات الخدمة', NULL, 'simNumber', 'text', 'رقم الشريحة (SIM)', 'SIM Number', 'أدخل رقم الشريحة', NULL, NULL, NULL, false, '{}'::jsonb, NULL, NULL, 14, true, '2025-12-13T23:38:49.208653+00:00', '2025-12-13T23:39:52.986884+00:00', '{"field":"poaSubtype","values":["replacement_sim"]}'::jsonb, 'full', 'medium', 'normal', false),
  ('79933a70-0e97-474d-bb48-29016a779ee1', '1e5b92de-03bf-4669-85db-5e766835f215', 'f7c44bd4-7799-4437-a076-200c5ecdca5b', 'step_2', 'بيانات الخدمة', NULL, 'phoneNumber', 'tel', 'رقم الجوال', 'Phone Number', 'أدخل رقم الجوال', NULL, NULL, NULL, true, '{}'::jsonb, NULL, NULL, 15, true, '2025-12-13T23:38:49.208653+00:00', '2025-12-13T23:39:52.986884+00:00', '{"field":"poaSubtype","values":["replacement_sim"]}'::jsonb, 'full', 'medium', 'normal', false),
  ('80c3b393-ce95-466b-b46b-cccedeea8651', '1e5b92de-03bf-4669-85db-5e766835f215', 'f7c44bd4-7799-4437-a076-200c5ecdca5b', 'step_2', 'بيانات الخدمة', NULL, 'reasonForReplacement', 'select', 'سبب الاستبدال', 'Reason for Replacement', 'اختر السبب', NULL, NULL, NULL, true, '{}'::jsonb, '[{"label":"فقدان","value":"lost"},{"label":"تلف","value":"damaged"},{"label":"سرقة","value":"stolen"}]'::jsonb, NULL, 16, true, '2025-12-13T23:38:49.208653+00:00', '2025-12-13T23:39:52.986884+00:00', '{"field":"poaSubtype","values":["replacement_sim"]}'::jsonb, 'full', 'medium', 'normal', false),
  ('8bc21742-738d-4994-b2c1-07c76aa88876', '1e5b92de-03bf-4669-85db-5e766835f215', 'f7c44bd4-7799-4437-a076-200c5ecdca5b', 'step_2', 'بيانات الخدمة', NULL, 'bankName', 'text', 'اسم البنك', 'Bank Name', 'أدخل اسم البنك', NULL, NULL, NULL, true, '{}'::jsonb, NULL, NULL, 17, true, '2025-12-13T23:38:49.208653+00:00', '2025-12-13T23:39:52.986884+00:00', '{"field":"poaSubtype","values":["transfer_error_form","account_management"]}'::jsonb, 'full', 'medium', 'normal', false),
  ('0c824997-1073-46d7-ab2f-fa5e4c4ad21f', '1e5b92de-03bf-4669-85db-5e766835f215', 'f7c44bd4-7799-4437-a076-200c5ecdca5b', 'step_2', 'بيانات الخدمة', NULL, 'accountNumber', 'text', 'رقم الحساب', 'Account Number', 'أدخل رقم الحساب', NULL, NULL, NULL, true, '{}'::jsonb, NULL, NULL, 18, true, '2025-12-13T23:38:49.208653+00:00', '2025-12-13T23:39:52.986884+00:00', '{"field":"poaSubtype","values":["transfer_error_form","account_management"]}'::jsonb, 'full', 'medium', 'normal', false),
  ('ee568eac-ac00-4b10-9389-8eb113b76810', '1e5b92de-03bf-4669-85db-5e766835f215', 'f7c44bd4-7799-4437-a076-200c5ecdca5b', 'step_2', 'بيانات الخدمة', NULL, 'transferAmount', 'number', 'مبلغ التحويل', 'Transfer Amount', 'أدخل المبلغ', NULL, NULL, NULL, true, '{}'::jsonb, NULL, NULL, 19, true, '2025-12-13T23:38:49.208653+00:00', '2025-12-13T23:39:52.986884+00:00', '{"field":"poaSubtype","values":["transfer_error_form"]}'::jsonb, 'full', 'medium', 'normal', false),
  ('a8ab08f4-19f0-422c-883d-2e2678a3ba41', '1e5b92de-03bf-4669-85db-5e766835f215', 'f7c44bd4-7799-4437-a076-200c5ecdca5b', 'step_2', 'بيانات الخدمة', NULL, 'transferDate', 'date', 'تاريخ التحويل', 'Transfer Date', 'اختر التاريخ', NULL, NULL, NULL, true, '{}'::jsonb, NULL, NULL, 20, true, '2025-12-13T23:38:49.208653+00:00', '2025-12-13T23:39:52.986884+00:00', '{"field":"poaSubtype","values":["transfer_error_form"]}'::jsonb, 'full', 'medium', 'normal', false),
  ('ead11ebf-0eae-4fb6-9ea1-b5ef24de1cc5', '1e5b92de-03bf-4669-85db-5e766835f215', 'f7c44bd4-7799-4437-a076-200c5ecdca5b', 'step_2', 'بيانات الخدمة', NULL, 'senderName', 'text', 'اسم المرسل', 'Sender Name', 'أدخل اسم المرسل', NULL, NULL, NULL, true, '{}'::jsonb, NULL, NULL, 21, true, '2025-12-13T23:38:49.208653+00:00', '2025-12-13T23:39:52.986884+00:00', '{"field":"poaSubtype","values":["transfer_error_form"]}'::jsonb, 'full', 'medium', 'normal', false),
  ('fa879532-257b-4a30-b9f7-45cf243e2aab', '1e5b92de-03bf-4669-85db-5e766835f215', 'f7c44bd4-7799-4437-a076-200c5ecdca5b', 'step_2', 'بيانات الخدمة', NULL, 'recipientName', 'text', 'اسم المستلم', 'Recipient Name', 'أدخل اسم المستلم', NULL, NULL, NULL, true, '{}'::jsonb, NULL, NULL, 22, true, '2025-12-13T23:38:49.208653+00:00', '2025-12-13T23:39:52.986884+00:00', '{"field":"poaSubtype","values":["transfer_error_form"]}'::jsonb, 'full', 'medium', 'normal', false),
  ('3527d60a-78dd-4f65-95eb-9244da2eeed4', '1e5b92de-03bf-4669-85db-5e766835f215', 'f7c44bd4-7799-4437-a076-200c5ecdca5b', 'step_2', 'بيانات الخدمة', NULL, 'errorDescription', 'textarea', 'وصف الخطأ', 'Error Description', 'اشرح تفاصيل الخطأ', NULL, NULL, NULL, true, '{}'::jsonb, NULL, NULL, 23, true, '2025-12-13T23:38:49.208653+00:00', '2025-12-13T23:39:52.986884+00:00', '{"field":"poaSubtype","values":["transfer_error_form"]}'::jsonb, 'full', 'medium', 'normal', false),
  ('f2443883-b5a5-4d39-91d7-c57fea69c400', '1e5b92de-03bf-4669-85db-5e766835f215', 'f7c44bd4-7799-4437-a076-200c5ecdca5b', 'step_2', 'بيانات الخدمة', NULL, 'insuranceCompany', 'text', 'شركة التأمين', 'Insurance Company', 'أدخل اسم شركة التأمين', NULL, NULL, NULL, true, '{}'::jsonb, NULL, NULL, 24, true, '2025-12-13T23:38:49.208653+00:00', '2025-12-13T23:39:52.986884+00:00', '{"field":"poaSubtype","values":["saudi_insurance_form"]}'::jsonb, 'full', 'medium', 'normal', false),
  ('b21969b3-b5df-4c14-921d-b6aa4cd1ffec', '1e5b92de-03bf-4669-85db-5e766835f215', 'f7c44bd4-7799-4437-a076-200c5ecdca5b', 'step_2', 'بيانات الخدمة', NULL, 'policyNumber', 'text', 'رقم الوثيقة', 'Policy Number', 'أدخل رقم وثيقة التأمين', NULL, NULL, NULL, true, '{}'::jsonb, NULL, NULL, 25, true, '2025-12-13T23:38:49.208653+00:00', '2025-12-13T23:39:52.986884+00:00', '{"field":"poaSubtype","values":["saudi_insurance_form"]}'::jsonb, 'full', 'medium', 'normal', false),
  ('f15b65a8-f09a-406c-8d77-f62e80dddd53', '07259b33-5364-4e5c-8162-8421813dfb1b', NULL, 'step_1', 'معلومات الطلب', NULL, 'birthDate', 'date', 'تاريخ الميلاد', 'Date of Birth', NULL, NULL, NULL, NULL, true, '{}'::jsonb, '[]'::jsonb, NULL, 7, true, '2025-12-14T20:30:00.65113+00:00', '2025-12-14T22:37:41.628723+00:00', '{"field":"passportType","values":["emergency"],"operator":"equals"}'::jsonb, 'full', 'medium', 'normal', false),
  ('5664ded3-cecb-47ea-abd3-dfd75a3c1b80', '07259b33-5364-4e5c-8162-8421813dfb1b', NULL, 'step_1', 'معلومات الطلب', NULL, 'oldPassportNumber', 'text', 'رقم الجواز القديم', 'Old Passport Number', NULL, NULL, NULL, NULL, true, '{}'::jsonb, '[]'::jsonb, NULL, 2, true, '2025-12-14T20:30:00.65113+00:00', '2025-12-14T22:37:40.423299+00:00', '{"field":"passportType","values":["renewal","replacement"],"operator":"in"}'::jsonb, 'full', 'medium', 'normal', false),
  ('3666efe1-06c2-414e-99ea-2c4560e4c9ec', '07259b33-5364-4e5c-8162-8421813dfb1b', NULL, 'step_1', 'معلومات الطلب', NULL, 'eyeColor', 'select', 'لون العيون', 'Eye Color', NULL, NULL, NULL, NULL, true, '{}'::jsonb, '[{"label":"أسود","value":"black"},{"label":"بني","value":"brown"},{"label":"أخضر","value":"green"},{"label":"أزرق","value":"blue"}]'::jsonb, NULL, 10, true, '2025-12-14T20:30:00.65113+00:00', '2025-12-14T22:37:42.343856+00:00', '{"field":"passportType","values":["emergency"],"operator":"equals"}'::jsonb, 'full', 'medium', 'normal', false),
  ('fbc56f70-d92d-4ea2-9d49-921f3fbe9403', '07259b33-5364-4e5c-8162-8421813dfb1b', NULL, 'step_1', 'معلومات الطلب', NULL, 'passportType', 'radio', 'نوع الطلب', 'Application Type', NULL, NULL, NULL, NULL, true, '{}'::jsonb, '[{"label":"جواز جديد","value":"new"},{"label":"تجديد","value":"renewal"},{"label":"بدل فاقد","value":"replacement"},{"label":"وثيقة سفر اضطرارية","value":"emergency"}]'::jsonb, NULL, 1, true, '2025-12-14T20:30:00.65113+00:00', '2025-12-14T22:37:40.185279+00:00', NULL, 'full', 'medium', 'normal', false),
  ('1ffc7e08-7eaf-4684-a421-ef3d7f493f1a', '07259b33-5364-4e5c-8162-8421813dfb1b', NULL, 'step_1', 'معلومات الطلب', NULL, 'lossLocation', 'text', 'مكان الفقدان', 'Loss Location', NULL, NULL, NULL, NULL, true, '{}'::jsonb, '[]'::jsonb, NULL, 3, true, '2025-12-14T20:30:00.65113+00:00', '2025-12-14T22:37:40.67469+00:00', '{"field":"passportType","values":["replacement"],"operator":"equals"}'::jsonb, 'full', 'medium', 'normal', false),
  ('568aad68-69b1-46e5-bc99-9e07aa68f441', '07259b33-5364-4e5c-8162-8421813dfb1b', NULL, 'step_1', 'معلومات الطلب', NULL, 'hairColor', 'select', 'لون الشعر', 'Hair Color', NULL, NULL, NULL, NULL, true, '{}'::jsonb, '[{"label":"أسود","value":"black"},{"label":"بني","value":"brown"},{"label":"أشقر","value":"blonde"},{"label":"أبيض","value":"white"}]'::jsonb, NULL, 11, true, '2025-12-14T20:30:00.65113+00:00', '2025-12-14T22:37:42.581119+00:00', '{"field":"passportType","values":["emergency"],"operator":"equals"}'::jsonb, 'full', 'medium', 'normal', false)
ON CONFLICT DO NOTHING;

INSERT INTO public.service_fields (id, service_id, service_type_id, step_id, step_title_ar, step_title_en, field_name, field_type, label_ar, label_en, placeholder_ar, placeholder_en, help_text_ar, help_text_en, is_required, validation_rules, options, default_value, order_index, is_active, created_at, updated_at, conditions, field_width, field_height, field_margin, break_line)
VALUES
  ('6d1641cc-0fac-4f18-a1b4-17d559880817', '07259b33-5364-4e5c-8162-8421813dfb1b', NULL, 'step_1', 'معلومات الطلب', NULL, 'isAdult', 'radio', 'هل المتقدم بالغ (18 سنة فأكثر)؟', 'Is the applicant an adult (18 years or older)?', NULL, NULL, NULL, NULL, true, '{}'::jsonb, '[{"label":"نعم","value":"yes"},{"label":"لا","value":"no"}]'::jsonb, NULL, 0, true, '2025-12-14T20:30:00.65113+00:00', '2025-12-14T22:37:39.945052+00:00', NULL, 'full', 'medium', 'normal', false),
  ('f1388475-077b-465c-8eb2-7a9103ca03f8', '07259b33-5364-4e5c-8162-8421813dfb1b', NULL, 'step_1', 'معلومات الطلب', NULL, 'distinctiveMarks', 'textarea', 'العلامات المميزة', 'Distinctive Marks', NULL, NULL, NULL, NULL, false, '{}'::jsonb, '[]'::jsonb, NULL, 12, true, '2025-12-14T20:30:00.65113+00:00', '2025-12-14T22:37:42.817541+00:00', '{"field":"passportType","values":["emergency"],"operator":"equals"}'::jsonb, 'full', 'medium', 'normal', false),
  ('cc0c68e1-296a-413e-ad8e-12d68ac32720', '07259b33-5364-4e5c-8162-8421813dfb1b', NULL, 'step_1', 'معلومات الطلب', NULL, 'height', 'number', 'الطول (سم)', 'Height (cm)', NULL, NULL, NULL, NULL, true, '{}'::jsonb, '[]'::jsonb, NULL, 9, true, '2025-12-14T20:30:00.65113+00:00', '2025-12-14T22:37:42.109841+00:00', '{"field":"passportType","values":["emergency"],"operator":"equals"}'::jsonb, 'full', 'medium', 'normal', false),
  ('4a78705d-2685-4a60-9caa-7f9c4e3ae0df', '07259b33-5364-4e5c-8162-8421813dfb1b', NULL, 'step_1', 'معلومات الطلب', NULL, 'birthPlace', 'text', 'محل الميلاد', 'Place of Birth', NULL, NULL, NULL, NULL, true, '{}'::jsonb, '[]'::jsonb, NULL, 6, true, '2025-12-14T20:30:00.65113+00:00', '2025-12-14T22:37:41.377126+00:00', '{"field":"passportType","values":["emergency"],"operator":"equals"}'::jsonb, 'full', 'medium', 'normal', false),
  ('682213f5-5a89-46e2-b37f-ebb66feaf089', '07259b33-5364-4e5c-8162-8421813dfb1b', NULL, 'step_1', 'معلومات الطلب', NULL, 'parentConsent', 'radio', 'إحضار خطاب عدم ممانعة من الوالد', 'Parent Consent Letter', NULL, NULL, NULL, NULL, true, '{}'::jsonb, '[{"label":"نعم، سأحضره","value":"yes"},{"label":"لا أحتاج","value":"no"}]'::jsonb, NULL, 5, true, '2025-12-14T20:30:00.65113+00:00', '2025-12-14T22:37:41.147655+00:00', '{"field":"isAdult","values":["no"],"operator":"equals"}'::jsonb, 'full', 'medium', 'normal', false),
  ('1de5742d-0d8e-42f2-b9cb-5d0619b41904', '07259b33-5364-4e5c-8162-8421813dfb1b', NULL, 'step_1', 'معلومات الطلب', NULL, 'emergencyReason', 'textarea', 'سبب طلب وثيقة السفر الاضطرارية', 'Reason for Emergency Travel Document', NULL, NULL, NULL, NULL, true, '{}'::jsonb, '[]'::jsonb, NULL, 4, true, '2025-12-14T20:30:00.65113+00:00', '2025-12-14T22:37:40.911156+00:00', '{"field":"passportType","values":["emergency"],"operator":"equals"}'::jsonb, 'full', 'medium', 'normal', false),
  ('bf94d1c0-3e3c-41cf-bbf0-9a4d346c3102', '07259b33-5364-4e5c-8162-8421813dfb1b', NULL, 'step_1', 'معلومات الطلب', NULL, 'arrivalDate', 'date', 'تاريخ الوصول للمملكة', 'Arrival Date to Kingdom', NULL, NULL, NULL, NULL, true, '{}'::jsonb, '[]'::jsonb, NULL, 8, true, '2025-12-14T20:30:00.65113+00:00', '2025-12-14T22:37:41.872569+00:00', '{"field":"passportType","values":["emergency"],"operator":"equals"}'::jsonb, 'full', 'medium', 'normal', false),
  ('b620d2ae-f3bd-44bb-a16a-d0d64287c87f', '07259b33-5364-4e5c-8162-8421813dfb1b', NULL, 'step_1', 'معلومات أساسية', 'Basic Information', 'field_1765751730852', 'dynamic-list', 'أفراد العائلة', 'Family', NULL, NULL, NULL, NULL, false, '{}'::jsonb, NULL, NULL, 15, true, '2025-12-14T22:37:44.011511+00:00', '2025-12-14T22:37:44.011511+00:00', NULL, 'full', 'medium', 'normal', false),
  ('c7997742-c381-4300-951f-1fce20ae1069', 'e2699144-f099-4f27-ae88-dc6986885e66', NULL, 'step1', 'بيانات المتقدم', 'Applicant Information', 'specificNationality', 'text', 'نوع الجنسية', 'Specific Nationality', 'أدخل الجنسية', 'Enter nationality', NULL, NULL, true, '{}'::jsonb, NULL, NULL, 2, true, '2025-12-15T21:00:36.159395+00:00', '2025-12-17T18:57:34.992307+00:00', '{"logic":"AND","show_when":[{"id":"condition_1765471166719_pazc3fge9","field":"nationality","value":"non-sudanese","operator":"equals"}]}'::jsonb, 'full', 'medium', 'normal', false),
  ('863a90c5-2c20-448b-8a74-b247b609b3e2', 'e2699144-f099-4f27-ae88-dc6986885e66', NULL, 'step1', 'بيانات المتقدم', 'Applicant Information', 'examLanguage', 'radio', 'لغة الامتحان', 'Exam Language', '', '', NULL, NULL, true, '{}'::jsonb, '[{"value":"arabic","label_ar":"عربي","label_en":"Arabic"},{"value":"english","label_ar":"إنجليزي","label_en":"English"}]'::jsonb, NULL, 3, true, '2025-12-15T21:00:36.159395+00:00', '2025-12-17T18:57:35.175586+00:00', NULL, 'full', 'medium', 'normal', false),
  ('eeeb72bb-8bd1-4836-93ef-d5869658df80', 'e2699144-f099-4f27-ae88-dc6986885e66', NULL, 'step1', 'بيانات المتقدم', 'Applicant Information', 'dateOfBirth', 'date', 'تاريخ الميلاد', 'Date of Birth', '', '', NULL, NULL, true, '{}'::jsonb, NULL, NULL, 10, true, '2025-12-15T21:00:36.159395+00:00', '2025-12-17T18:57:36.757352+00:00', NULL, 'full', 'medium', 'normal', false),
  ('f29fef01-5dfc-42e0-a4e5-4d7daef47a44', 'e2699144-f099-4f27-ae88-dc6986885e66', NULL, 'step1', 'بيانات المتقدم', 'Applicant Information', 'nationalId', 'text', 'الرقم الوطني او رقم الجواز لغير السودانين', 'National ID / Passport Number', 'أدخل الرقم الوطني أو الجواز', 'Enter ID or passport', NULL, NULL, true, '{}'::jsonb, NULL, NULL, 9, true, '2025-12-15T21:00:36.159395+00:00', '2025-12-17T18:57:36.575794+00:00', NULL, 'full', 'medium', 'normal', false),
  ('316175cf-9152-4be7-b860-f403ccf1d8e6', 'e2699144-f099-4f27-ae88-dc6986885e66', NULL, 'step1', 'بيانات المتقدم', 'Applicant Information', 'motherName', 'text', 'اسم الأم رباعي', 'Mother Full Name', 'أدخل اسم الأم الرباعي', 'Enter mother full name', NULL, NULL, true, '{}'::jsonb, NULL, NULL, 11, true, '2025-12-15T21:00:36.159395+00:00', '2025-12-17T18:57:37.54129+00:00', NULL, 'full', 'medium', 'normal', false),
  ('cd18b7aa-4674-496c-9ac6-92f9085ff1d6', 'e2699144-f099-4f27-ae88-dc6986885e66', NULL, 'step1', 'بيانات المتقدم', 'Applicant Information', 'schoolName', 'text', 'اسم المدرسة', 'School Name', 'أدخل اسم المدرسة', 'Enter school name', NULL, NULL, true, '{}'::jsonb, NULL, NULL, 15, true, '2025-12-15T21:00:36.159395+00:00', '2025-12-17T18:57:38.226534+00:00', NULL, 'full', 'medium', 'normal', false),
  ('400ed393-4698-46aa-af02-121b5e114fe7', 'e2699144-f099-4f27-ae88-dc6986885e66', NULL, 'step1', 'بيانات المتقدم', 'Applicant Information', 'priorSeatNumber', 'text', 'رقم الجلوس الذي جلست به للمؤهل', 'Prior Seat Number', 'أدخل رقم الجلوس', 'Enter seat number', NULL, NULL, true, '{}'::jsonb, NULL, NULL, 17, true, '2025-12-15T21:00:36.159395+00:00', '2025-12-17T18:57:38.667849+00:00', NULL, 'half', 'medium', 'normal', false),
  ('c2c3aedb-09ad-4698-ac90-05d7a4a95d8c', 'e2699144-f099-4f27-ae88-dc6986885e66', NULL, 'step2', 'معلومات ولي الأمر', 'Guardian Information', 'guardianWorkplace', 'text', 'مكان العمل', 'Workplace', 'أدخل مكان العمل', 'Enter workplace', NULL, NULL, true, '{}'::jsonb, NULL, NULL, 26, true, '2025-12-15T21:00:36.159395+00:00', '2025-12-17T18:57:40.614403+00:00', NULL, 'full', 'medium', 'normal', false),
  ('649d86de-b92c-43bb-b4b3-fb4c842a807b', 'e2699144-f099-4f27-ae88-dc6986885e66', NULL, 'step2', 'معلومات ولي الأمر', 'Guardian Information', 'guardianPhone', 'tel', 'رقم الجوال', 'Phone Number', '05xxxxxxxx', '05xxxxxxxx', NULL, NULL, true, '{}'::jsonb, NULL, NULL, 25, true, '2025-12-15T21:00:36.159395+00:00', '2025-12-17T18:57:40.436566+00:00', NULL, 'full', 'medium', 'normal', false),
  ('8b46a027-9acc-4a1a-9e6c-3c7ebfdc0c8b', 'e2699144-f099-4f27-ae88-dc6986885e66', NULL, 'step2', 'معلومات ولي الأمر', 'Guardian Information', 'guardianRelation', 'select', 'صلة القرابة', 'Relation', 'اختر صلة القرابة', 'Select relation', NULL, NULL, true, '{}'::jsonb, '[{"value":"father","label_ar":"والد","label_en":"Father"},{"value":"mother","label_ar":"والدة","label_en":"Mother"},{"value":"guardian","label_ar":"ولي أمر","label_en":"Guardian"},{"value":"other","label_ar":"أخرى","label_en":"Other"}]'::jsonb, NULL, 24, true, '2025-12-15T21:00:36.159395+00:00', '2025-12-17T18:57:40.24802+00:00', NULL, 'full', 'medium', 'normal', false),
  ('08b43b96-ea53-4807-b286-ff53657a97ec', 'e2699144-f099-4f27-ae88-dc6986885e66', NULL, 'step1', 'بيانات المتقدم', 'Applicant Information', 'specialCaseDescription', 'textarea', 'وصف الحالة الخاصة', 'Special Case Description', 'اذكر وصف الحالة', 'Describe the case', NULL, NULL, false, '{}'::jsonb, NULL, NULL, 19, true, '2025-12-15T21:00:36.159395+00:00', '2025-12-17T18:57:39.059709+00:00', NULL, 'full', 'medium', 'normal', false),
  ('4ab3c055-f2c9-40ff-9b57-f2e52b1854ad', 'e2699144-f099-4f27-ae88-dc6986885e66', NULL, 'step1', 'بيانات المتقدم', 'Applicant Information', 'gender', 'radio', 'النوع', 'Gender', '', '', NULL, NULL, true, '{}'::jsonb, '[{"value":"male","label_ar":"ذكر","label_en":"Male"},{"value":"female","label_ar":"أنثى","label_en":"Female"}]'::jsonb, NULL, 0, true, '2025-12-15T21:00:36.159395+00:00', '2025-12-17T18:57:34.516426+00:00', NULL, 'full', 'medium', 'normal', false),
  ('72b1cefa-eae0-4098-b933-43e89480be82', 'e2699144-f099-4f27-ae88-dc6986885e66', NULL, 'step1', 'بيانات المتقدم', 'Applicant Information', 'qualificationType', 'select', 'نوع المؤهل', 'Qualification Type', 'اختر نوع المؤهل', 'Select qualification', NULL, NULL, true, '{}'::jsonb, '[{"value":"basic","label_ar":"أساس","label_en":"Basic"},{"value":"intermediate","label_ar":"متوسطة","label_en":"Intermediate"},{"value":"secondary","label_ar":"ثانوي","label_en":"Secondary"}]'::jsonb, NULL, 16, true, '2025-12-15T21:00:36.159395+00:00', '2025-12-17T18:57:38.456576+00:00', NULL, 'half', 'medium', 'normal', false),
  ('3ef4d528-aabd-41c7-96c2-b63c7fc84f5f', 'e2699144-f099-4f27-ae88-dc6986885e66', NULL, 'step1', 'بيانات المتقدم', 'Applicant Information', 'mobileNumber', 'tel', 'رقم الجوال', 'Mobile Number', '05xxxxxxxx', '05xxxxxxxx', NULL, NULL, true, '{}'::jsonb, NULL, NULL, 20, true, '2025-12-15T21:00:36.159395+00:00', '2025-12-17T18:57:39.302575+00:00', NULL, 'full', 'medium', 'normal', false),
  ('b1eb8a2c-a70c-4202-874c-c6c693981673', 'e2699144-f099-4f27-ae88-dc6986885e66', NULL, 'step1', 'بيانات المتقدم', 'Applicant Information', 'specialCase', 'select', 'حالة خاصة', 'Special Case', 'اختر الحالة', 'Select case', NULL, NULL, false, '{}'::jsonb, '[{"value":"","label_ar":"لا توجد","label_en":"None"},{"value":"mobility","label_ar":"إعاقة حركية","label_en":"Mobility Disability"},{"value":"hearing","label_ar":"إعاقة سمعية","label_en":"Hearing Disability"},{"value":"visual","label_ar":"إعاقة بصرية","label_en":"Visual Disability"},{"value":"learning","label_ar":"صعوبة تعلم","label_en":"Learning Difficulty"},{"value":"attention","label_ar":"تشتت انتباه","label_en":"Attention Deficit"}]'::jsonb, NULL, 18, true, '2025-12-15T21:00:36.159395+00:00', '2025-12-17T18:57:38.859157+00:00', NULL, 'full', 'medium', 'normal', false),
  ('4a51d52d-6ccf-4191-ba7e-ce43b5554f7e', 'e2699144-f099-4f27-ae88-dc6986885e66', NULL, 'step1', 'بيانات المتقدم', 'Applicant Information', 'nationality', 'radio', 'الجنسية', 'Nationality', '', '', NULL, NULL, true, '{}'::jsonb, '[{"value":"sudanese","label_ar":"سوداني","label_en":"Sudanese"},{"value":"non-sudanese","label_ar":"غير سوداني","label_en":"Non-Sudanese"}]'::jsonb, NULL, 1, true, '2025-12-15T21:00:36.159395+00:00', '2025-12-17T18:57:34.784177+00:00', NULL, 'full', 'medium', 'small', false),
  ('3c6fed0c-1a2f-4d48-9074-4740c975b9c6', 'e2699144-f099-4f27-ae88-dc6986885e66', NULL, 'step3', 'اختيار المواد', 'Subject Selection', 'electiveSubject', 'radio', 'المادة الاختيارية', 'Elective Subject', '', '', 'الاختيار لمادة واحدة فقط', 'Choose only one subject', true, '{}'::jsonb, '[{"value":"arts_design","label_ar":"الفنون والتصميم","label_en":"Arts & Design"},{"value":"islamic_studies","label_ar":"الدراسات الإسلامية","label_en":"Islamic Studies"},{"value":"english_literature","label_ar":"الأدب الإنجليزي","label_en":"English Literature"},{"value":"french","label_ar":"اللغة الفرنسية","label_en":"French"}]'::jsonb, NULL, 30, true, '2025-12-15T21:00:36.159395+00:00', '2025-12-17T18:57:40.995378+00:00', NULL, 'full', 'medium', 'normal', false),
  ('f2f78516-6528-4794-94e6-2cdee5f54fde', 'e2699144-f099-4f27-ae88-dc6986885e66', NULL, 'step_1', 'معلومات أساسية', 'Basic Information', 'field_1765905020147', 'info', 'المواد الاساسية  :  اللغة العربية - اللغة الانجليزية - التربية الاسلامية - الرياضيات - الجغرافية - التاريخ .', 'Label', NULL, NULL, 'المواد الاساسية  :  اللغة العربية - اللغة الانجليزية - التربية الاسلامية - الرياضيات - الجغرافية - التاريخ .', NULL, false, '{}'::jsonb, '[]'::jsonb, NULL, 29, true, '2025-12-16T17:11:17.285447+00:00', '2025-12-17T18:57:40.79092+00:00', NULL, 'full', 'medium', 'normal', false),
  ('7eadf7df-d00a-4477-a636-d446069f7a20', 'e2699144-f099-4f27-ae88-dc6986885e66', NULL, 'step_1', 'معلومات أساسية', 'Basic Information', 'field_1765906974395', 'text', 'اسم الطالب', 'Student Name', NULL, NULL, NULL, NULL, true, '{}'::jsonb, '[]'::jsonb, NULL, 4, true, '2025-12-16T17:48:19.355335+00:00', '2025-12-17T18:57:35.363388+00:00', NULL, 'quarter', 'medium', 'small', false),
  ('18edce5a-429e-45a4-8ac0-fa4d4ca77be6', 'e2699144-f099-4f27-ae88-dc6986885e66', NULL, 'step_1', 'معلومات أساسية', 'Basic Information', 'field_1765907437811', 'text', 'اسم الأب', 'Father’s Name', NULL, NULL, NULL, NULL, true, '{}'::jsonb, '[]'::jsonb, NULL, 5, true, '2025-12-16T17:51:52.062124+00:00', '2025-12-17T18:57:35.547777+00:00', NULL, 'quarter', 'medium', 'small', false),
  ('e718c660-ad93-4643-89f8-7e44abeab971', 'e2699144-f099-4f27-ae88-dc6986885e66', NULL, 'step_1', 'معلومات أساسية', 'Basic Information', 'field_1765907523211', 'text', 'اسم الجد', 'Grandfather’s Name', NULL, NULL, NULL, NULL, true, '{}'::jsonb, '[]'::jsonb, NULL, 6, true, '2025-12-16T17:52:58.964343+00:00', '2025-12-17T18:57:35.743424+00:00', NULL, 'quarter', 'medium', 'small', false),
  ('e1b98f25-cb40-43a0-8019-3f9958b6e33e', 'e2699144-f099-4f27-ae88-dc6986885e66', NULL, 'step_1', 'معلومات أساسية', 'Basic Information', 'field_1765907582816', 'text', 'اسم الجد الثاني', 'Second Grandfather’s Name', NULL, NULL, NULL, NULL, true, '{}'::jsonb, '[]'::jsonb, NULL, 7, true, '2025-12-16T17:58:38.735016+00:00', '2025-12-17T18:57:35.935017+00:00', NULL, 'quarter', 'medium', 'small', false),
  ('558fe63b-95d6-4714-b74d-33acec7aebba', 'e2699144-f099-4f27-ae88-dc6986885e66', NULL, 'step_1', 'معلومات أساسية', 'Basic Information', 'field_1765908263072', 'text', 'اسم الطالب كامل', 'Student’s Full Name', NULL, NULL, NULL, NULL, true, '{}'::jsonb, '[]'::jsonb, NULL, 8, true, '2025-12-16T18:06:28.565731+00:00', '2025-12-17T18:57:36.127169+00:00', NULL, 'full', 'medium', 'normal', false),
  ('19ba67d7-e7f4-4c9d-8dfb-f0c0e4e45e85', 'e2699144-f099-4f27-ae88-dc6986885e66', NULL, 'step_1', 'معلومات أساسية', 'Basic Information', 'field_1765909055036', 'text', 'الولاية', 'State', NULL, NULL, NULL, NULL, true, '{}'::jsonb, '[]'::jsonb, NULL, 14, true, '2025-12-16T18:20:44.153863+00:00', '2025-12-17T18:57:38.024319+00:00', NULL, 'half', 'medium', 'normal', false),
  ('ee8e8d44-806b-4a68-b219-cbf25cb2149a', 'e2699144-f099-4f27-ae88-dc6986885e66', NULL, 'step_1', 'معلومات أساسية', 'Basic Information', 'field_1765909664049', 'divider', 'ولي الأمر', 'Guardian', NULL, NULL, NULL, NULL, false, '{}'::jsonb, '[]'::jsonb, NULL, 21, true, '2025-12-16T18:29:22.863013+00:00', '2025-12-18T12:46:15.804104+00:00', NULL, 'full', 'medium', 'normal', false),
  ('b5be0758-f9c5-4bc5-af24-052b5898aecb', 'e2699144-f099-4f27-ae88-dc6986885e66', NULL, 'step_1', 'معلومات أساسية', 'Basic Information', 'field_1765909599220', 'text', 'اسم ولي الامر', 'Name', NULL, NULL, NULL, NULL, true, '{}'::jsonb, '[]'::jsonb, NULL, 23, true, '2025-12-16T18:29:24.466577+00:00', '2025-12-17T18:57:40.032667+00:00', NULL, 'full', 'medium', 'normal', false),
  ('5a69059c-2b5b-44d0-923b-e0b96b53168d', 'e2699144-f099-4f27-ae88-dc6986885e66', NULL, 'step_1', 'معلومات أساسية', 'Basic Information', 'field_1765909827871', 'info', 'ولي الامر', 'Parent/Guardian', NULL, NULL, NULL, NULL, false, '{}'::jsonb, '[]'::jsonb, NULL, 22, true, '2025-12-16T18:31:27.519712+00:00', '2025-12-17T18:57:39.754174+00:00', NULL, 'full', 'medium', 'normal', false),
  ('2d2fd234-a211-4f4f-8c9c-1a48c8367dd8', 'e2699144-f099-4f27-ae88-dc6986885e66', NULL, 'step_1', 'معلومات أساسية', 'Basic Information', 'field_1765913096316', 'date', 'سنة المؤهل', 'Year of Qualification', NULL, NULL, NULL, NULL, true, '{}'::jsonb, '[]'::jsonb, NULL, 12, true, '2025-12-16T19:26:11.99203+00:00', '2025-12-17T18:57:37.827864+00:00', NULL, 'half', 'medium', 'normal', false),
  ('a6c48f9f-dc1c-4cc0-a601-203f236b4640', 'f4104861-1bab-4a7c-b561-3df15a0c9a04', NULL, 'step_1', 'معلومات أساسية', 'Basic Information', 'field_1765957550914', 'text', 'اسم الطالب', 'Student Nam', NULL, NULL, NULL, NULL, true, '{}'::jsonb, '[]'::jsonb, NULL, 5, true, '2025-12-17T07:46:45.34249+00:00', '2025-12-18T12:57:08.73967+00:00', NULL, 'half', 'medium', 'normal', false),
  ('e65b9f51-6fba-4ae0-9756-2f1672bdc84e', 'f4104861-1bab-4a7c-b561-3df15a0c9a04', NULL, 'step_1', 'معلومات أساسية', 'Basic Information', 'field_1765957614466', 'text', 'اسم الاب', 'Father’s Name', NULL, NULL, NULL, NULL, true, '{}'::jsonb, '[]'::jsonb, NULL, 6, true, '2025-12-17T07:47:37.788626+00:00', '2025-12-18T12:57:09.091851+00:00', NULL, 'half', 'medium', 'normal', false),
  ('2c9b547b-789b-447a-8214-5a6e1f943f51', 'f4104861-1bab-4a7c-b561-3df15a0c9a04', NULL, 'step_1', 'معلومات أساسية', 'Basic Information', 'field_1765957659544', 'text', 'اسم الجد', 'Grandfather’s Name', NULL, NULL, NULL, NULL, true, '{}'::jsonb, '[]'::jsonb, NULL, 7, true, '2025-12-17T07:49:14.518854+00:00', '2025-12-18T12:57:09.552907+00:00', NULL, 'half', 'medium', 'normal', false),
  ('fd20abbb-03c3-4d4b-888d-de9690edac80', 'f4104861-1bab-4a7c-b561-3df15a0c9a04', NULL, 'step_1', 'معلومات أساسية', 'Basic Information', 'field_1765988432756', 'text', 'اسم الجد الثاني', 'Input', NULL, NULL, NULL, NULL, true, '{}'::jsonb, '[]'::jsonb, NULL, 8, true, '2025-12-17T16:22:09.266674+00:00', '2025-12-18T12:57:11.429062+00:00', NULL, 'half', 'medium', 'normal', false),
  ('f10b1bd2-0b6c-494d-a2fe-ba81e94cfeba', 'f4104861-1bab-4a7c-b561-3df15a0c9a04', NULL, 'step_1', 'معلومات أساسية', 'Basic Information', 'field_1765988759015', 'text', 'الولاية', 'State', NULL, NULL, NULL, NULL, true, '{}'::jsonb, '[]'::jsonb, NULL, 14, true, '2025-12-17T16:27:46.729903+00:00', '2025-12-18T12:57:23.966428+00:00', NULL, 'half', 'medium', 'normal', false),
  ('3c6eb61b-f3e5-4dbb-89eb-162cb56df03c', 'f4104861-1bab-4a7c-b561-3df15a0c9a04', NULL, 'step_1', 'معلومات أساسية', 'Basic Information', 'field_1765989350016', 'info', 'ولي الأمر', 'Parent / Guardian', NULL, NULL, NULL, NULL, false, '{}'::jsonb, '[]'::jsonb, NULL, 21, true, '2025-12-17T16:50:33.002654+00:00', '2025-12-18T12:57:26.768803+00:00', NULL, 'full', 'medium', 'normal', false),
  ('9cc74598-d748-4752-b022-f5a0620b7e4c', 'f4104861-1bab-4a7c-b561-3df15a0c9a04', NULL, 'step_1', 'معلومات أساسية', 'Basic Information', 'field_1765989931981', 'text', 'اسم ولي الامر', 'Parent / Guardian Name', NULL, NULL, NULL, NULL, true, '{}'::jsonb, '[]'::jsonb, NULL, 22, true, '2025-12-17T16:50:33.286844+00:00', '2025-12-18T12:57:26.988703+00:00', NULL, 'full', 'medium', 'normal', false),
  ('0eba8d9a-dda9-427a-9e8e-fcf83d60d804', 'f4104861-1bab-4a7c-b561-3df15a0c9a04', NULL, 'step_1', 'معلومات أساسية', 'Basic Information', 'field_1765989929642', 'text', 'Input', 'Input', NULL, NULL, NULL, NULL, false, '{}'::jsonb, '[]'::jsonb, NULL, 29, true, '2025-12-17T16:50:35.470756+00:00', '2025-12-18T12:57:28.181198+00:00', NULL, 'full', 'medium', 'normal', false),
  ('2cd786ed-048a-4215-aa09-9623d74106ab', 'f4104861-1bab-4a7c-b561-3df15a0c9a04', NULL, 'step_1', 'معلومات أساسية', 'Basic Information', 'field_1765990026716', 'info', 'المواد الاساسية : اللغة العربية - اللغة الانجليزية - التربية الاسلامية - الرياضيات المتخصصة - الفيزياء - الكيمياء .', 'Core Subjects: Arabic Language – English Language – Islamic Studies – Advanced Mathematics – Physics – Chemistr', NULL, NULL, NULL, NULL, false, '{}'::jsonb, '[]'::jsonb, NULL, 27, true, '2025-12-17T16:50:36.632799+00:00', '2025-12-18T12:57:28.000163+00:00', NULL, 'full', 'medium', 'normal', false)
ON CONFLICT DO NOTHING;

-- Data for table: service_documents
-- Rows: 175

INSERT INTO public.service_documents (id, service_id, service_type_id, document_name_ar, document_name_en, description_ar, description_en, is_required, max_size_mb, accepted_formats, order_index, is_active, created_at, updated_at, conditions)
VALUES
  ('44943533-1607-4a7d-8da0-79f0997135b5', '6c90c601-89f0-486d-8ac4-a66a78f2a69c', NULL, 'المستند الأصلي', 'المستند الأصلي', '', '', true, 5, '["pdf","jpg","jpeg","png"]'::jsonb, 0, true, '2025-12-05T13:33:13.071581+00:00', '2025-12-13T11:42:57.209458+00:00', NULL),
  ('42c79dfb-4a7f-4978-b871-23edaf118200', '6c90c601-89f0-486d-8ac4-a66a78f2a69c', NULL, 'صورة الرقم الوطني', 'صورة الرقم الوطني', '', '', true, 5, '["pdf","jpg","jpeg","png"]'::jsonb, 1, true, '2025-12-05T13:33:13.071581+00:00', '2025-12-13T11:42:57.390503+00:00', NULL),
  ('cdb09b5a-5804-4338-a705-ad2404eb0215', 'eccfc9f7-44e5-4dc5-ba6f-0ebf5af2a197', NULL, 'صورة من الرقم الوطني', 'صورة من الرقم الوطني', '', '', true, 5, '["pdf","jpg","jpeg","png"]'::jsonb, 23, true, '2025-12-05T13:33:13.852822+00:00', '2025-12-19T08:39:02.716021+00:00', '{"logic":"AND","conditions":[{"field":"recordType","values":["national_id"]},{"field":"idType","values":["age_correction"]}]}'::jsonb),
  ('55682ecf-da00-42ce-826a-1c8cc22c6c0b', 'eccfc9f7-44e5-4dc5-ba6f-0ebf5af2a197', NULL, 'ملفات ذات صلة (إن وجدت)', 'ملفات ذات صلة (إن وجدت)', 'أي ملفات أو مستندات ذات صلة بالطلب (اختياري)', 'أي ملفات أو مستندات ذات صلة بالطلب (اختياري)', false, 5, '["pdf","jpg","jpeg","png"]'::jsonb, 32, true, '2025-12-05T13:33:13.852822+00:00', '2025-12-19T08:39:24.42082+00:00', '{"field":"recordType","values":["towhomitmayconcern"]}'::jsonb),
  ('0f0d0aeb-ef4b-4713-8685-a1ab6dac9a49', 'eccfc9f7-44e5-4dc5-ba6f-0ebf5af2a197', NULL, 'صورة من الجواز أو الرقم الوطني للوالدة', 'صورة من الجواز أو الرقم الوطني للوالدة', '', '', true, 5, '["pdf","jpg","jpeg","png"]'::jsonb, 3, true, '2025-12-05T13:33:13.852822+00:00', '2025-12-19T08:38:55.417593+00:00', '{"logic":"AND","conditions":[{"field":"recordType","values":["national_id"]},{"field":"idType","values":["newborn"]}]}'::jsonb),
  ('67780b9d-063e-4f61-8296-187018234f65', 'eccfc9f7-44e5-4dc5-ba6f-0ebf5af2a197', NULL, 'قسيمة الزواج', 'قسيمة الزواج', '', '', true, 5, '["pdf","jpg","jpeg","png"]'::jsonb, 5, true, '2025-12-05T13:33:13.852822+00:00', '2025-12-19T08:38:56.051087+00:00', '{"logic":"AND","conditions":[{"field":"recordType","values":["national_id"]},{"field":"idType","values":["newborn"]}]}'::jsonb),
  ('8faeeb05-cfa5-457a-b633-e77ea4c94f67', 'eccfc9f7-44e5-4dc5-ba6f-0ebf5af2a197', NULL, 'صورة فوتوغرافية حديثة للطفل', 'صورة فوتوغرافية حديثة للطفل', '', '', true, 5, '["pdf","jpg","jpeg","png"]'::jsonb, 6, true, '2025-12-05T13:33:13.852822+00:00', '2025-12-19T08:38:56.318379+00:00', '{"logic":"AND","conditions":[{"field":"recordType","values":["national_id"]},{"field":"idType","values":["newborn"]}]}'::jsonb),
  ('bfcca361-3079-4270-8dd2-7509a04c9957', 'eccfc9f7-44e5-4dc5-ba6f-0ebf5af2a197', NULL, 'صورة من الجواز أو الرقم الوطني للوالد', 'صورة من الجواز أو الرقم الوطني للوالد', '', '', true, 5, '["pdf","jpg","jpeg","png"]'::jsonb, 7, true, '2025-12-05T13:33:13.852822+00:00', '2025-12-19T08:38:56.582867+00:00', '{"logic":"AND","conditions":[{"field":"recordType","values":["national_id"]},{"field":"idType","values":["newborn"]}]}'::jsonb),
  ('9ae806b5-cd46-4455-a162-c8b10fcdc58b', 'eccfc9f7-44e5-4dc5-ba6f-0ebf5af2a197', NULL, 'صورة من الجواز أو الرقم الوطني للوالدة', 'صورة من الجواز أو الرقم الوطني للوالدة', '', '', true, 5, '["pdf","jpg","jpeg","png"]'::jsonb, 8, true, '2025-12-05T13:33:13.852822+00:00', '2025-12-19T08:38:56.867556+00:00', '{"logic":"AND","conditions":[{"field":"recordType","values":["national_id"]},{"field":"idType","values":["newborn"]}]}'::jsonb),
  ('ebe9b306-ceb8-4dfa-ba43-fe5c901532b5', 'eccfc9f7-44e5-4dc5-ba6f-0ebf5af2a197', NULL, 'قسيمة الزواج', 'قسيمة الزواج', '', '', true, 5, '["pdf","jpg","jpeg","png"]'::jsonb, 10, true, '2025-12-05T13:33:13.852822+00:00', '2025-12-19T08:38:57.687007+00:00', '{"logic":"AND","conditions":[{"field":"recordType","values":["national_id"]},{"field":"idType","values":["newborn"]}]}'::jsonb),
  ('ca15c738-90bf-4552-b228-10e8919664ba', 'eccfc9f7-44e5-4dc5-ba6f-0ebf5af2a197', NULL, 'صورة حديثة', 'صورة حديثة', '', '', true, 5, '["pdf","jpg","jpeg","png"]'::jsonb, 22, true, '2025-12-05T13:33:13.852822+00:00', '2025-12-19T08:39:02.06967+00:00', '{"logic":"AND","conditions":[{"field":"recordType","values":["national_id"]},{"field":"idType","values":["replacement"]}]}'::jsonb),
  ('4cdca6d6-bfd9-455e-b8d4-ab7eeba4de7b', 'eccfc9f7-44e5-4dc5-ba6f-0ebf5af2a197', NULL, 'صورة حديثة', 'صورة حديثة', '', '', true, 5, '["pdf","jpg","jpeg","png"]'::jsonb, 28, true, '2025-12-05T13:33:13.852822+00:00', '2025-12-19T08:39:07.447507+00:00', '{"logic":"AND","conditions":[{"field":"recordType","values":["national_id"]},{"field":"idType","values":["replacement"]}]}'::jsonb),
  ('7ac2c737-0d65-4c9d-a734-8d1752f233b6', 'eccfc9f7-44e5-4dc5-ba6f-0ebf5af2a197', NULL, 'صورة حديثة', 'صورة حديثة', 'صورة شخصية حديثة', 'صورة شخصية حديثة', true, 5, '["pdf","jpg","jpeg","png"]'::jsonb, 30, true, '2025-12-05T13:33:13.852822+00:00', '2025-12-19T08:39:23.41151+00:00', '{"logic":"AND","conditions":[{"field":"recordType","values":["national_id"]},{"field":"idType","values":["replacement"]}]}'::jsonb),
  ('6ee890cd-931a-4c6e-aa7d-cc74efc010cc', 'eccfc9f7-44e5-4dc5-ba6f-0ebf5af2a197', NULL, 'إشهاد شرعي', 'إشهاد شرعي', '', '', true, 5, '["pdf","jpg","jpeg","png"]'::jsonb, 17, true, '2025-12-05T13:33:13.852822+00:00', '2025-12-19T08:39:00.465716+00:00', '{"logic":"AND","conditions":[{"field":"recordType","values":["national_id"]},{"field":"idType","values":["name_correction"]}]}'::jsonb),
  ('99120c47-3067-4fcb-83be-4f5315275307', 'eccfc9f7-44e5-4dc5-ba6f-0ebf5af2a197', NULL, 'نشر الجريدة الرسمية', 'نشر الجريدة الرسمية', '', '', true, 5, '["pdf","jpg","jpeg","png"]'::jsonb, 18, true, '2025-12-05T13:33:13.852822+00:00', '2025-12-19T08:39:00.795024+00:00', '{"logic":"AND","conditions":[{"field":"recordType","values":["national_id"]},{"field":"idType","values":["name_correction"]}]}'::jsonb),
  ('7f6adba2-87a6-4c06-8d16-5eb4967170c0', 'eccfc9f7-44e5-4dc5-ba6f-0ebf5af2a197', NULL, 'إفادة قوائم الحظر والسيطرة', 'إفادة قوائم الحظر والسيطرة', '', '', true, 5, '["pdf","jpg","jpeg","png"]'::jsonb, 19, true, '2025-12-05T13:33:13.852822+00:00', '2025-12-19T08:39:01.060019+00:00', '{"logic":"AND","conditions":[{"field":"recordType","values":["national_id"]},{"field":"idType","values":["name_correction"]}]}'::jsonb),
  ('e2bd6e3a-879f-4c7f-a9bb-fc938e13a25a', 'eccfc9f7-44e5-4dc5-ba6f-0ebf5af2a197', NULL, 'إفادة من الإنتربول', 'إفادة من الإنتربول', '', '', true, 5, '["pdf","jpg","jpeg","png"]'::jsonb, 20, true, '2025-12-05T13:33:13.852822+00:00', '2025-12-19T08:39:01.43027+00:00', '{"logic":"AND","conditions":[{"field":"recordType","values":["national_id"]},{"field":"idType","values":["name_correction"]}]}'::jsonb),
  ('2c9f07c1-6de5-4374-a955-8c0cd3d0b4ce', 'eccfc9f7-44e5-4dc5-ba6f-0ebf5af2a197', NULL, 'صورة من الجواز', 'صورة من الجواز', '', '', true, 5, '["pdf","jpg","jpeg","png"]'::jsonb, 31, true, '2025-12-05T13:33:13.852822+00:00', '2025-12-19T08:39:24.009075+00:00', '{"field":"recordType","values":["towhomitmayconcern"]}'::jsonb),
  ('ac1135c6-a1de-42a9-b896-ad4cfea9f1e2', 'eccfc9f7-44e5-4dc5-ba6f-0ebf5af2a197', NULL, 'صورة من الرقم الوطني أو الجواز', 'صورة من الرقم الوطني أو الجواز', '', '', true, 5, '["pdf","jpg","jpeg","png"]'::jsonb, 0, true, '2025-12-05T13:33:13.852822+00:00', '2025-12-19T08:38:54.339414+00:00', '{"logic":"AND","conditions":[{"field":"recordType","values":["national_id"]},{"field":"idType","values":["replacement"]}]}'::jsonb),
  ('d6aae807-5cd0-4aee-ba7a-5670f5c8d4b8', 'eccfc9f7-44e5-4dc5-ba6f-0ebf5af2a197', NULL, 'صورة حديثة', 'صورة حديثة', '', '', true, 5, '["pdf","jpg","jpeg","png"]'::jsonb, 1, true, '2025-12-05T13:33:13.852822+00:00', '2025-12-19T08:38:54.72145+00:00', '{"logic":"AND","conditions":[{"field":"recordType","values":["national_id"]},{"field":"idType","values":["replacement"]}]}'::jsonb),
  ('4529186e-a3f4-4fd8-936e-cc17221a0063', 'eccfc9f7-44e5-4dc5-ba6f-0ebf5af2a197', NULL, 'صورة من الجواز أو الرقم الوطني للوالد', 'صورة من الجواز أو الرقم الوطني للوالد', '', '', true, 5, '["pdf","jpg","jpeg","png"]'::jsonb, 2, true, '2025-12-05T13:33:13.852822+00:00', '2025-12-19T08:38:55.072389+00:00', '{"logic":"AND","conditions":[{"field":"recordType","values":["national_id"]},{"field":"idType","values":["newborn"]}]}'::jsonb),
  ('2335bcf4-306d-4803-9398-cbdef2601e83', 'eccfc9f7-44e5-4dc5-ba6f-0ebf5af2a197', NULL, 'كتابة طلب لتوضيح الأسباب بخط اليد', 'كتابة طلب لتوضيح الأسباب بخط اليد', 'يجب أن يكون الطلب مكتوباً بخط اليد', 'يجب أن يكون الطلب مكتوباً بخط اليد', true, 5, '["pdf","jpg","jpeg","png"]'::jsonb, 26, true, '2025-12-05T13:33:13.852822+00:00', '2025-12-19T08:39:05.828149+00:00', '{"logic":"AND","conditions":[{"field":"recordType","values":["national_id"]},{"field":"idType","values":["age_correction"]}]}'::jsonb),
  ('87053a2c-d737-4aed-a4e5-089258754c42', 'eccfc9f7-44e5-4dc5-ba6f-0ebf5af2a197', NULL, 'مستندات داعمة ذات صلة', 'مستندات داعمة ذات صلة', 'أي مستندات تدعم طلب تعديل العمر', 'أي مستندات تدعم طلب تعديل العمر', true, 5, '["pdf","jpg","jpeg","png"]'::jsonb, 27, true, '2025-12-05T13:33:13.852822+00:00', '2025-12-19T08:39:06.977465+00:00', '{"logic":"AND","conditions":[{"field":"recordType","values":["national_id"]},{"field":"idType","values":["age_correction"]}]}'::jsonb),
  ('97a6f8d5-c713-44ca-ab08-f3a603d5d139', 'eccfc9f7-44e5-4dc5-ba6f-0ebf5af2a197', NULL, 'صورة من الجواز', 'صورة من الجواز', '', '', true, 5, '["pdf","jpg","jpeg","png"]'::jsonb, 29, true, '2025-12-05T13:33:13.852822+00:00', '2025-12-19T08:39:14.442283+00:00', '{"field":"recordType","values":["conduct_certificate"]}'::jsonb),
  ('69030c03-fc63-42b4-a047-f86030c4b9a3', 'eccfc9f7-44e5-4dc5-ba6f-0ebf5af2a197', NULL, 'شهادة ميلاد أو تبليغ ولادة معتمد (للأطفال تحت 90 يوم)', 'شهادة ميلاد أو تبليغ ولادة معتمد (للأطفال تحت 90 يوم)', 'شهادة ميلاد أو تبليغ ولادة معتمد من دولة التمثيل في حالة الطفل لا يتجاوز 90 يوم', 'شهادة ميلاد أو تبليغ ولادة معتمد من دولة التمثيل في حالة الطفل لا يتجاوز 90 يوم', true, 5, '["pdf","jpg","jpeg","png"]'::jsonb, 4, true, '2025-12-05T13:33:13.852822+00:00', '2025-12-19T08:38:55.751632+00:00', '{"logic":"AND","conditions":[{"field":"recordType","values":["national_id"]},{"field":"idType","values":["newborn"]}]}'::jsonb),
  ('64a1755b-9357-482b-9b26-5424d30ed16c', 'eccfc9f7-44e5-4dc5-ba6f-0ebf5af2a197', NULL, 'شهادة الميلاد', 'شهادة الميلاد', '', '', true, 5, '["pdf","jpg","jpeg","png"]'::jsonb, 9, true, '2025-12-05T13:33:13.852822+00:00', '2025-12-19T08:38:57.291434+00:00', '{"logic":"AND","conditions":[{"field":"recordType","values":["national_id"]},{"field":"idType","values":["under12"]}]}'::jsonb),
  ('70c9d859-db76-4f52-bf96-657e48853b76', 'eccfc9f7-44e5-4dc5-ba6f-0ebf5af2a197', NULL, 'صورة فوتوغرافية حديثة', 'صورة فوتوغرافية حديثة', '', '', true, 5, '["pdf","jpg","jpeg","png"]'::jsonb, 11, true, '2025-12-05T13:33:13.852822+00:00', '2025-12-19T08:38:58.108594+00:00', '{"logic":"AND","conditions":[{"field":"recordType","values":["national_id"]},{"field":"idType","values":["under12"]}]}'::jsonb),
  ('646321d1-798c-49df-9aa7-c34f6c4c35af', 'eccfc9f7-44e5-4dc5-ba6f-0ebf5af2a197', NULL, 'صورة جواز الشاهد الأول', 'صورة جواز الشاهد الأول', '', '', true, 5, '["pdf","jpg","jpeg","png"]'::jsonb, 12, true, '2025-12-05T13:33:13.852822+00:00', '2025-12-19T08:38:58.652777+00:00', '{"logic":"AND","conditions":[{"field":"recordType","values":["national_id"]},{"field":"idType","values":["under12"]},{"field":"fatherAttending","values":["no"]}]}'::jsonb),
  ('dff94fc0-7f53-4f47-bffb-e8ed352cc009', 'eccfc9f7-44e5-4dc5-ba6f-0ebf5af2a197', NULL, 'صورة جواز الشاهد الثاني', 'صورة جواز الشاهد الثاني', '', '', true, 5, '["pdf","jpg","jpeg","png"]'::jsonb, 13, true, '2025-12-05T13:33:13.852822+00:00', '2025-12-19T08:38:59.093269+00:00', '{"logic":"AND","conditions":[{"field":"recordType","values":["national_id"]},{"field":"idType","values":["under12"]},{"field":"fatherAttending","values":["no"]}]}'::jsonb),
  ('7e777427-5c5d-4363-b44f-6789b3397a8d', 'eccfc9f7-44e5-4dc5-ba6f-0ebf5af2a197', NULL, 'صورة من الرقم الوطني', 'صورة من الرقم الوطني', '', '', true, 5, '["pdf","jpg","jpeg","png"]'::jsonb, 14, true, '2025-12-05T13:33:13.852822+00:00', '2025-12-19T08:38:59.382952+00:00', '{"logic":"AND","conditions":[{"field":"recordType","values":["national_id"]},{"field":"idType","values":["name_correction"]}]}'::jsonb),
  ('9fe1a424-a4c8-48dc-9342-2aebb72e9751', 'eccfc9f7-44e5-4dc5-ba6f-0ebf5af2a197', NULL, 'شهادة الميلاد', 'شهادة الميلاد', '', '', true, 5, '["pdf","jpg","jpeg","png"]'::jsonb, 15, true, '2025-12-05T13:33:13.852822+00:00', '2025-12-19T08:38:59.698541+00:00', '{"logic":"AND","conditions":[{"field":"recordType","values":["national_id"]},{"field":"idType","values":["name_correction"]}]}'::jsonb),
  ('c7d8ad5d-94fb-40ed-bc7a-27e8ca91a8aa', 'eccfc9f7-44e5-4dc5-ba6f-0ebf5af2a197', NULL, 'صورة من الجواز', 'صورة من الجواز', '', '', true, 5, '["pdf","jpg","jpeg","png"]'::jsonb, 16, true, '2025-12-05T13:33:13.852822+00:00', '2025-12-19T08:39:00.082581+00:00', '{"logic":"AND","conditions":[{"field":"recordType","values":["national_id"]},{"field":"idType","values":["name_correction"]}]}'::jsonb),
  ('d5c8b069-eb40-4b17-af61-70a11d43f8e5', 'eccfc9f7-44e5-4dc5-ba6f-0ebf5af2a197', NULL, 'كتابة طلب لتوضيح الأسباب بخط اليد', 'كتابة طلب لتوضيح الأسباب بخط اليد', 'يجب أن يكون الطلب مكتوباً بخط اليد', 'يجب أن يكون الطلب مكتوباً بخط اليد', true, 5, '["pdf","jpg","jpeg","png"]'::jsonb, 21, true, '2025-12-05T13:33:13.852822+00:00', '2025-12-19T08:39:01.729133+00:00', '{"logic":"AND","conditions":[{"field":"recordType","values":["national_id"]},{"field":"idType","values":["name_correction"]}]}'::jsonb),
  ('2fa88ba9-3de6-4755-98d1-8959fceceb7c', 'eccfc9f7-44e5-4dc5-ba6f-0ebf5af2a197', NULL, 'شهادة الميلاد', 'شهادة الميلاد', '', '', true, 5, '["pdf","jpg","jpeg","png"]'::jsonb, 24, true, '2025-12-05T13:33:13.852822+00:00', '2025-12-19T08:39:03.210865+00:00', '{"logic":"AND","conditions":[{"field":"recordType","values":["national_id"]},{"field":"idType","values":["age_correction"]}]}'::jsonb),
  ('3fabaedc-eae8-4614-ae0f-6e9644416215', 'eccfc9f7-44e5-4dc5-ba6f-0ebf5af2a197', NULL, 'صورة من الجواز', 'صورة من الجواز', '', '', true, 5, '["pdf","jpg","jpeg","png"]'::jsonb, 25, true, '2025-12-05T13:33:13.852822+00:00', '2025-12-19T08:39:05.472796+00:00', '{"logic":"AND","conditions":[{"field":"recordType","values":["national_id"]},{"field":"idType","values":["age_correction"]}]}'::jsonb),
  ('5ed72396-0cf9-4a9b-bcd6-7f71c01aa520', '0194226c-cdbe-4366-8210-cea05f606754', NULL, 'المستندات الداعمة', 'المستندات الداعمة', 'مستندات تدعم طلب الإفادة', 'مستندات تدعم طلب الإفادة', false, 5, '["pdf","jpg","jpeg","png"]'::jsonb, 1, true, '2025-12-05T13:33:15.32665+00:00', '2025-12-05T13:33:15.32665+00:00', NULL),
  ('584dc19a-6d79-4b05-8b98-a1e61b9bbebf', '0194226c-cdbe-4366-8210-cea05f606754', NULL, 'صورة الرقم الوطني', 'صورة الرقم الوطني', '', '', true, 5, '["pdf","jpg","jpeg","png"]'::jsonb, 0, true, '2025-12-05T13:33:15.32665+00:00', '2025-12-05T13:33:15.32665+00:00', NULL),
  ('2a7c9b2e-b6a3-4eab-83a8-618974b8a6ae', '2ae1ba8e-8d22-4677-9c19-4f1196a7a3bd', NULL, 'أصل جواز السفر ساري المفعول', 'أصل جواز السفر ساري المفعول', 'يجب أن يكون صالحاً لمدة 6 أشهر على الأقل', 'يجب أن يكون صالحاً لمدة 6 أشهر على الأقل', true, 5, '["pdf","jpg","jpeg","png"]'::jsonb, 0, true, '2025-12-05T13:33:16.094491+00:00', '2025-12-05T13:33:16.094491+00:00', NULL),
  ('d0948a1e-5b91-420b-8f52-37017d44d494', '2ae1ba8e-8d22-4677-9c19-4f1196a7a3bd', NULL, 'صورة من المستند السوداني لصاحب الطلب', 'صورة من المستند السوداني لصاحب الطلب', 'جواز سفر - رقم وطني - بطاقة شخصية - بطاقة أصول سودانية', 'جواز سفر - رقم وطني - بطاقة شخصية - بطاقة أصول سودانية', true, 5, '["pdf","jpg","jpeg","png"]'::jsonb, 2, true, '2025-12-05T13:33:16.094491+00:00', '2025-12-08T17:19:25.232321+00:00', '{"field":"visaType","values":["sudanese_origin"]}'::jsonb),
  ('35ab7116-540d-4605-9eca-d8d6b720d2f7', '2ae1ba8e-8d22-4677-9c19-4f1196a7a3bd', NULL, 'خطاب من جهة العمل المسجلة بجوازات الأجانب', 'خطاب من جهة العمل المسجلة بجوازات الأجانب', '', '', true, 5, '["pdf","jpg","jpeg","png"]'::jsonb, 6, true, '2025-12-05T13:33:16.094491+00:00', '2025-12-08T17:19:25.232321+00:00', '{"field":"visaType","values":["business_visit"]}'::jsonb),
  ('0f79c232-4f02-48d1-a03f-c84c8fc12138', '2ae1ba8e-8d22-4677-9c19-4f1196a7a3bd', NULL, 'صورة من شهادة الميلاد أو الرقم الوطني', 'صورة من شهادة الميلاد أو الرقم الوطني', 'في حالة الأم كضامن', 'في حالة الأم كضامن', true, 5, '["pdf","jpg","jpeg","png"]'::jsonb, 5, true, '2025-12-05T13:33:16.094491+00:00', '2025-12-08T17:19:25.232321+00:00', '{"field":"guarantorRelation","values":["mother"]}'::jsonb),
  ('d18b3ae2-eb7b-4ce5-927d-fcb7525639db', '2ae1ba8e-8d22-4677-9c19-4f1196a7a3bd', NULL, 'صورة شخصية', 'صورة شخصية', '', '', true, 5, '["pdf","jpg","jpeg","png"]'::jsonb, 1, true, '2025-12-05T13:33:16.094491+00:00', '2025-12-05T13:33:16.094491+00:00', NULL),
  ('b90a1a5d-0290-4e93-8789-04de71298b6a', '2ae1ba8e-8d22-4677-9c19-4f1196a7a3bd', NULL, 'صورة من قسيمة الزواج', 'صورة من قسيمة الزواج', 'في حالة الزوجة', 'في حالة الزوجة', true, 5, '["pdf","jpg","jpeg","png"]'::jsonb, 4, true, '2025-12-05T13:33:16.094491+00:00', '2025-12-08T17:19:25.232321+00:00', '{"field":"guarantorRelation","values":["wife"]}'::jsonb),
  ('3fc53bb6-b343-44bb-88dc-766362becb03', '2ae1ba8e-8d22-4677-9c19-4f1196a7a3bd', NULL, 'هوية المندوب الرسمي المسجل بجوازات الأجانب', 'هوية المندوب الرسمي المسجل بجوازات الأجانب', '', '', true, 5, '["pdf","jpg","jpeg","png"]'::jsonb, 7, true, '2025-12-05T13:33:16.094491+00:00', '2025-12-08T17:19:25.232321+00:00', '{"field":"visaType","values":["business_visit"]}'::jsonb),
  ('57757ef3-6610-47d5-bc87-e53ce8b53e32', '2ae1ba8e-8d22-4677-9c19-4f1196a7a3bd', NULL, 'صورة المستند السوداني للضامن', 'صورة المستند السوداني للضامن', '', '', true, 5, '["pdf","jpg","jpeg","png"]'::jsonb, 3, true, '2025-12-05T13:33:16.094491+00:00', '2025-12-08T17:19:25.232321+00:00', '{"field":"visaType","values":["sudanese_origin"]}'::jsonb),
  ('58ca077b-84bb-4e72-9a52-6b5013793a98', '2ae1ba8e-8d22-4677-9c19-4f1196a7a3bd', NULL, 'مستندات أخرى داعمة', 'مستندات أخرى داعمة', 'ملاحظة: قد يتطلب الإجراء إحضار بعض المستندات الأخرى المؤيدة لطلب الحصول على التأشيرة', 'ملاحظة: قد يتطلب الإجراء إحضار بعض المستندات الأخرى المؤيدة لطلب الحصول على التأشيرة', false, 5, '["pdf","jpg","jpeg","png"]'::jsonb, 8, true, '2025-12-05T13:33:16.094491+00:00', '2025-12-05T13:33:16.094491+00:00', NULL),
  ('b73767e9-479c-471a-8b66-9aa4626462c3', '7be0c226-9ae3-4762-9ff1-944351b5d30d', NULL, 'صورة الجواز', 'صورة الجواز', '', '', true, 5, '["pdf","jpg","jpeg","png"]'::jsonb, 0, true, '2025-12-05T13:33:17.170793+00:00', '2025-12-05T13:33:17.170793+00:00', NULL),
  ('009492bc-c05b-4889-abf3-d8114a1c26c0', '7be0c226-9ae3-4762-9ff1-944351b5d30d', NULL, 'صورة الإقامة', 'صورة الإقامة', '', '', true, 5, '["pdf","jpg","jpeg","png"]'::jsonb, 1, true, '2025-12-05T13:33:17.170793+00:00', '2025-12-05T13:33:17.170793+00:00', NULL),
  ('4064feda-6eda-4091-b27e-a0153063aede', '7be0c226-9ae3-4762-9ff1-944351b5d30d', NULL, 'إرفاق المستندات الخاصة بالطلب', 'إرفاق المستندات الخاصة بالطلب', '', '', true, 5, '["pdf","jpg","jpeg","png"]'::jsonb, 2, true, '2025-12-05T13:33:17.170793+00:00', '2025-12-05T13:33:17.170793+00:00', NULL),
  ('12c6befa-9465-4b75-ba4f-eb179750d894', '6b983a72-2fe8-4025-b953-e32c01f40572', NULL, 'صورة من الجواز', 'صورة من الجواز', 'يرجى إرفاق صورة واضحة من جواز السفر', 'يرجى إرفاق صورة واضحة من جواز السفر', true, 5, '["pdf","jpg","jpeg","png"]'::jsonb, 0, true, '2025-12-05T13:33:17.908346+00:00', '2025-12-18T10:12:38.068647+00:00', NULL),
  ('3afe4806-7fd6-403e-87e1-f0307615c90a', '7791f359-abc2-4eb3-b0c0-596fe4cd5a2d', NULL, 'إثبات شخصية الشاهد الأول', 'إثبات شخصية الشاهد الأول', '', '', true, 5, '["pdf","jpg","jpeg","png"]'::jsonb, 3, true, '2025-12-05T13:33:18.699916+00:00', '2025-12-05T13:33:18.699916+00:00', NULL),
  ('59067c2a-c4c3-449d-a5ba-52f20c35bca5', '7791f359-abc2-4eb3-b0c0-596fe4cd5a2d', NULL, 'إثبات شخصية المخطوبة (الجواز أو الرقم الوطني)', 'إثبات شخصية المخطوبة (الجواز أو الرقم الوطني)', '', '', true, 5, '["pdf","jpg","jpeg","png"]'::jsonb, 1, true, '2025-12-05T13:33:18.699916+00:00', '2025-12-05T13:33:18.699916+00:00', NULL),
  ('646b115a-d210-4df6-b2fa-bad0e8b8b6c5', '7791f359-abc2-4eb3-b0c0-596fe4cd5a2d', NULL, 'إثبات شخصية ولي المخطوبة (الأب)', 'إثبات شخصية ولي المخطوبة (الأب)', '', '', true, 5, '["pdf","jpg","jpeg","png"]'::jsonb, 2, true, '2025-12-05T13:33:18.699916+00:00', '2025-12-05T13:33:18.699916+00:00', NULL),
  ('cad3f16e-fed7-46a7-bbe9-141971ec16f6', '7791f359-abc2-4eb3-b0c0-596fe4cd5a2d', NULL, 'إثبات وفاة الولي أو الإعلام الشرعي للوراثة (في حال وفاة ولي المخطوبة)', 'إثبات وفاة الولي أو الإعلام الشرعي للوراثة (في حال وفاة ولي المخطوبة)', '', '', false, 5, '["pdf","jpg","jpeg","png"]'::jsonb, 9, true, '2025-12-05T13:33:18.699916+00:00', '2025-12-05T13:33:18.699916+00:00', NULL),
  ('3c2027cb-6834-4ee8-804c-04d892958348', '7791f359-abc2-4eb3-b0c0-596fe4cd5a2d', NULL, 'توكيل الولي موثق من الخارجية السودانية (في حال غياب والد المخطوبة)', 'توكيل الولي موثق من الخارجية السودانية (في حال غياب والد المخطوبة)', '', '', false, 5, '["pdf","jpg","jpeg","png"]'::jsonb, 8, true, '2025-12-05T13:33:18.699916+00:00', '2025-12-05T13:33:18.699916+00:00', NULL),
  ('e1fb37fc-57b6-40b6-b5ac-4601062b9f75', '7791f359-abc2-4eb3-b0c0-596fe4cd5a2d', NULL, 'وثيقة الزواج وشهادة وفاة الزوج أو الإعلام الشرعي للورثة (في حال كانت المخطوبة أرملة)', 'وثيقة الزواج وشهادة وفاة الزوج أو الإعلام الشرعي للورثة (في حال كانت المخطوبة أرملة)', '', '', false, 5, '["pdf","jpg","jpeg","png"]'::jsonb, 7, true, '2025-12-05T13:33:18.699916+00:00', '2025-12-05T13:33:18.699916+00:00', NULL),
  ('b3951c18-c4d3-4836-9222-0232684c5e7b', '7791f359-abc2-4eb3-b0c0-596fe4cd5a2d', NULL, 'أصل وثيقة الطلاق موثقة من الخارجية السودانية (في حال كانت المخطوبة مطلقة)', 'أصل وثيقة الطلاق موثقة من الخارجية السودانية (في حال كانت المخطوبة مطلقة)', '', '', false, 5, '["pdf","jpg","jpeg","png"]'::jsonb, 6, true, '2025-12-05T13:33:18.699916+00:00', '2025-12-05T13:33:18.699916+00:00', NULL),
  ('b0479242-9584-4e32-8cf2-68a9344f4580', '7791f359-abc2-4eb3-b0c0-596fe4cd5a2d', NULL, 'إقرار موافقة المخطوبة على الزواج (في حال غياب المخطوبة)', 'إقرار موافقة المخطوبة على الزواج (في حال غياب المخطوبة)', 'في حال كانت المخطوبة غائبة عن مجلس العقد', 'في حال كانت المخطوبة غائبة عن مجلس العقد', false, 5, '["pdf","jpg","jpeg","png"]'::jsonb, 5, true, '2025-12-05T13:33:18.699916+00:00', '2025-12-05T13:33:18.699916+00:00', NULL),
  ('959b3789-b979-4bb2-95c0-d923ce7e0423', '7791f359-abc2-4eb3-b0c0-596fe4cd5a2d', NULL, 'إثبات شخصية الخاطب (الجواز أو الرقم الوطني)', 'إثبات شخصية الخاطب (الجواز أو الرقم الوطني)', '', '', true, 5, '["pdf","jpg","jpeg","png"]'::jsonb, 0, true, '2025-12-05T13:33:18.699916+00:00', '2025-12-05T13:33:18.699916+00:00', NULL),
  ('771ac7cf-81a2-46ad-bc29-c8260cf8b91f', '7791f359-abc2-4eb3-b0c0-596fe4cd5a2d', NULL, 'مستندات إضافية إن وجد', 'مستندات إضافية إن وجد', '', '', false, 5, '["pdf","jpg","jpeg","png"]'::jsonb, 15, true, '2025-12-05T13:33:18.699916+00:00', '2025-12-05T13:33:18.699916+00:00', NULL),
  ('d2017270-85bd-467d-a2cc-9d75a6c01938', '7791f359-abc2-4eb3-b0c0-596fe4cd5a2d', NULL, 'صورة جواز الشاهد الثاني', 'صورة جواز الشاهد الثاني', '', '', true, 5, '["pdf","jpg","jpeg","png"]'::jsonb, 14, true, '2025-12-05T13:33:18.699916+00:00', '2025-12-05T13:33:18.699916+00:00', NULL),
  ('e4ab4cf9-1ce1-430f-82ed-cc55bfc0e4a5', '7791f359-abc2-4eb3-b0c0-596fe4cd5a2d', NULL, 'صورة جواز الشاهد الأول', 'صورة جواز الشاهد الأول', '', '', true, 5, '["pdf","jpg","jpeg","png"]'::jsonb, 13, true, '2025-12-05T13:33:18.699916+00:00', '2025-12-05T13:33:18.699916+00:00', NULL),
  ('537df6bb-9c82-4e8f-8a9c-7702736238ea', '7791f359-abc2-4eb3-b0c0-596fe4cd5a2d', NULL, 'صورة جواز الزوجة', 'صورة جواز الزوجة', '', '', true, 5, '["pdf","jpg","jpeg","png"]'::jsonb, 12, true, '2025-12-05T13:33:18.699916+00:00', '2025-12-05T13:33:18.699916+00:00', NULL),
  ('7314fda1-4f50-4d6d-b178-f0da23c74b27', '7791f359-abc2-4eb3-b0c0-596fe4cd5a2d', NULL, 'صورة جواز الزوج', 'صورة جواز الزوج', '', '', true, 5, '["pdf","jpg","jpeg","png"]'::jsonb, 11, true, '2025-12-05T13:33:18.699916+00:00', '2025-12-05T13:33:18.699916+00:00', NULL),
  ('47b3a5ce-76ea-45d0-bce1-60634b865724', '7791f359-abc2-4eb3-b0c0-596fe4cd5a2d', NULL, 'القسيمة', 'القسيمة', '', '', true, 5, '["pdf","jpg","jpeg","png"]'::jsonb, 10, true, '2025-12-05T13:33:18.699916+00:00', '2025-12-05T13:33:18.699916+00:00', NULL),
  ('6b638a58-4924-4d35-bb43-adbddfb85015', '7791f359-abc2-4eb3-b0c0-596fe4cd5a2d', NULL, 'إثبات شخصية الشاهد الثاني', 'إثبات شخصية الشاهد الثاني', '', '', true, 5, '["pdf","jpg","jpeg","png"]'::jsonb, 4, true, '2025-12-05T13:33:18.699916+00:00', '2025-12-05T13:33:18.699916+00:00', NULL),
  ('78e5be73-8d71-45e8-ab03-864ead9f4e34', '4aff3110-abd7-46d3-bb5e-498b5ee0ef85', NULL, 'صورة من الجواز', 'صورة من الجواز', '', '', true, 5, '["pdf","jpg","jpeg","png"]'::jsonb, 0, true, '2025-12-05T13:33:19.434626+00:00', '2025-12-05T13:33:19.434626+00:00', NULL),
  ('fabc4de7-4090-49b3-8367-39f94fb5de7b', '4aff3110-abd7-46d3-bb5e-498b5ee0ef85', NULL, 'صورة حديثة', 'صورة حديثة', 'صورة شخصية حديثة', 'صورة شخصية حديثة', true, 5, '["pdf","jpg","jpeg","png"]'::jsonb, 1, true, '2025-12-05T13:33:19.434626+00:00', '2025-12-05T13:33:19.434626+00:00', NULL),
  ('cdbcb03b-6c24-4af4-8210-11955466efa6', '6a205b23-657b-4f02-b5f5-18fe106598ed', NULL, 'صورة الجواز أو إقامة المتوفي', 'صورة الجواز أو إقامة المتوفي', '', '', true, 5, '["pdf","jpg","jpeg","png"]'::jsonb, 3, true, '2025-12-05T13:33:20.151769+00:00', '2025-12-05T13:33:20.151769+00:00', NULL),
  ('e43d150d-c064-4b33-855b-eabe988d9baf', '6a205b23-657b-4f02-b5f5-18fe106598ed', NULL, 'توكيل من أسرة المتوفي (في حالة عدم القرابة)', 'توكيل من أسرة المتوفي (في حالة عدم القرابة)', 'مطلوب فقط في حالة عدم وجود صلة قرابة مباشرة', 'مطلوب فقط في حالة عدم وجود صلة قرابة مباشرة', false, 5, '["pdf","jpg","jpeg","png"]'::jsonb, 5, true, '2025-12-05T13:33:20.151769+00:00', '2025-12-05T13:33:20.151769+00:00', NULL),
  ('6b6209c4-b18c-4e22-9557-9b0a33ed9371', '6a205b23-657b-4f02-b5f5-18fe106598ed', NULL, 'صورة جواز أو إقامة أقرب الأقربين', 'صورة جواز أو إقامة أقرب الأقربين', '', '', true, 5, '["pdf","jpg","jpeg","png"]'::jsonb, 4, true, '2025-12-05T13:33:20.151769+00:00', '2025-12-05T13:33:20.151769+00:00', NULL),
  ('f04bf8e2-465a-47a8-9765-c44987bc7c52', '6a205b23-657b-4f02-b5f5-18fe106598ed', NULL, 'بلاغ الوفاة من المستشفى', 'بلاغ الوفاة من المستشفى', '', '', true, 5, '["pdf","jpg","jpeg","png"]'::jsonb, 2, true, '2025-12-05T13:33:20.151769+00:00', '2025-12-05T13:33:20.151769+00:00', NULL),
  ('ca97f2c3-4de6-4acd-8ab6-9966cb0139d2', '6a205b23-657b-4f02-b5f5-18fe106598ed', NULL, 'صورة جواز الشخص المكلف بستر الجثمان', 'صورة جواز الشخص المكلف بستر الجثمان', '', '', true, 5, '["pdf","jpg","jpeg","png"]'::jsonb, 1, true, '2025-12-05T13:33:20.151769+00:00', '2025-12-05T13:33:20.151769+00:00', NULL),
  ('ee2a31e8-2ec3-4965-9711-a7b185edd10a', '6a205b23-657b-4f02-b5f5-18fe106598ed', NULL, 'صورة جواز المتوفي', 'صورة جواز المتوفي', '', '', true, 5, '["pdf","jpg","jpeg","png"]'::jsonb, 0, true, '2025-12-05T13:33:20.151769+00:00', '2025-12-05T13:33:20.151769+00:00', NULL),
  ('56cc273c-cb26-4118-8a2b-45b29e3d19aa', '6a205b23-657b-4f02-b5f5-18fe106598ed', NULL, 'تقرير الطب الشرعي (في الحالات الجنائية)', 'تقرير الطب الشرعي (في الحالات الجنائية)', 'مطلوب في الحالات الجنائية أو الشبه جنائية', 'مطلوب في الحالات الجنائية أو الشبه جنائية', false, 5, '["pdf","jpg","jpeg","png"]'::jsonb, 7, true, '2025-12-05T13:33:20.151769+00:00', '2025-12-05T13:33:20.151769+00:00', NULL),
  ('6076a5d3-a96b-407f-ade8-2870f02e7a67', '6a205b23-657b-4f02-b5f5-18fe106598ed', NULL, 'خطاب مرور (في حالة الحادث)', 'خطاب مرور (في حالة الحادث)', 'مطلوب في حالات الحوادث المرورية', 'مطلوب في حالات الحوادث المرورية', false, 5, '["pdf","jpg","jpeg","png"]'::jsonb, 6, true, '2025-12-05T13:33:20.151769+00:00', '2025-12-05T13:33:20.151769+00:00', NULL),
  ('dee62b17-789d-407c-9644-d2b69b58cd6b', '66118ec6-2a3b-4b3b-9c81-c4496d9142d5', NULL, 'صورة جواز السفر الشاهد الثاني', NULL, NULL, NULL, false, 5, '["pdf","jpg","jpeg","png"]'::jsonb, 3, true, '2025-12-08T17:03:15.501753+00:00', '2025-12-13T23:29:21.618443+00:00', '{"field":"generalType","values":["new_id_card","replacement_sim","transfer_error_form","account_management","saudi_insurance_form","general_procedure_form","other_general"],"exclude":true}'::jsonb),
  ('e7452961-2ed2-4ee2-9e8a-eeedbc08b704', '66118ec6-2a3b-4b3b-9c81-c4496d9142d5', NULL, 'صورة جواز السفر الشاهد الأول', NULL, NULL, NULL, false, 5, '["pdf","jpg","jpeg","png"]'::jsonb, 2, true, '2025-12-08T17:03:15.501753+00:00', '2025-12-13T23:29:21.368592+00:00', '{"field":"generalType","values":["new_id_card","replacement_sim","transfer_error_form","account_management","saudi_insurance_form","general_procedure_form","other_general"],"exclude":true}'::jsonb),
  ('b837419e-2982-451c-9fca-81fa044c613f', '66118ec6-2a3b-4b3b-9c81-c4496d9142d5', NULL, 'صورة جواز السفر الموكل', NULL, NULL, NULL, true, 5, '["pdf","jpg","jpeg","png"]'::jsonb, 0, true, '2025-12-08T17:03:15.501753+00:00', '2025-12-14T17:39:24.777406+00:00', NULL),
  ('20154e1d-d244-4974-ad7e-cdc5857a4bc9', '66118ec6-2a3b-4b3b-9c81-c4496d9142d5', NULL, 'مستندات داعمة', NULL, 'أي مستندات إضافية تدعم التوكيل', NULL, false, 10, '["pdf","jpg","jpeg","png","doc","docx"]'::jsonb, 4, true, '2025-12-08T17:03:15.501753+00:00', '2025-12-14T17:39:24.777406+00:00', NULL),
  ('feb028eb-e578-4276-bab6-e405734aae94', '66118ec6-2a3b-4b3b-9c81-c4496d9142d5', NULL, 'صورة جواز السفر الوكيل', NULL, NULL, NULL, true, 5, '["pdf","jpg","jpeg","png"]'::jsonb, 1, true, '2025-12-08T17:03:15.501753+00:00', '2025-12-14T17:39:24.777406+00:00', NULL),
  ('918fb7c5-108e-42ac-81b3-ccad23661aa2', '37e7b780-a723-4224-9ac8-54aa956cece4', NULL, 'وثيقة اشهاد الهبة', NULL, NULL, NULL, true, 10, '["pdf","jpg","jpeg","png"]'::jsonb, 7, true, '2025-12-08T17:04:10.880306+00:00', '2025-12-08T17:20:01.35928+00:00', '{"field":"transactionType","values":["accept_gift"]}'::jsonb),
  ('300667be-8763-4b37-9507-a557c85afc71', '37e7b780-a723-4224-9ac8-54aa956cece4', NULL, 'شهادة إثبات الملكية', NULL, 'شهادة رسمية تثبت ملكية العقار/الأرض', NULL, true, 10, '["pdf","jpg","jpeg","png"]'::jsonb, 3, true, '2025-12-08T17:04:10.880306+00:00', '2025-12-08T17:20:01.35928+00:00', '{"field":"transactionType","values":["sell_land","sell_property","sell_land_property","release_seizure_sell","release_seizure_sell_duplicate","sell_irrigation"]}'::jsonb),
  ('04829342-56cc-4769-a842-d91a3da14f6b', '37e7b780-a723-4224-9ac8-54aa956cece4', NULL, 'عقد الرهن', NULL, NULL, NULL, true, 10, '["pdf","jpg","jpeg","png"]'::jsonb, 5, true, '2025-12-08T17:04:10.880306+00:00', '2025-12-08T17:20:01.35928+00:00', '{"field":"transactionType","values":["mortgage_land","mortgage_property"]}'::jsonb),
  ('80a96862-a979-440a-b395-b64e75b1b919', '37e7b780-a723-4224-9ac8-54aa956cece4', NULL, 'صورة جواز الموكل', NULL, NULL, NULL, true, 5, '["pdf","jpg","jpeg","png"]'::jsonb, 0, true, '2025-12-08T17:04:10.880306+00:00', '2025-12-14T17:46:24.845354+00:00', NULL),
  ('6451a9d2-17ce-4631-9b54-3c954062ef68', '37e7b780-a723-4224-9ac8-54aa956cece4', NULL, 'قرار المحكمة', NULL, NULL, NULL, true, 10, '["pdf","jpg","jpeg","png"]'::jsonb, 4, true, '2025-12-08T17:04:10.880306+00:00', '2025-12-08T17:20:01.35928+00:00', '{"field":"transactionType","values":["release_seizure_sell","release_seizure_sell_duplicate"]}'::jsonb),
  ('25757ef2-ca95-49e8-8b0f-1407f38d7aa8', '37e7b780-a723-4224-9ac8-54aa956cece4', NULL, 'صورة جواز الوكيل', NULL, NULL, NULL, true, 5, '["pdf","jpg","jpeg","png"]'::jsonb, 1, true, '2025-12-08T17:04:10.880306+00:00', '2025-12-14T17:46:24.845354+00:00', NULL),
  ('d040465b-e682-4e88-878b-ec0ff2795dd2', '37e7b780-a723-4224-9ac8-54aa956cece4', NULL, 'صك الملكية أو عقد الإيجار', NULL, NULL, NULL, true, 10, '["pdf","jpg","jpeg","png"]'::jsonb, 2, true, '2025-12-08T17:04:10.880306+00:00', '2025-12-14T17:46:24.845354+00:00', NULL),
  ('7e2f1510-c29f-42ce-a885-9ad4abb65778', '37e7b780-a723-4224-9ac8-54aa956cece4', NULL, 'مستندات داعمة', NULL, 'أي مستندات إضافية تدعم المعاملة العقارية', NULL, false, 10, '["pdf","jpg","jpeg","png","doc","docx"]'::jsonb, 8, true, '2025-12-08T17:04:10.880306+00:00', '2025-12-14T17:46:24.845354+00:00', NULL),
  ('0ff10df5-413a-4cda-82c5-be39e1c27fc0', '37e7b780-a723-4224-9ac8-54aa956cece4', NULL, 'عقد الهبة', NULL, NULL, NULL, true, 10, '["pdf","jpg","jpeg","png"]'::jsonb, 6, true, '2025-12-08T17:04:10.880306+00:00', '2025-12-08T17:20:01.35928+00:00', '{"field":"transactionType","values":["gift_irrigation"]}'::jsonb),
  ('45cc982e-62ff-4f2e-ba7c-78a3613022d8', '59bc1106-1074-4943-9cc2-e8f353a3f0cb', NULL, '', '', '', '', true, 5, '["pdf","jpg","jpeg","png"]'::jsonb, 0, true, '2025-12-08T19:16:44.193689+00:00', '2025-12-08T19:22:10.750096+00:00', '{"logic":"AND","show_when":[{"id":"condition_1765221380385_t2oi1r0mm","field":"field_1765221213707","value":"1","operator":"equals"}]}'::jsonb),
  ('b8dfd7a2-80fe-4e7f-9b19-34c91bdc4cba', '114bfbc6-c015-40d9-ba18-393e53a59392', NULL, 'صورة بطاقة الهوية', 'ID Card Copy', 'صورة واضحة من بطاقة الهوية الوطنية أو جواز السفر', 'Clear copy of national ID or passport', true, 5, '["pdf","jpg","jpeg","png"]'::jsonb, 1, true, '2025-12-09T19:57:29.8331+00:00', '2025-12-14T17:51:03.235594+00:00', NULL),
  ('d413dd6a-b868-437f-a2db-fbf8f354d758', '114bfbc6-c015-40d9-ba18-393e53a59392', NULL, 'صورة شخصية', 'Personal Photo', 'صورة شخصية حديثة بخلفية بيضاء', 'Recent personal photo with white background', true, 2, '["jpg","jpeg","png"]'::jsonb, 4, true, '2025-12-09T19:57:29.8331+00:00', '2025-12-14T17:51:03.235594+00:00', NULL),
  ('12b3f1a7-4eca-4b3b-9ce2-809a67fcee57', '114bfbc6-c015-40d9-ba18-393e53a59392', NULL, 'شهادة حسن السيرة والسلوك', 'Good Conduct Certificate', 'شهادة حسن السيرة والسلوك من جهة رسمية', 'Good conduct certificate from official authority', true, 5, '["pdf","jpg","jpeg","png"]'::jsonb, 3, true, '2025-12-09T19:57:29.8331+00:00', '2025-12-14T17:51:03.235594+00:00', NULL),
  ('61b46536-d1fa-44be-9a68-a1cc45c07001', '114bfbc6-c015-40d9-ba18-393e53a59392', NULL, 'صورة المؤهل العلمي', 'Educational Certificate Copy', 'صورة من الشهادة الجامعية أو المؤهل العلمي', 'Copy of university degree or educational qualification', true, 5, '["pdf","jpg","jpeg","png"]'::jsonb, 2, true, '2025-12-09T19:57:29.8331+00:00', '2025-12-14T17:51:03.235594+00:00', NULL),
  ('b1909391-02ab-486a-a070-c2adc274a7d3', '9f72c08c-eff4-400f-8b61-c0912f3d3dfd', NULL, 'الرقم الوطني / الجواز', 'National ID / Passport', 'السودانيون: إرفاق صورة الرقم الوطني | غير السودانيين: إرفاق صورة جواز السفر', 'Sudanese: National ID copy | Non-Sudanese: Passport copy', true, 5, '["pdf","jpg","jpeg","png"]'::jsonb, 3, true, '2025-12-09T20:04:56.558249+00:00', '2025-12-17T19:03:47.004027+00:00', NULL),
  ('8af5ff0a-b945-4291-b91c-656cf5ec5a51', '9f72c08c-eff4-400f-8b61-c0912f3d3dfd', NULL, 'صورة شخصية حديثة', 'Recent Personal Photo', 'صورة شخصية حديثة بمقاس صورة الجواز (4×6 سم)', 'Recent passport-size photo (4×6 cm)', true, 2, '["jpg","jpeg","png"]'::jsonb, 2, true, '2025-12-09T20:04:56.558249+00:00', '2025-12-17T19:03:46.776904+00:00', NULL),
  ('809f7575-2fe8-492e-846e-1909090de1bf', '9f72c08c-eff4-400f-8b61-c0912f3d3dfd', NULL, 'أصل شهادة الصف الخامس', 'Original Grade 5 Certificate', 'أصل شهادة الصف الخامس مرّ عليها عام', 'Original grade 5 certificate (one year old)', true, 5, '["pdf","jpg","jpeg","png"]'::jsonb, 1, true, '2025-12-09T20:04:56.558249+00:00', '2025-12-17T19:03:46.534168+00:00', NULL),
  ('ed684383-a0fb-4d2f-be14-ac21bdb270cb', '58afa461-40bb-4665-9087-ca98067a98ad', NULL, 'شهادة الأساس أو ما يعادلها', 'Basic Certificate or Equivalent', 'شهادة الأساس أو ما يعادلها مرّ عليها ثلاث سنوات', 'Basic certificate or equivalent (three years old)', true, 5, '["pdf","jpg","jpeg","png"]'::jsonb, 1, true, '2025-12-09T20:05:29.526285+00:00', '2025-12-14T17:51:03.235594+00:00', NULL),
  ('03db29b5-b4ec-4d46-987d-c670c9925b70', '58afa461-40bb-4665-9087-ca98067a98ad', NULL, 'صورة شخصية حديثة', 'Recent Personal Photo', 'صورة شخصية حديثة بمقاس صورة الجواز (4×6 سم)', 'Recent passport-size photo (4×6 cm)', true, 2, '["jpg","jpeg","png"]'::jsonb, 2, true, '2025-12-09T20:05:29.526285+00:00', '2025-12-14T17:51:03.235594+00:00', NULL)
ON CONFLICT DO NOTHING;

INSERT INTO public.service_documents (id, service_id, service_type_id, document_name_ar, document_name_en, description_ar, description_en, is_required, max_size_mb, accepted_formats, order_index, is_active, created_at, updated_at, conditions)
VALUES
  ('74b88941-3b24-4786-9497-583686f2049b', '58afa461-40bb-4665-9087-ca98067a98ad', NULL, 'الرقم الوطني / الجواز', 'National ID / Passport', 'السودانيون: إرفاق صورة الرقم الوطني | غير السودانيين: إرفاق صورة جواز السفر', 'Sudanese: National ID copy | Non-Sudanese: Passport copy', true, 5, '["pdf","jpg","jpeg","png"]'::jsonb, 3, true, '2025-12-09T20:05:29.526285+00:00', '2025-12-14T17:51:03.235594+00:00', NULL),
  ('7251fbc4-bad3-4a48-a8cb-c195b1d8bcfd', 'f4104861-1bab-4a7c-b561-3df15a0c9a04', NULL, 'الرقم الوطني / الجواز', 'National ID / Passport', 'السودانيون: إرفاق صورة الرقم الوطني | غير السودانيين: إرفاق صورة جواز السفر', 'Sudanese: National ID copy | Non-Sudanese: Passport copy', true, 5, '["pdf","jpg","jpeg","png"]'::jsonb, 4, true, '2025-12-09T20:06:39.014216+00:00', '2025-12-18T12:57:05.830253+00:00', NULL),
  ('3eaf5b7a-e4fc-43b4-8610-6a8595cb0093', 'f4104861-1bab-4a7c-b561-3df15a0c9a04', NULL, 'الشهادة الثانوية (للمعيدين)', 'Secondary Certificate (For Repeaters)', 'الشهادة الثانوية لمن سبق له الجلوس للامتحان', 'Secondary certificate for those who previously sat for the exam', false, 5, '["pdf","jpg","jpeg","png"]'::jsonb, 2, true, '2025-12-09T20:06:39.014216+00:00', '2025-12-18T12:57:05.285715+00:00', NULL),
  ('70c303f2-38c2-41b8-970a-549194c2e881', 'f4104861-1bab-4a7c-b561-3df15a0c9a04', NULL, 'الشهادة المتوسطة أو ما يعادلها', 'Intermediate Certificate or Equivalent', 'الشهادة المتوسطة أو ما يعادلها مرّ عليها ثلاث سنوات', 'Intermediate certificate or equivalent (three years old)', true, 5, '["pdf","jpg","jpeg","png"]'::jsonb, 1, true, '2025-12-09T20:06:39.014216+00:00', '2025-12-18T12:57:04.994494+00:00', NULL),
  ('fb75b7af-ea73-4d1d-b593-ed6908efe9db', 'f4104861-1bab-4a7c-b561-3df15a0c9a04', NULL, 'صورة شخصية حديثة', 'Recent Personal Photo', 'صورة شخصية حديثة بمقاس صورة الجواز (4×6 سم)', 'Recent passport-size photo (4×6 cm)', true, 2, '["jpg","jpeg","png"]'::jsonb, 3, true, '2025-12-09T20:06:39.014216+00:00', '2025-12-18T12:57:05.544573+00:00', NULL),
  ('f2f641fc-81a0-42dd-8e74-d41294786fc3', '1e5b92de-03bf-4669-85db-5e766835f215', '8865e5f9-972d-4f2f-bbfa-5f29d2b78302', 'صورة من جواز سفر الوكيل', 'Copy of agent passport', NULL, NULL, true, 5, '["pdf","jpg","jpeg","png"]'::jsonb, 2, true, '2025-12-12T18:37:12.981761+00:00', '2025-12-14T17:51:03.235594+00:00', NULL),
  ('f4dbe4e9-3d96-4498-acac-41233974d224', '1e5b92de-03bf-4669-85db-5e766835f215', '8865e5f9-972d-4f2f-bbfa-5f29d2b78302', 'إعلام الورثة أو الإعلام الشرعي', 'Inheritance certificate or legal notice', NULL, NULL, true, 5, '["pdf","jpg","jpeg","png"]'::jsonb, 5, true, '2025-12-12T18:37:12.981761+00:00', '2025-12-12T18:37:12.981761+00:00', '{"field":"inheritanceType","value":"inheritance_waiver","operator":"=="}'::jsonb),
  ('5bcf96bf-0be8-4ac0-9736-d31ecce42dc2', '1e5b92de-03bf-4669-85db-5e766835f215', '8865e5f9-972d-4f2f-bbfa-5f29d2b78302', 'وثائق التركة من المحكمة', 'Estate documents from the court', NULL, NULL, true, 5, '["pdf","jpg","jpeg","png"]'::jsonb, 6, true, '2025-12-12T18:37:12.981761+00:00', '2025-12-12T18:37:12.981761+00:00', '{"field":"inheritanceType","value":"inheritance_waiver","operator":"=="}'::jsonb),
  ('f5d60d70-2235-40af-a4a8-c796a3f76c3f', '1e5b92de-03bf-4669-85db-5e766835f215', '8865e5f9-972d-4f2f-bbfa-5f29d2b78302', 'صورة من جواز سفر الشاهد الثاني', 'Copy of second witness passport', NULL, NULL, true, 5, '["pdf","jpg","jpeg","png"]'::jsonb, 4, true, '2025-12-12T18:37:12.981761+00:00', '2025-12-14T17:51:03.235594+00:00', NULL),
  ('7a987269-3211-443a-9be4-1ae61c5fd109', '1e5b92de-03bf-4669-85db-5e766835f215', '8865e5f9-972d-4f2f-bbfa-5f29d2b78302', 'صورة من جواز سفر الشاهد الأول', 'Copy of first witness passport', NULL, NULL, true, 5, '["pdf","jpg","jpeg","png"]'::jsonb, 3, true, '2025-12-12T18:37:12.981761+00:00', '2025-12-14T17:51:03.235594+00:00', NULL),
  ('356a511b-00c6-4792-afce-36815b543812', '1e5b92de-03bf-4669-85db-5e766835f215', '8865e5f9-972d-4f2f-bbfa-5f29d2b78302', 'صورة من جواز سفر الموكل (صفحات البيانات)', 'Copy of principal passport (data pages)', NULL, NULL, true, 5, '["pdf","jpg","jpeg","png"]'::jsonb, 1, true, '2025-12-12T18:37:12.981761+00:00', '2025-12-14T17:51:03.235594+00:00', NULL),
  ('fccbc30e-e29a-415d-b146-666d5ce3f57f', '1e5b92de-03bf-4669-85db-5e766835f215', '8865e5f9-972d-4f2f-bbfa-5f29d2b78302', 'أي مستندات إضافية متعلقة بالمعاملة', 'Any additional documents related to the transaction', NULL, NULL, false, 5, '["pdf","jpg","jpeg","png"]'::jsonb, 7, true, '2025-12-12T18:37:12.981761+00:00', '2025-12-14T17:51:03.235594+00:00', NULL),
  ('cfa142c1-a385-405c-b115-aa53b593b857', '1e5b92de-03bf-4669-85db-5e766835f215', 'f7c44bd4-7799-4437-a076-200c5ecdca5b', 'أي مستندات إضافية متعلقة بالمعاملة', 'Any additional documents related to the transaction', NULL, NULL, false, 5, '["pdf","jpg","jpeg","png"]'::jsonb, 5, true, '2025-12-12T18:38:52.712999+00:00', '2025-12-14T17:51:03.235594+00:00', NULL),
  ('73383708-0fb7-477a-b2d5-655ad8b523ce', '1e5b92de-03bf-4669-85db-5e766835f215', 'a12cd351-494d-4504-8124-d8f47c4c13ef', 'صورة من جواز سفر الوكيل', 'Copy of agent passport', NULL, NULL, true, 5, '["pdf","jpg","jpeg","png"]'::jsonb, 2, true, '2025-12-12T18:38:52.712999+00:00', '2025-12-14T17:51:03.235594+00:00', NULL),
  ('bad62014-e406-4475-beb5-97cf9787ab37', '1e5b92de-03bf-4669-85db-5e766835f215', 'a12cd351-494d-4504-8124-d8f47c4c13ef', 'صورة من جواز سفر الموكل (صفحات البيانات)', 'Copy of principal passport (data pages)', NULL, NULL, true, 5, '["pdf","jpg","jpeg","png"]'::jsonb, 1, true, '2025-12-12T18:38:52.712999+00:00', '2025-12-14T17:51:03.235594+00:00', NULL),
  ('c2524956-873b-422a-b078-ddbd7e863d75', '1e5b92de-03bf-4669-85db-5e766835f215', '02cbc47b-dcf4-4554-9fbe-a532a2fde229', 'صورة من جواز سفر الشاهد الثاني', 'Copy of second witness passport', NULL, NULL, true, 5, '["pdf","jpg","jpeg","png"]'::jsonb, 4, true, '2025-12-12T18:38:52.712999+00:00', '2025-12-14T17:51:03.235594+00:00', NULL),
  ('5e70397c-37d0-4121-b9e9-c0754036216d', '1e5b92de-03bf-4669-85db-5e766835f215', '02cbc47b-dcf4-4554-9fbe-a532a2fde229', 'أي مستندات إضافية متعلقة بالمعاملة', 'Any additional documents related to the transaction', NULL, NULL, false, 5, '["pdf","jpg","jpeg","png"]'::jsonb, 5, true, '2025-12-12T18:38:52.712999+00:00', '2025-12-14T17:51:03.235594+00:00', NULL),
  ('898fee4d-95db-4892-a14f-2a5f94120158', '1e5b92de-03bf-4669-85db-5e766835f215', '68b6f8bb-4a6a-4847-a078-d7204b8508a1', 'صورة من جواز سفر الشاهد الثاني', 'Copy of second witness passport', NULL, NULL, true, 5, '["pdf","jpg","jpeg","png"]'::jsonb, 4, true, '2025-12-12T18:38:52.712999+00:00', '2025-12-14T17:51:03.235594+00:00', NULL),
  ('e74b8ee3-7c23-452e-86b8-29b95a4ed589', '1e5b92de-03bf-4669-85db-5e766835f215', '68b6f8bb-4a6a-4847-a078-d7204b8508a1', 'أي مستندات إضافية متعلقة بالمعاملة', 'Any additional documents related to the transaction', NULL, NULL, false, 5, '["pdf","jpg","jpeg","png"]'::jsonb, 5, true, '2025-12-12T18:38:52.712999+00:00', '2025-12-14T17:51:03.235594+00:00', NULL),
  ('d3a84e38-968b-4ad4-8ea6-66c89b4b7181', '1e5b92de-03bf-4669-85db-5e766835f215', '7978ce23-81a1-4fda-aac2-5df1c1108266', 'صورة من جواز سفر الموكل (صفحات البيانات)', 'Copy of principal passport (data pages)', NULL, NULL, true, 5, '["pdf","jpg","jpeg","png"]'::jsonb, 1, true, '2025-12-12T18:38:52.712999+00:00', '2025-12-14T17:51:03.235594+00:00', NULL),
  ('8b5e2e8a-de8a-4bab-8a0f-31f0397c7469', '1e5b92de-03bf-4669-85db-5e766835f215', '7978ce23-81a1-4fda-aac2-5df1c1108266', 'صورة من جواز سفر الوكيل', 'Copy of agent passport', NULL, NULL, true, 5, '["pdf","jpg","jpeg","png"]'::jsonb, 2, true, '2025-12-12T18:38:52.712999+00:00', '2025-12-14T17:51:03.235594+00:00', NULL),
  ('5fa4e3b3-52ca-45cb-924e-abb5f30a62e4', '1e5b92de-03bf-4669-85db-5e766835f215', '7978ce23-81a1-4fda-aac2-5df1c1108266', 'صورة من جواز سفر الشاهد الأول', 'Copy of first witness passport', NULL, NULL, true, 5, '["pdf","jpg","jpeg","png"]'::jsonb, 3, true, '2025-12-12T18:38:52.712999+00:00', '2025-12-14T17:51:03.235594+00:00', NULL),
  ('22363f35-f7f4-43c3-83e5-2aefaf55a668', '1e5b92de-03bf-4669-85db-5e766835f215', '7978ce23-81a1-4fda-aac2-5df1c1108266', 'صورة من جواز سفر الشاهد الثاني', 'Copy of second witness passport', NULL, NULL, true, 5, '["pdf","jpg","jpeg","png"]'::jsonb, 4, true, '2025-12-12T18:38:52.712999+00:00', '2025-12-14T17:51:03.235594+00:00', NULL),
  ('fb67a420-c162-4d6f-9856-8eb2a568d0b4', '1e5b92de-03bf-4669-85db-5e766835f215', '7978ce23-81a1-4fda-aac2-5df1c1108266', 'أي مستندات إضافية متعلقة بالمعاملة', 'Any additional documents related to the transaction', NULL, NULL, false, 5, '["pdf","jpg","jpeg","png"]'::jsonb, 5, true, '2025-12-12T18:38:52.712999+00:00', '2025-12-14T17:51:03.235594+00:00', NULL),
  ('417b0e6a-407f-494d-af0c-4f18a2e931dc', '1e5b92de-03bf-4669-85db-5e766835f215', '1840773f-4b0e-44d1-9a91-7ef43190c4c3', 'صورة من جواز سفر الموكل (صفحات البيانات)', 'Copy of principal passport (data pages)', NULL, NULL, true, 5, '["pdf","jpg","jpeg","png"]'::jsonb, 1, true, '2025-12-12T18:38:52.712999+00:00', '2025-12-14T17:51:03.235594+00:00', NULL),
  ('37511cff-3bd2-4b46-b396-0ec2fda03936', '1e5b92de-03bf-4669-85db-5e766835f215', '1840773f-4b0e-44d1-9a91-7ef43190c4c3', 'صورة من جواز سفر الوكيل', 'Copy of agent passport', NULL, NULL, true, 5, '["pdf","jpg","jpeg","png"]'::jsonb, 2, true, '2025-12-12T18:38:52.712999+00:00', '2025-12-14T17:51:03.235594+00:00', NULL),
  ('2e62352e-5b81-4db4-80c2-80395a3d2c32', '1e5b92de-03bf-4669-85db-5e766835f215', 'a12cd351-494d-4504-8124-d8f47c4c13ef', 'صورة من جواز سفر الشاهد الأول', 'Copy of first witness passport', NULL, NULL, true, 5, '["pdf","jpg","jpeg","png"]'::jsonb, 3, true, '2025-12-12T18:38:52.712999+00:00', '2025-12-14T17:51:03.235594+00:00', NULL),
  ('9ad46264-4161-4c89-aef0-80d6fcda737d', '1e5b92de-03bf-4669-85db-5e766835f215', 'a12cd351-494d-4504-8124-d8f47c4c13ef', 'صورة من جواز سفر الشاهد الثاني', 'Copy of second witness passport', NULL, NULL, true, 5, '["pdf","jpg","jpeg","png"]'::jsonb, 4, true, '2025-12-12T18:38:52.712999+00:00', '2025-12-14T17:51:03.235594+00:00', NULL),
  ('759e7439-f0f3-4bf2-b217-44c2e4a62ed9', '1e5b92de-03bf-4669-85db-5e766835f215', 'a12cd351-494d-4504-8124-d8f47c4c13ef', 'أي مستندات إضافية متعلقة بالمعاملة', 'Any additional documents related to the transaction', NULL, NULL, false, 5, '["pdf","jpg","jpeg","png"]'::jsonb, 5, true, '2025-12-12T18:38:52.712999+00:00', '2025-12-14T17:51:03.235594+00:00', NULL),
  ('5d0d524e-3997-4763-9780-e25af8c544af', '1e5b92de-03bf-4669-85db-5e766835f215', 'f7c44bd4-7799-4437-a076-200c5ecdca5b', 'صورة من جواز سفر الموكل (صفحات البيانات)', 'Copy of principal passport (data pages)', NULL, NULL, true, 5, '["pdf","jpg","jpeg","png"]'::jsonb, 1, true, '2025-12-12T18:38:52.712999+00:00', '2025-12-14T17:51:03.235594+00:00', NULL),
  ('a97fd43e-3474-4baf-a828-a90d058e6e41', '1e5b92de-03bf-4669-85db-5e766835f215', 'f7c44bd4-7799-4437-a076-200c5ecdca5b', 'صورة من جواز سفر الوكيل', 'Copy of agent passport', NULL, NULL, true, 5, '["pdf","jpg","jpeg","png"]'::jsonb, 2, true, '2025-12-12T18:38:52.712999+00:00', '2025-12-14T17:51:03.235594+00:00', NULL),
  ('4c0b8fd2-2d88-42d1-940a-d3c850fd5506', '1e5b92de-03bf-4669-85db-5e766835f215', 'f7c44bd4-7799-4437-a076-200c5ecdca5b', 'صورة من جواز سفر الشاهد الأول', 'Copy of first witness passport', NULL, NULL, true, 5, '["pdf","jpg","jpeg","png"]'::jsonb, 3, true, '2025-12-12T18:38:52.712999+00:00', '2025-12-14T17:51:03.235594+00:00', NULL),
  ('9a12961a-f66a-4f90-90db-cdf6dfeedd0d', '1e5b92de-03bf-4669-85db-5e766835f215', 'f7c44bd4-7799-4437-a076-200c5ecdca5b', 'صورة من جواز سفر الشاهد الثاني', 'Copy of second witness passport', NULL, NULL, true, 5, '["pdf","jpg","jpeg","png"]'::jsonb, 4, true, '2025-12-12T18:38:52.712999+00:00', '2025-12-14T17:51:03.235594+00:00', NULL),
  ('26ae99ca-ec35-4955-937f-9001248cc674', '1e5b92de-03bf-4669-85db-5e766835f215', '276a288e-e43d-4d02-8709-0049db1d7b16', 'صورة من جواز سفر الوكيل', 'Copy of agent passport', NULL, NULL, true, 5, '["pdf","jpg","jpeg","png"]'::jsonb, 2, true, '2025-12-12T18:38:52.712999+00:00', '2025-12-14T17:51:03.235594+00:00', NULL),
  ('d1134ae8-30e8-4817-a3d0-8b40ceeefc1c', '1e5b92de-03bf-4669-85db-5e766835f215', '276a288e-e43d-4d02-8709-0049db1d7b16', 'صورة من جواز سفر الشاهد الأول', 'Copy of first witness passport', NULL, NULL, true, 5, '["pdf","jpg","jpeg","png"]'::jsonb, 3, true, '2025-12-12T18:38:52.712999+00:00', '2025-12-14T17:51:03.235594+00:00', NULL),
  ('24e8304a-2a7c-41e1-a0bd-e62a666e416c', '1e5b92de-03bf-4669-85db-5e766835f215', '276a288e-e43d-4d02-8709-0049db1d7b16', 'صورة من جواز سفر الشاهد الثاني', 'Copy of second witness passport', NULL, NULL, true, 5, '["pdf","jpg","jpeg","png"]'::jsonb, 4, true, '2025-12-12T18:38:52.712999+00:00', '2025-12-14T17:51:03.235594+00:00', NULL),
  ('3ad25eaf-d7db-4280-9cbb-e7b7cf9fb633', '1e5b92de-03bf-4669-85db-5e766835f215', '68b6f8bb-4a6a-4847-a078-d7204b8508a1', 'صورة من جواز سفر الوكيل', 'Copy of agent passport', NULL, NULL, true, 5, '["pdf","jpg","jpeg","png"]'::jsonb, 2, true, '2025-12-12T18:38:52.712999+00:00', '2025-12-14T17:51:03.235594+00:00', NULL),
  ('41e35aff-3e3d-4109-9d3e-06446ffe8cf3', '1e5b92de-03bf-4669-85db-5e766835f215', '276a288e-e43d-4d02-8709-0049db1d7b16', 'صورة من جواز سفر الموكل (صفحات البيانات)', 'Copy of principal passport (data pages)', NULL, NULL, true, 5, '["pdf","jpg","jpeg","png"]'::jsonb, 1, true, '2025-12-12T18:38:52.712999+00:00', '2025-12-14T17:51:03.235594+00:00', NULL),
  ('d447196a-1041-48a8-bd68-6967686a43a0', '1e5b92de-03bf-4669-85db-5e766835f215', '1840773f-4b0e-44d1-9a91-7ef43190c4c3', 'صورة من جواز سفر الشاهد الأول', 'Copy of first witness passport', NULL, NULL, true, 5, '["pdf","jpg","jpeg","png"]'::jsonb, 3, true, '2025-12-12T18:38:52.712999+00:00', '2025-12-14T17:51:03.235594+00:00', NULL),
  ('7cab5dc7-a537-4b18-b6e0-623a34007fad', '1e5b92de-03bf-4669-85db-5e766835f215', '1840773f-4b0e-44d1-9a91-7ef43190c4c3', 'صورة من جواز سفر الشاهد الثاني', 'Copy of second witness passport', NULL, NULL, true, 5, '["pdf","jpg","jpeg","png"]'::jsonb, 4, true, '2025-12-12T18:38:52.712999+00:00', '2025-12-14T17:51:03.235594+00:00', NULL),
  ('f5e0cd18-8221-4c2c-b9e6-0cf24bce282b', '1e5b92de-03bf-4669-85db-5e766835f215', '1840773f-4b0e-44d1-9a91-7ef43190c4c3', 'أي مستندات إضافية متعلقة بالمعاملة', 'Any additional documents related to the transaction', NULL, NULL, false, 5, '["pdf","jpg","jpeg","png"]'::jsonb, 5, true, '2025-12-12T18:38:52.712999+00:00', '2025-12-14T17:51:03.235594+00:00', NULL),
  ('8010ed27-9fa1-4e6d-8f24-fe498871c8d0', '1e5b92de-03bf-4669-85db-5e766835f215', '68b6f8bb-4a6a-4847-a078-d7204b8508a1', 'صورة من جواز سفر الموكل (صفحات البيانات)', 'Copy of principal passport (data pages)', NULL, NULL, true, 5, '["pdf","jpg","jpeg","png"]'::jsonb, 1, true, '2025-12-12T18:38:52.712999+00:00', '2025-12-14T17:51:03.235594+00:00', NULL),
  ('ef271a4c-de13-4d6e-aea5-455c1ddb8e5e', '1e5b92de-03bf-4669-85db-5e766835f215', '276a288e-e43d-4d02-8709-0049db1d7b16', 'أي مستندات إضافية متعلقة بالمعاملة', 'Any additional documents related to the transaction', NULL, NULL, false, 5, '["pdf","jpg","jpeg","png"]'::jsonb, 5, true, '2025-12-12T18:38:52.712999+00:00', '2025-12-14T17:51:03.235594+00:00', NULL),
  ('7e34c00f-dcbb-4bd6-9aa7-63245f21a109', '1e5b92de-03bf-4669-85db-5e766835f215', '68b6f8bb-4a6a-4847-a078-d7204b8508a1', 'صورة من جواز سفر الشاهد الأول', 'Copy of first witness passport', NULL, NULL, true, 5, '["pdf","jpg","jpeg","png"]'::jsonb, 3, true, '2025-12-12T18:38:52.712999+00:00', '2025-12-14T17:51:03.235594+00:00', NULL),
  ('de7e8d10-20da-4624-8fee-5ee2fd752677', '1e5b92de-03bf-4669-85db-5e766835f215', 'ca9f41d5-0900-4e38-adb5-4df256598660', 'صورة من جواز سفر الموكل (صفحات البيانات)', 'Copy of principal passport (data pages)', NULL, NULL, true, 5, '["pdf","jpg","jpeg","png"]'::jsonb, 1, true, '2025-12-12T18:38:52.712999+00:00', '2025-12-14T17:51:03.235594+00:00', NULL),
  ('ec7df817-ab2a-404f-92de-b948f4fde24d', '1e5b92de-03bf-4669-85db-5e766835f215', 'ca9f41d5-0900-4e38-adb5-4df256598660', 'صورة من جواز سفر الوكيل', 'Copy of agent passport', NULL, NULL, true, 5, '["pdf","jpg","jpeg","png"]'::jsonb, 2, true, '2025-12-12T18:38:52.712999+00:00', '2025-12-14T17:51:03.235594+00:00', NULL),
  ('aa76a202-c068-491e-8009-3b5f5e100927', '1e5b92de-03bf-4669-85db-5e766835f215', 'ca9f41d5-0900-4e38-adb5-4df256598660', 'صورة من جواز سفر الشاهد الأول', 'Copy of first witness passport', NULL, NULL, true, 5, '["pdf","jpg","jpeg","png"]'::jsonb, 3, true, '2025-12-12T18:38:52.712999+00:00', '2025-12-14T17:51:03.235594+00:00', NULL),
  ('dc5080b4-e532-4a02-9d85-cddeb4bb8f50', '1e5b92de-03bf-4669-85db-5e766835f215', 'ca9f41d5-0900-4e38-adb5-4df256598660', 'صورة من جواز سفر الشاهد الثاني', 'Copy of second witness passport', NULL, NULL, true, 5, '["pdf","jpg","jpeg","png"]'::jsonb, 4, true, '2025-12-12T18:38:52.712999+00:00', '2025-12-14T17:51:03.235594+00:00', NULL),
  ('86e29a4f-1797-422e-8411-363dbb16ed14', '1e5b92de-03bf-4669-85db-5e766835f215', 'ca9f41d5-0900-4e38-adb5-4df256598660', 'أي مستندات إضافية متعلقة بالمعاملة', 'Any additional documents related to the transaction', NULL, NULL, false, 5, '["pdf","jpg","jpeg","png"]'::jsonb, 5, true, '2025-12-12T18:38:52.712999+00:00', '2025-12-14T17:51:03.235594+00:00', NULL),
  ('2b20dd4a-3a15-4c0d-8868-ca09711321ec', '1e5b92de-03bf-4669-85db-5e766835f215', '02cbc47b-dcf4-4554-9fbe-a532a2fde229', 'صورة من جواز سفر الموكل (صفحات البيانات)', 'Copy of principal passport (data pages)', NULL, NULL, true, 5, '["pdf","jpg","jpeg","png"]'::jsonb, 1, true, '2025-12-12T18:38:52.712999+00:00', '2025-12-14T17:51:03.235594+00:00', NULL),
  ('619778e1-74f6-4d3f-9b9e-c8ad2971ceee', '1e5b92de-03bf-4669-85db-5e766835f215', '02cbc47b-dcf4-4554-9fbe-a532a2fde229', 'صورة من جواز سفر الوكيل', 'Copy of agent passport', NULL, NULL, true, 5, '["pdf","jpg","jpeg","png"]'::jsonb, 2, true, '2025-12-12T18:38:52.712999+00:00', '2025-12-14T17:51:03.235594+00:00', NULL),
  ('e51dbc0e-1856-4842-87d5-7ffa2bf66ae2', '1e5b92de-03bf-4669-85db-5e766835f215', '02cbc47b-dcf4-4554-9fbe-a532a2fde229', 'صورة من جواز سفر الشاهد الأول', 'Copy of first witness passport', NULL, NULL, true, 5, '["pdf","jpg","jpeg","png"]'::jsonb, 3, true, '2025-12-12T18:38:52.712999+00:00', '2025-12-14T17:51:03.235594+00:00', NULL),
  ('c7d21fa8-900a-4c27-b4fc-6364274e4f68', 'd75c0060-1a0a-4c55-a467-39424bc75d74', NULL, 'أي مستندات إضافية متعلقة بالمعاملة', 'Any additional documents related to the transaction', NULL, NULL, false, 5, '["pdf","jpg","jpeg","png"]'::jsonb, 7, true, '2025-12-12T19:03:55.142088+00:00', '2025-12-14T17:46:24.845354+00:00', NULL),
  ('3f234757-bfe7-49ff-bdd8-3610288eda80', 'd75c0060-1a0a-4c55-a467-39424bc75d74', NULL, 'إعلام الورثة أو الإعلام الشرعي', 'Inheritance certificate or legal notice', NULL, NULL, true, 5, '["pdf","jpg","jpeg","png"]'::jsonb, 5, true, '2025-12-12T19:03:55.142088+00:00', '2025-12-12T19:03:55.142088+00:00', '{"field":"inheritanceType","value":"inheritance_waiver","operator":"=="}'::jsonb),
  ('fb213f8e-0565-4ab2-9aa0-91613c7c712b', 'd75c0060-1a0a-4c55-a467-39424bc75d74', NULL, 'صورة من جواز سفر الوكيل', 'Copy of agent passport', NULL, NULL, true, 5, '["pdf","jpg","jpeg","png"]'::jsonb, 2, true, '2025-12-12T19:03:55.142088+00:00', '2025-12-14T17:46:24.845354+00:00', NULL),
  ('ef1db593-a9ee-4e1e-afe5-b7f1584b4329', 'd75c0060-1a0a-4c55-a467-39424bc75d74', NULL, 'صورة من جواز سفر الشاهد الأول', 'Copy of first witness passport', NULL, NULL, true, 5, '["pdf","jpg","jpeg","png"]'::jsonb, 3, true, '2025-12-12T19:03:55.142088+00:00', '2025-12-14T17:46:24.845354+00:00', NULL),
  ('d575d4d4-7806-48cf-bc16-eb7c4f51c734', 'd75c0060-1a0a-4c55-a467-39424bc75d74', NULL, 'صورة من جواز سفر الشاهد الثاني', 'Copy of second witness passport', NULL, NULL, true, 5, '["pdf","jpg","jpeg","png"]'::jsonb, 4, true, '2025-12-12T19:03:55.142088+00:00', '2025-12-14T17:46:24.845354+00:00', NULL),
  ('30107fa4-8701-4454-8424-8ee7465298ae', 'd75c0060-1a0a-4c55-a467-39424bc75d74', NULL, 'وثائق التركة من المحكمة', 'Estate documents from the court', NULL, NULL, true, 5, '["pdf","jpg","jpeg","png"]'::jsonb, 6, true, '2025-12-12T19:03:55.142088+00:00', '2025-12-12T19:03:55.142088+00:00', '{"field":"inheritanceType","value":"inheritance_waiver","operator":"=="}'::jsonb),
  ('dc3a7d3c-2670-42a2-8870-3e56caea6a18', 'd75c0060-1a0a-4c55-a467-39424bc75d74', NULL, 'صورة من جواز سفر الموكل (صفحات البيانات)', 'Copy of principal passport (data pages)', NULL, NULL, true, 5, '["pdf","jpg","jpeg","png"]'::jsonb, 1, true, '2025-12-12T19:03:55.142088+00:00', '2025-12-14T17:46:24.845354+00:00', NULL),
  ('ffa1cd43-936d-4af6-8a8d-346157dba544', 'a5bd05ec-a9d4-44dc-887e-abfbe5743122', NULL, 'صورة الهوية (أو جواز السفر) صالحة', 'Valid ID or Passport copy', NULL, NULL, true, 5, '["pdf","jpg","jpeg","png"]'::jsonb, 1, true, '2025-12-13T07:52:45.51834+00:00', '2025-12-14T17:46:24.845354+00:00', NULL),
  ('9902d2d6-6299-4680-b674-62e2422233af', 'a5bd05ec-a9d4-44dc-887e-abfbe5743122', NULL, 'المستندات الخاصة بنوع الوكالة', 'POA Type Specific Documents', NULL, NULL, true, 5, '["pdf","jpg","jpeg","png"]'::jsonb, 3, true, '2025-12-13T07:52:45.51834+00:00', '2025-12-14T17:46:24.845354+00:00', NULL),
  ('304270db-e715-4b92-9b16-f26df87ef9db', 'a5bd05ec-a9d4-44dc-887e-abfbe5743122', NULL, 'صورة الهوية (أو جواز السفر) صالحة - للموكل الثاني', 'Valid ID or Passport copy - Second Principal', NULL, NULL, false, 5, '["pdf","jpg","jpeg","png"]'::jsonb, 2, true, '2025-12-13T07:52:45.51834+00:00', '2025-12-13T07:52:45.51834+00:00', '{"logic":"AND","show_when":[{"field":"secondPrincipalMobile","operator":"is_not_empty"}]}'::jsonb),
  ('a2e517da-5658-4d4f-9ad7-f933f5fdacf1', '07259b33-5364-4e5c-8162-8421813dfb1b', NULL, 'صورة جواز الأب', 'Copy of Father Passport', 'صورة واضحة من جواز سفر الأب', NULL, true, 5, '["pdf","jpg","jpeg","png"]'::jsonb, 5, true, '2025-12-14T20:30:21.623583+00:00', '2025-12-14T22:37:39.209032+00:00', '{"field":"isAdult","values":["no"]}'::jsonb),
  ('3f32b47a-b242-4aeb-9c97-87ef15998800', '07259b33-5364-4e5c-8162-8421813dfb1b', NULL, 'صورة جواز الأم', 'Copy of Mother Passport', 'صورة واضحة من جواز سفر الأم', NULL, true, 5, '["pdf","jpg","jpeg","png"]'::jsonb, 4, true, '2025-12-14T20:30:21.623583+00:00', '2025-12-14T22:37:38.967753+00:00', '{"field":"isAdult","values":["no"]}'::jsonb),
  ('d2e112f2-e701-403d-9ac1-8e4e7f0266e5', '07259b33-5364-4e5c-8162-8421813dfb1b', NULL, 'صورة شخصية (قاصر)', 'Personal Photo (Minor)', 'صورة شخصية حديثة للقاصر بخلفية بيضاء', NULL, true, 5, '["pdf","jpg","jpeg","png"]'::jsonb, 3, true, '2025-12-14T20:30:21.623583+00:00', '2025-12-14T22:37:38.722393+00:00', '{"field":"isAdult","values":["no"]}'::jsonb),
  ('48295717-0eaf-46bc-8524-b1ec09105217', '07259b33-5364-4e5c-8162-8421813dfb1b', NULL, 'صورة من الرقم الوطني', 'Copy of National ID', 'صورة واضحة من البطاقة الوطنية', NULL, true, 5, '["pdf","jpg","jpeg","png"]'::jsonb, 2, true, '2025-12-14T20:30:21.623583+00:00', '2025-12-14T22:37:38.48391+00:00', '{"operator":"AND","conditions":[{"field":"isAdult","values":["yes"]},{"field":"passportType","values":["renewal","replacement"]}]}'::jsonb),
  ('c9d5903e-7d7e-4367-8bb4-6d03aaaa7015', '07259b33-5364-4e5c-8162-8421813dfb1b', NULL, 'صورة من الجواز القديم (قاصر)', 'Copy of Old Passport (Minor)', 'صورة واضحة من جواز القاصر القديم', NULL, true, 5, '["pdf","jpg","jpeg","png"]'::jsonb, 6, true, '2025-12-14T20:30:21.623583+00:00', '2025-12-14T22:37:39.464088+00:00', '{"operator":"AND","conditions":[{"field":"isAdult","values":["no"]},{"field":"passportType","values":["renewal","replacement"]}]}'::jsonb),
  ('6d65daf6-70a3-48dc-9514-e969ef99bf07', '07259b33-5364-4e5c-8162-8421813dfb1b', NULL, 'صورة من الرقم الوطني (قاصر)', 'Copy of National ID (Minor)', 'صورة واضحة من رقم القاصر الوطني إن وجد', NULL, false, 5, '["pdf","jpg","jpeg","png"]'::jsonb, 7, true, '2025-12-14T20:30:21.623583+00:00', '2025-12-14T22:37:39.706422+00:00', '{"operator":"AND","conditions":[{"field":"isAdult","values":["no"]},{"field":"passportType","values":["renewal","replacement"]}]}'::jsonb),
  ('94650812-3d6c-4733-a3bf-0a9be5c69bc9', '07259b33-5364-4e5c-8162-8421813dfb1b', NULL, 'صورة من الجواز القديم', 'Copy of Old Passport', 'صورة واضحة من الجواز القديم المطلوب تجديده أو استبداله', NULL, true, 5, '["pdf","jpg","jpeg","png"]'::jsonb, 1, true, '2025-12-14T20:30:21.623583+00:00', '2025-12-14T22:37:38.24485+00:00', '{"operator":"AND","conditions":[{"field":"isAdult","values":["yes"]},{"field":"passportType","values":["renewal","replacement"]}]}'::jsonb),
  ('e1f9c246-a267-43c5-84c5-2da11aa8ae61', '07259b33-5364-4e5c-8162-8421813dfb1b', NULL, 'صورة شخصية', 'Personal Photo', 'صورة شخصية حديثة بخلفية بيضاء', NULL, true, 5, '["pdf","jpg","jpeg","png"]'::jsonb, 0, true, '2025-12-14T20:30:21.623583+00:00', '2025-12-14T22:37:38.00216+00:00', '{"field":"isAdult","values":["yes"]}'::jsonb),
  ('a590b215-9735-48fb-8cdd-abd3418cce78', 'e2699144-f099-4f27-ae88-dc6986885e66', NULL, 'الشهادة المتوسطة مر عليها ثلاث سنوات او مادون', 'Intermediate Certificate or Equivalent', 'الشهادة المتوسطة أو ما يعادلها مرّ عليها ثلاث سنوات', 'Intermediate certificate or equivalent (three years old)', true, 5, '["pdf","jpg","jpeg","png"]'::jsonb, 1, true, '2025-12-15T21:01:00.476338+00:00', '2025-12-17T18:57:27.135929+00:00', NULL),
  ('440ce414-20ba-4e0a-880e-c6a3b9fe7047', 'e2699144-f099-4f27-ae88-dc6986885e66', NULL, 'الشهادة الثانوية (للمعيدين)', 'Secondary Certificate (For Repeaters)', 'الشهادة الثانوية لمن سبق له الجلوس للامتحان', 'Secondary certificate for those who previously sat for the exam', false, 5, '["pdf","jpg","jpeg","png"]'::jsonb, 2, true, '2025-12-15T21:01:00.476338+00:00', '2025-12-17T18:57:28.124543+00:00', NULL),
  ('03e9a5cd-a349-436c-b558-591285e9dfac', 'e2699144-f099-4f27-ae88-dc6986885e66', NULL, 'صورة شخصية حديثة', 'Recent Personal Photo', 'صورة شخصية حديثة بمقاس صورة الجواز (4×6 سم)', 'Recent passport-size photo (4×6 cm)', true, 2, '["jpg","jpeg","png"]'::jsonb, 3, true, '2025-12-15T21:01:00.476338+00:00', '2025-12-17T18:57:31.069544+00:00', NULL),
  ('4081d578-6bf9-4858-8471-c2c87bf70a8c', 'e2699144-f099-4f27-ae88-dc6986885e66', NULL, 'الرقم الوطني او الجواز لغير السودانين', 'National ID / Passport', 'السودانيون: إرفاق صورة الرقم الوطني | غير السودانيين: إرفاق صورة جواز السفر', 'Sudanese: National ID copy | Non-Sudanese: Passport copy', true, 5, '["pdf","jpg","jpeg","png"]'::jsonb, 4, true, '2025-12-15T21:01:00.476338+00:00', '2025-12-17T18:57:33.813+00:00', NULL),
  ('cbc6c127-e9f8-4244-86de-acc1ca980571', 'e2699144-f099-4f27-ae88-dc6986885e66', NULL, 'الشهادة للمرحلة الاساس 2022 أو ما يعادلها', '', '', '', true, 5, '["pdf","jpg","jpeg","png"]'::jsonb, 4, true, '2025-12-16T07:06:21.158319+00:00', '2025-12-17T18:57:34.193815+00:00', NULL)
ON CONFLICT DO NOTHING;

-- Data for table: service_requirements
-- Rows: 181

INSERT INTO public.service_requirements (id, service_id, service_type_id, requirement_ar, requirement_en, order_index, is_active, created_at, updated_at, conditions)
VALUES
  ('90015030-177c-4043-abd6-c0e0f0d4ec68', '6c90c601-89f0-486d-8ac4-a66a78f2a69c', NULL, 'يشترط توثيق المستند من وزارة الخارجية في الدولة التي صدر منها (جمهورية السودان أو المملكة العربية السعودية)', 'يشترط توثيق المستند من وزارة الخارجية في الدولة التي صدر منها (جمهورية السودان أو المملكة العربية السعودية)', 4, true, '2025-12-05T13:33:12.640932+00:00', '2025-12-13T11:42:57.02871+00:00', NULL),
  ('556fa7ae-59ac-47aa-9068-e745730478b7', '6c90c601-89f0-486d-8ac4-a66a78f2a69c', NULL, 'أصل المستند المراد تصديقه', 'أصل المستند المراد تصديقه', 0, true, '2025-12-05T13:33:12.640932+00:00', '2025-12-13T11:42:56.317599+00:00', NULL),
  ('a9b4ea01-190e-45cc-9067-67e6c68d2bcb', '6c90c601-89f0-486d-8ac4-a66a78f2a69c', NULL, 'نموذج طلب التصديق', 'نموذج طلب التصديق', 3, true, '2025-12-05T13:33:12.640932+00:00', '2025-12-13T11:42:56.852348+00:00', NULL),
  ('20e7867e-bcd5-41c4-acb7-52425dfdbd6b', '6c90c601-89f0-486d-8ac4-a66a78f2a69c', NULL, 'إثبات شخصية', 'إثبات شخصية', 2, true, '2025-12-05T13:33:12.640932+00:00', '2025-12-13T11:42:56.675212+00:00', NULL),
  ('0223e013-03b3-4334-a906-ca07b0129319', '6c90c601-89f0-486d-8ac4-a66a78f2a69c', NULL, 'صورة واضحة من المستند', 'صورة واضحة من المستند', 1, true, '2025-12-05T13:33:12.640932+00:00', '2025-12-13T11:42:56.491195+00:00', NULL),
  ('715facd4-f3fb-465c-83d7-b4c798c80926', 'eccfc9f7-44e5-4dc5-ba6f-0ebf5af2a197', NULL, 'مستندات داعمة ذات صلة', 'مستندات داعمة ذات صلة', 24, true, '2025-12-05T13:33:13.393389+00:00', '2025-12-19T08:38:51.957037+00:00', '{"field":"recordType","values":["age_correction"]}'::jsonb),
  ('de2f6c1c-75ac-401d-b309-4abf76ae923a', 'eccfc9f7-44e5-4dc5-ba6f-0ebf5af2a197', NULL, 'صورة من الجواز', 'صورة من الجواز', 26, true, '2025-12-05T13:33:13.393389+00:00', '2025-12-19T08:38:53.109269+00:00', '{"field":"recordType","values":["conduct_certificate"]}'::jsonb),
  ('f951b7d4-241d-4777-8564-196d6540e519', 'eccfc9f7-44e5-4dc5-ba6f-0ebf5af2a197', NULL, 'صورة من الجواز', 'صورة من الجواز', 29, true, '2025-12-05T13:33:13.393389+00:00', '2025-12-19T08:38:54.059921+00:00', '{"field":"recordType","values":["towhomitmayconcern"]}'::jsonb),
  ('557fb856-2086-430e-bcb1-bf539392a8e7', 'eccfc9f7-44e5-4dc5-ba6f-0ebf5af2a197', NULL, 'صورة حديثة', 'صورة حديثة', 25, true, '2025-12-05T13:33:13.393389+00:00', '2025-12-19T08:38:52.806998+00:00', '{"field":"idType","values":["replacement"]}'::jsonb),
  ('c1008339-d85f-48d2-b405-04ab1e520a88', 'eccfc9f7-44e5-4dc5-ba6f-0ebf5af2a197', NULL, 'نشر الجريدة الرسمية', 'نشر الجريدة الرسمية', 15, true, '2025-12-05T13:33:13.393389+00:00', '2025-12-19T08:38:49.581676+00:00', '{"field":"recordType","values":["name_correction"]}'::jsonb),
  ('540ed031-e74c-4fdf-aac4-6788ab0f70aa', 'eccfc9f7-44e5-4dc5-ba6f-0ebf5af2a197', NULL, 'إشهاد شرعي', 'إشهاد شرعي', 14, true, '2025-12-05T13:33:13.393389+00:00', '2025-12-19T08:38:49.338006+00:00', '{"field":"recordType","values":["name_correction"]}'::jsonb),
  ('27625f37-f1f7-460d-9790-f39106bd50ad', 'eccfc9f7-44e5-4dc5-ba6f-0ebf5af2a197', NULL, 'صورة من الجواز', 'صورة من الجواز', 13, true, '2025-12-05T13:33:13.393389+00:00', '2025-12-19T08:38:49.085387+00:00', '{"field":"recordType","values":["name_correction"]}'::jsonb),
  ('87ae3978-070c-471f-845d-064d7ad439b8', 'eccfc9f7-44e5-4dc5-ba6f-0ebf5af2a197', NULL, 'عدد 2 صورة بطاقة', 'عدد 2 صورة بطاقة', 27, true, '2025-12-05T13:33:13.393389+00:00', '2025-12-19T08:38:53.455296+00:00', '{"field":"recordType","values":["conduct_certificate"]}'::jsonb),
  ('81ff2345-2815-4535-99e2-edb9ef94311c', 'eccfc9f7-44e5-4dc5-ba6f-0ebf5af2a197', NULL, 'الحضور للقنصلية للبصمة', 'الحضور للقنصلية للبصمة', 28, true, '2025-12-05T13:33:13.393389+00:00', '2025-12-19T08:38:53.754142+00:00', '{"field":"recordType","values":["conduct_certificate"]}'::jsonb),
  ('25c12d52-b9a5-4f2c-8bbc-32974be70d39', 'eccfc9f7-44e5-4dc5-ba6f-0ebf5af2a197', NULL, 'صورة من الرقم الوطني', 'صورة من الرقم الوطني', 11, true, '2025-12-05T13:33:13.393389+00:00', '2025-12-19T08:38:48.605804+00:00', '{"field":"recordType","values":["name_correction"]}'::jsonb),
  ('75540db0-43ed-40f8-acc0-bd1504b6b459', 'eccfc9f7-44e5-4dc5-ba6f-0ebf5af2a197', NULL, 'عدد 2 صورة فوتوغرافية', 'عدد 2 صورة فوتوغرافية', 10, true, '2025-12-05T13:33:13.393389+00:00', '2025-12-19T08:38:48.34645+00:00', '{"field":"idType","values":["under12"]}'::jsonb),
  ('7f83a81a-2950-4875-a0b3-9ebb2e6fe5fb', 'eccfc9f7-44e5-4dc5-ba6f-0ebf5af2a197', NULL, 'شهادة ميلاد', 'شهادة ميلاد', 9, true, '2025-12-05T13:33:13.393389+00:00', '2025-12-19T08:38:48.110245+00:00', '{"field":"idType","values":["under12"]}'::jsonb),
  ('52a2049e-89e5-4d4d-a038-7eaebc844670', 'eccfc9f7-44e5-4dc5-ba6f-0ebf5af2a197', NULL, 'شاهد من العصب', 'شاهد من العصب', 8, true, '2025-12-05T13:33:13.393389+00:00', '2025-12-19T08:38:47.876406+00:00', '{"field":"idType","values":["under12"]}'::jsonb),
  ('864786f5-77eb-41a2-b399-60f2651063c6', 'eccfc9f7-44e5-4dc5-ba6f-0ebf5af2a197', NULL, 'الحضور المباشر للقنصلية بعد تأكيد الموعد', 'الحضور المباشر للقنصلية بعد تأكيد الموعد', 7, true, '2025-12-05T13:33:13.393389+00:00', '2025-12-19T08:38:47.640765+00:00', '{"field":"idType","values":["under12"]}'::jsonb),
  ('6469d2d1-7625-4b7f-bb98-3eb3d9acfbf8', 'eccfc9f7-44e5-4dc5-ba6f-0ebf5af2a197', NULL, 'حضور الوالد والطفل', 'حضور الوالد والطفل', 6, true, '2025-12-05T13:33:13.393389+00:00', '2025-12-19T08:38:47.387291+00:00', '{"field":"idType","values":["newborn"]}'::jsonb),
  ('3e96bca1-c8aa-4c6f-8052-828e71500155', 'eccfc9f7-44e5-4dc5-ba6f-0ebf5af2a197', NULL, 'صورة فوتوغرافية حديثة للطفل', 'صورة فوتوغرافية حديثة للطفل', 5, true, '2025-12-05T13:33:13.393389+00:00', '2025-12-19T08:38:47.147312+00:00', '{"field":"idType","values":["newborn"]}'::jsonb),
  ('72a1329b-aeb2-420d-8ceb-5e5b92174ec1', 'eccfc9f7-44e5-4dc5-ba6f-0ebf5af2a197', NULL, 'قسيمة الزواج', 'قسيمة الزواج', 4, true, '2025-12-05T13:33:13.393389+00:00', '2025-12-19T08:38:46.910891+00:00', '{"field":"idType","values":["newborn"]}'::jsonb),
  ('8ce31f6b-96df-4728-b317-34e2fbea19f1', 'eccfc9f7-44e5-4dc5-ba6f-0ebf5af2a197', NULL, 'شهادة ميلاد أو تبليغ ولادة معتمد', 'شهادة ميلاد أو تبليغ ولادة معتمد', 3, true, '2025-12-05T13:33:13.393389+00:00', '2025-12-19T08:38:46.665059+00:00', '{"field":"idType","values":["newborn"]}'::jsonb),
  ('3252503f-4e6d-4d50-8a90-905573984a33', 'eccfc9f7-44e5-4dc5-ba6f-0ebf5af2a197', NULL, 'صورة من الرقم الوطني أو الجواز', 'صورة من الرقم الوطني أو الجواز', 0, true, '2025-12-05T13:33:13.393389+00:00', '2025-12-19T08:38:45.917045+00:00', '{"field":"idType","values":["replacement"]}'::jsonb),
  ('b13b434b-4f1d-4be3-8695-b925235c3469', 'eccfc9f7-44e5-4dc5-ba6f-0ebf5af2a197', NULL, 'صورة من الجواز أو الرقم الوطني للوالد والوالدة', 'صورة من الجواز أو الرقم الوطني للوالد والوالدة', 2, true, '2025-12-05T13:33:13.393389+00:00', '2025-12-19T08:38:46.417287+00:00', '{"field":"idType","values":["newborn"]}'::jsonb),
  ('f96fcff9-d364-4a39-8d83-d1ea81393a83', 'eccfc9f7-44e5-4dc5-ba6f-0ebf5af2a197', NULL, 'صورة حديثة', 'صورة حديثة', 1, true, '2025-12-05T13:33:13.393389+00:00', '2025-12-19T08:38:46.179554+00:00', '{"field":"idType","values":["replacement"]}'::jsonb),
  ('7be78292-0b25-4b37-9eb3-22219d9d39c8', 'eccfc9f7-44e5-4dc5-ba6f-0ebf5af2a197', NULL, 'صورة حديثة', 'صورة حديثة', 19, true, '2025-12-05T13:33:13.393389+00:00', '2025-12-19T08:38:50.547462+00:00', '{"field":"idType","values":["replacement"]}'::jsonb),
  ('3799abb6-81b9-47c8-95a2-2e02401e69b9', 'eccfc9f7-44e5-4dc5-ba6f-0ebf5af2a197', NULL, 'إفادة قوائم الحظر والسيطرة', 'إفادة قوائم الحظر والسيطرة', 16, true, '2025-12-05T13:33:13.393389+00:00', '2025-12-19T08:38:49.827053+00:00', '{"field":"recordType","values":["name_correction"]}'::jsonb),
  ('f3248946-347e-4158-87b4-3e35a5055d23', 'eccfc9f7-44e5-4dc5-ba6f-0ebf5af2a197', NULL, 'إفادة من الإنتربول', 'إفادة من الإنتربول', 17, true, '2025-12-05T13:33:13.393389+00:00', '2025-12-19T08:38:50.065013+00:00', '{"field":"recordType","values":["name_correction"]}'::jsonb),
  ('00e68e04-7072-4599-947f-60088a049918', 'eccfc9f7-44e5-4dc5-ba6f-0ebf5af2a197', NULL, 'كتابة طلب لتوضيح الأسباب بخط اليد', 'كتابة طلب لتوضيح الأسباب بخط اليد', 18, true, '2025-12-05T13:33:13.393389+00:00', '2025-12-19T08:38:50.311361+00:00', '{"field":"recordType","values":["name_correction"]}'::jsonb),
  ('f2b0acaf-c08d-4492-88fb-3c9da8b4faf2', 'eccfc9f7-44e5-4dc5-ba6f-0ebf5af2a197', NULL, 'شهادة الميلاد', 'شهادة الميلاد', 12, true, '2025-12-05T13:33:13.393389+00:00', '2025-12-19T08:38:48.839566+00:00', '{"field":"recordType","values":["name_correction"]}'::jsonb),
  ('69eef27c-3198-4d4f-b29f-a6d939b5236a', 'eccfc9f7-44e5-4dc5-ba6f-0ebf5af2a197', NULL, 'صورة من الرقم الوطني', 'صورة من الرقم الوطني', 20, true, '2025-12-05T13:33:13.393389+00:00', '2025-12-19T08:38:50.77842+00:00', '{"field":"recordType","values":["age_correction"]}'::jsonb),
  ('7efbc229-f8ea-448a-b61f-199a39d56186', 'eccfc9f7-44e5-4dc5-ba6f-0ebf5af2a197', NULL, 'شهادة الميلاد', 'شهادة الميلاد', 21, true, '2025-12-05T13:33:13.393389+00:00', '2025-12-19T08:38:51.089652+00:00', '{"field":"recordType","values":["age_correction"]}'::jsonb),
  ('10abb941-7b6c-441e-a76b-2d8f340db1dc', 'eccfc9f7-44e5-4dc5-ba6f-0ebf5af2a197', NULL, 'صورة من الجواز', 'صورة من الجواز', 22, true, '2025-12-05T13:33:13.393389+00:00', '2025-12-19T08:38:51.407628+00:00', '{"field":"recordType","values":["age_correction"]}'::jsonb),
  ('e617d42f-9df7-44bc-8706-eb000958abc7', 'eccfc9f7-44e5-4dc5-ba6f-0ebf5af2a197', NULL, 'كتابة طلب لتوضيح الأسباب بخط اليد', 'كتابة طلب لتوضيح الأسباب بخط اليد', 23, true, '2025-12-05T13:33:13.393389+00:00', '2025-12-19T08:38:51.652436+00:00', '{"field":"recordType","values":["age_correction"]}'::jsonb),
  ('5ba33467-592a-45e4-8f08-0adbe4dd892d', '0194226c-cdbe-4366-8210-cea05f606754', NULL, 'نموذج طلب الإفادة', 'نموذج طلب الإفادة', 1, true, '2025-12-05T13:33:14.917369+00:00', '2025-12-05T13:33:14.917369+00:00', NULL),
  ('f738e825-cee9-49ad-b05e-133ded26d799', '0194226c-cdbe-4366-8210-cea05f606754', NULL, 'المستندات الداعمة حسب نوع الإفادة', 'المستندات الداعمة حسب نوع الإفادة', 2, true, '2025-12-05T13:33:14.917369+00:00', '2025-12-05T13:33:14.917369+00:00', NULL),
  ('516eb162-fce0-41f4-8216-01a21be07ed9', '0194226c-cdbe-4366-8210-cea05f606754', NULL, 'بطاقة الرقم الوطني أو الإقامة', 'بطاقة الرقم الوطني أو الإقامة', 0, true, '2025-12-05T13:33:14.917369+00:00', '2025-12-05T13:33:14.917369+00:00', NULL),
  ('b8d7c2c2-28d8-4f9c-a963-deffc17cac06', '2ae1ba8e-8d22-4677-9c19-4f1196a7a3bd', NULL, 'في حالة الزوجة: إرفاق صورة من قسيمة الزواج', 'في حالة الزوجة: إرفاق صورة من قسيمة الزواج', 6, true, '2025-12-05T13:33:15.628437+00:00', '2025-12-08T17:22:23.384148+00:00', '{"field":"visaType","values":["sudanese_origin"]}'::jsonb),
  ('cb4beb55-320d-4386-a385-3d9d87149a8c', '2ae1ba8e-8d22-4677-9c19-4f1196a7a3bd', NULL, 'إرفاق هوية المندوب الرسمي المسجل بجوازات الأجانب', 'إرفاق هوية المندوب الرسمي المسجل بجوازات الأجانب', 10, true, '2025-12-05T13:33:15.628437+00:00', '2025-12-08T17:22:23.384148+00:00', '{"field":"visaType","values":["business_visit"]}'::jsonb),
  ('a320fee4-3c4a-44fb-8ffd-5fcc17358c51', '2ae1ba8e-8d22-4677-9c19-4f1196a7a3bd', NULL, 'زيارة شخصية (شخصية إعتبارية - قاضي - وزير)', 'زيارة شخصية (شخصية إعتبارية - قاضي - وزير)', 8, true, '2025-12-05T13:33:15.628437+00:00', '2025-12-08T17:22:23.384148+00:00', '{"field":"visaType","values":["personal_visit"]}'::jsonb),
  ('747980d4-f68c-4152-b4d5-7bcd08ea7994', '2ae1ba8e-8d22-4677-9c19-4f1196a7a3bd', NULL, 'صورة من مستند سوداني لصاحب الطلب (جواز سفر - رقم وطني - بطاقة شخصية - بطاقة أصول سودانية)', 'صورة من مستند سوداني لصاحب الطلب (جواز سفر - رقم وطني - بطاقة شخصية - بطاقة أصول سودانية)', 4, true, '2025-12-05T13:33:15.628437+00:00', '2025-12-08T17:22:23.384148+00:00', '{"field":"visaType","values":["sudanese_origin"]}'::jsonb),
  ('6982ae5e-60bb-41c7-9d69-d5b9df1c05d5', '2ae1ba8e-8d22-4677-9c19-4f1196a7a3bd', NULL, 'صورة مستند سوداني لضامن من الدرجة الأولى (أب - أم - أخ - أخت - ابن - ابنة - زوجة)', 'صورة مستند سوداني لضامن من الدرجة الأولى (أب - أم - أخ - أخت - ابن - ابنة - زوجة)', 5, true, '2025-12-05T13:33:15.628437+00:00', '2025-12-08T17:22:23.384148+00:00', '{"field":"visaType","values":["sudanese_origin"]}'::jsonb),
  ('7b9ee1b2-c9c2-49a5-8a69-90f5084f409c', '2ae1ba8e-8d22-4677-9c19-4f1196a7a3bd', NULL, 'في حالة الأم: إرفاق شهادة الميلاد أو الرقم الوطني لصاحب الطلب', 'في حالة الأم: إرفاق شهادة الميلاد أو الرقم الوطني لصاحب الطلب', 7, true, '2025-12-05T13:33:15.628437+00:00', '2025-12-08T17:22:23.384148+00:00', '{"field":"visaType","values":["sudanese_origin"]}'::jsonb),
  ('1463c650-6292-4771-89d7-3a36f6750c2c', '2ae1ba8e-8d22-4677-9c19-4f1196a7a3bd', NULL, 'أصل جواز السفر ساري المفعول (صلاحية 6 أشهر على الأقل)', 'أصل جواز السفر ساري المفعول (صلاحية 6 أشهر على الأقل)', 0, true, '2025-12-05T13:33:15.628437+00:00', '2025-12-08T17:22:23.384148+00:00', '{"field":"visaType","values":["general"]}'::jsonb),
  ('d64dcc4c-76ff-4509-b812-35f63ef09d28', '2ae1ba8e-8d22-4677-9c19-4f1196a7a3bd', NULL, 'صورة شخصية', 'صورة شخصية', 1, true, '2025-12-05T13:33:15.628437+00:00', '2025-12-08T17:22:23.384148+00:00', '{"field":"visaType","values":["general"]}'::jsonb),
  ('d62741ff-5fe9-411a-a63f-7298807f2878', '2ae1ba8e-8d22-4677-9c19-4f1196a7a3bd', NULL, 'الرسوم: 375 ريال لكل الجنسيات ماعدا الجنسية الأمريكية 572 ريال', 'الرسوم: 375 ريال لكل الجنسيات ماعدا الجنسية الأمريكية 572 ريال', 2, true, '2025-12-05T13:33:15.628437+00:00', '2025-12-08T17:22:23.384148+00:00', '{"field":"visaType","values":["general"]}'::jsonb),
  ('19d51120-3615-40e1-ae1a-08916c0a6b36', '2ae1ba8e-8d22-4677-9c19-4f1196a7a3bd', NULL, 'تقديم الطلب بواسطة صاحب الطلب أو ولي أمره أو المندوب الرسمي لجهة العمل الضامنة', 'تقديم الطلب بواسطة صاحب الطلب أو ولي أمره أو المندوب الرسمي لجهة العمل الضامنة', 3, true, '2025-12-05T13:33:15.628437+00:00', '2025-12-08T17:22:23.384148+00:00', '{"field":"visaType","values":["general"]}'::jsonb),
  ('815758c3-0587-4bf2-a393-f4a8f51b3cef', '2ae1ba8e-8d22-4677-9c19-4f1196a7a3bd', NULL, 'خطاب من جهة العمل المسجلة بجوازات الأجانب', 'خطاب من جهة العمل المسجلة بجوازات الأجانب', 9, true, '2025-12-05T13:33:15.628437+00:00', '2025-12-08T17:22:23.384148+00:00', '{"field":"visaType","values":["business_visit"]}'::jsonb),
  ('67f5c91b-2066-46bc-9014-bd1999453ac6', 'af1d09cb-7973-4b00-87c6-e453054226c5', NULL, 'دفع الرسوم المقررة', 'دفع الرسوم المقررة', 3, true, '2025-12-05T13:33:16.43731+00:00', '2025-12-05T13:33:16.43731+00:00', NULL),
  ('c1d6fc4a-c9f3-4de0-a772-2333fbfbfa26', 'af1d09cb-7973-4b00-87c6-e453054226c5', NULL, 'صورة شخصية حديثة', 'صورة شخصية حديثة', 2, true, '2025-12-05T13:33:16.43731+00:00', '2025-12-05T13:33:16.43731+00:00', NULL),
  ('51a06e27-0be2-4435-96ff-f3ccd9df25db', 'af1d09cb-7973-4b00-87c6-e453054226c5', NULL, 'الشهادة السابقة أو ما يعادلها', 'الشهادة السابقة أو ما يعادلها', 0, true, '2025-12-05T13:33:16.43731+00:00', '2025-12-05T13:33:16.43731+00:00', NULL),
  ('aaf92c76-3ea3-46ad-b98d-7300ebc41ba3', 'af1d09cb-7973-4b00-87c6-e453054226c5', NULL, 'صورة من جواز السفر', 'صورة من جواز السفر', 1, true, '2025-12-05T13:33:16.43731+00:00', '2025-12-05T13:33:16.43731+00:00', NULL),
  ('181593e6-1151-42b6-94f4-f751415156f3', '7be0c226-9ae3-4762-9ff1-944351b5d30d', NULL, 'المستندات الداعمة حسب نوع القضية', 'المستندات الداعمة حسب نوع القضية', 1, true, '2025-12-05T13:33:16.749074+00:00', '2025-12-05T13:33:16.749074+00:00', NULL),
  ('a337930a-e387-4c04-93bd-59b35f055fe4', '7be0c226-9ae3-4762-9ff1-944351b5d30d', NULL, 'إثباتات هوية الأطراف', 'إثباتات هوية الأطراف', 0, true, '2025-12-05T13:33:16.749074+00:00', '2025-12-05T13:33:16.749074+00:00', NULL),
  ('933b468d-757b-4898-8851-4d6fbf35c2e3', '7be0c226-9ae3-4762-9ff1-944351b5d30d', NULL, 'شهود (عند الحاجة)', 'شهود (عند الحاجة)', 2, true, '2025-12-05T13:33:16.749074+00:00', '2025-12-05T13:33:16.749074+00:00', NULL),
  ('45cb6522-ff5d-4bd1-ac66-952b7bdc428b', '6b983a72-2fe8-4025-b953-e32c01f40572', NULL, 'إحضار جواز أصل ساري المفعول', 'إحضار جواز أصل ساري المفعول', 1, true, '2025-12-05T13:33:17.492863+00:00', '2025-12-18T10:12:37.469551+00:00', NULL),
  ('4bdd361e-9b0f-4e12-b967-499a4d03b552', '6b983a72-2fe8-4025-b953-e32c01f40572', NULL, 'الحضور الشخصي لصاحب الحساب', 'الحضور الشخصي لصاحب الحساب', 0, true, '2025-12-05T13:33:17.492863+00:00', '2025-12-18T10:12:37.2185+00:00', NULL),
  ('5fbce449-3baa-45b1-bde5-354168f4ffb7', '6b983a72-2fe8-4025-b953-e32c01f40572', NULL, 'لا يتم التعامل مع التوكيلات أو أي شخص ينوب عن العميل', 'لا يتم التعامل مع التوكيلات أو أي شخص ينوب عن العميل', 2, true, '2025-12-05T13:33:17.492863+00:00', '2025-12-18T10:12:37.79145+00:00', NULL),
  ('f4fcd130-b9a9-4ab5-b0e9-339eba28034f', '7791f359-abc2-4eb3-b0c0-596fe4cd5a2d', NULL, 'إثبات الشخصية: الجواز أو الرقم الوطني (الخاطب، المخطوبة، ولي المخطوبة (الأب)، الشاهدان)', 'إثبات الشخصية: الجواز أو الرقم الوطني (الخاطب، المخطوبة، ولي المخطوبة (الأب)، الشاهدان)', 0, true, '2025-12-05T13:33:18.215056+00:00', '2025-12-08T17:23:00.641788+00:00', '{"field":"serviceType","values":["marriage"]}'::jsonb),
  ('218925e9-4b14-4d8f-b184-2ba09c7372f2', '7791f359-abc2-4eb3-b0c0-596fe4cd5a2d', NULL, 'في حال كانت المخطوبة غائبة عن مجلس العقد: يجب احضار إقرار موافقة على الزواج', 'في حال كانت المخطوبة غائبة عن مجلس العقد: يجب احضار إقرار موافقة على الزواج', 1, true, '2025-12-05T13:33:18.215056+00:00', '2025-12-08T17:23:00.641788+00:00', '{"field":"serviceType","values":["marriage"]}'::jsonb),
  ('2ee77f17-6f75-4ddf-9b5e-60b0467b2bf0', '7791f359-abc2-4eb3-b0c0-596fe4cd5a2d', NULL, 'في حال كانت المخطوبة مطلقة: يجب إحضار أصل وثيقة الطلاق موثقة من الخارجية السودانية', 'في حال كانت المخطوبة مطلقة: يجب إحضار أصل وثيقة الطلاق موثقة من الخارجية السودانية', 2, true, '2025-12-05T13:33:18.215056+00:00', '2025-12-08T17:23:00.641788+00:00', '{"field":"serviceType","values":["marriage"]}'::jsonb),
  ('0d95504a-d89d-4384-89f6-d8465685e827', '7791f359-abc2-4eb3-b0c0-596fe4cd5a2d', NULL, 'في حال كانت المخطوبة أرملة: يجب احضار وثيقة الزواج وشهادة وفاة الزوج الأول أو الاعلام الشرعي للورثة', 'في حال كانت المخطوبة أرملة: يجب احضار وثيقة الزواج وشهادة وفاة الزوج الأول أو الاعلام الشرعي للورثة', 3, true, '2025-12-05T13:33:18.215056+00:00', '2025-12-08T17:23:00.641788+00:00', '{"field":"serviceType","values":["marriage"]}'::jsonb),
  ('8c8b110f-9619-4c23-8fd9-191fdd939593', '7791f359-abc2-4eb3-b0c0-596fe4cd5a2d', NULL, 'في حال غياب والد المخطوبة: يجب احضار أصل توكيل لمن ينوب عنه في الإجراءات موثق من الخارجية السودانية', 'في حال غياب والد المخطوبة: يجب احضار أصل توكيل لمن ينوب عنه في الإجراءات موثق من الخارجية السودانية', 4, true, '2025-12-05T13:33:18.215056+00:00', '2025-12-08T17:23:00.641788+00:00', '{"field":"serviceType","values":["marriage"]}'::jsonb),
  ('70de0d4b-281a-4b95-985f-03fed31bbf92', '7791f359-abc2-4eb3-b0c0-596fe4cd5a2d', NULL, 'مستندات إضافية إن وجد', 'مستندات إضافية إن وجد', 12, true, '2025-12-05T13:33:18.215056+00:00', '2025-12-08T17:23:00.641788+00:00', '{"field":"serviceType","values":["divorce"]}'::jsonb),
  ('59136ffb-a2ad-499f-9a0a-ee8a041b7e8e', '7791f359-abc2-4eb3-b0c0-596fe4cd5a2d', NULL, 'في حال وجود الولي (والد المخطوبة) خارج السودان: يجب إحضار توكيل لمن ينوب عنه في الإجراءات صادر من السفارة السودانية بمحل إقامته', 'في حال وجود الولي (والد المخطوبة) خارج السودان: يجب إحضار توكيل لمن ينوب عنه في الإجراءات صادر من السفارة السودانية بمحل إقامته', 5, true, '2025-12-05T13:33:18.215056+00:00', '2025-12-08T17:23:00.641788+00:00', '{"field":"serviceType","values":["marriage"]}'::jsonb),
  ('8718cb6f-f9f4-4bfe-86ba-d35481927955', '7791f359-abc2-4eb3-b0c0-596fe4cd5a2d', NULL, 'صورة جواز الزوجة', 'صورة جواز الزوجة', 9, true, '2025-12-05T13:33:18.215056+00:00', '2025-12-08T17:23:00.641788+00:00', '{"field":"serviceType","values":["divorce"]}'::jsonb),
  ('5fd7f936-78df-4f5b-9da2-2052cf8f1763', '7791f359-abc2-4eb3-b0c0-596fe4cd5a2d', NULL, 'صورة جواز الشاهد الأول', 'صورة جواز الشاهد الأول', 10, true, '2025-12-05T13:33:18.215056+00:00', '2025-12-08T17:23:00.641788+00:00', '{"field":"serviceType","values":["divorce"]}'::jsonb),
  ('232cb87b-a35f-422d-a94d-45600e12b00c', '7791f359-abc2-4eb3-b0c0-596fe4cd5a2d', NULL, 'صورة جواز الشاهد الثاني', 'صورة جواز الشاهد الثاني', 11, true, '2025-12-05T13:33:18.215056+00:00', '2025-12-08T17:23:00.641788+00:00', '{"field":"serviceType","values":["divorce"]}'::jsonb),
  ('4aa64f4f-f80c-48a7-819e-9558d8974bd1', '7791f359-abc2-4eb3-b0c0-596fe4cd5a2d', NULL, 'في حال وفاة ولي المخطوبة (الأب): يجب إبراز اثبات وفاته، أو الإعلام الشرعي للوراثة (الأصل)، وينوب عنه الولي الأقرب على ترتيب الإرث', 'في حال وفاة ولي المخطوبة (الأب): يجب إبراز اثبات وفاته، أو الإعلام الشرعي للوراثة (الأصل)، وينوب عنه الولي الأقرب على ترتيب الإرث', 6, true, '2025-12-05T13:33:18.215056+00:00', '2025-12-08T17:23:00.641788+00:00', '{"field":"serviceType","values":["marriage"]}'::jsonb),
  ('7c91e04c-7a94-4cc4-a5df-5c0ddb40d0dc', '7791f359-abc2-4eb3-b0c0-596fe4cd5a2d', NULL, 'القسيمة', 'القسيمة', 7, true, '2025-12-05T13:33:18.215056+00:00', '2025-12-08T17:23:00.641788+00:00', '{"field":"serviceType","values":["divorce"]}'::jsonb),
  ('a94642bd-7d39-4f2c-b550-bfe7cda42e76', '7791f359-abc2-4eb3-b0c0-596fe4cd5a2d', NULL, 'صورة جواز الزوج', 'صورة جواز الزوج', 8, true, '2025-12-05T13:33:18.215056+00:00', '2025-12-08T17:23:00.641788+00:00', '{"field":"serviceType","values":["divorce"]}'::jsonb),
  ('e4ffa955-76fc-4375-9bb2-629e0abe6b35', '4aff3110-abd7-46d3-bb5e-498b5ee0ef85', NULL, 'الحضور للقنصلية للبصمة', 'الحضور للقنصلية للبصمة', 2, true, '2025-12-05T13:33:19.013872+00:00', '2025-12-08T17:23:30.481208+00:00', '{"field":"requestReason","values":["finalExit"]}'::jsonb),
  ('9a441951-21be-4e7f-b987-1a352684cf2b', '4aff3110-abd7-46d3-bb5e-498b5ee0ef85', NULL, 'صورة من الجواز', 'صورة من الجواز', 0, true, '2025-12-05T13:33:19.013872+00:00', '2025-12-08T17:23:30.481208+00:00', '{"field":"requestReason","values":["finalExit"]}'::jsonb),
  ('ae46c564-2893-441a-a635-fcc928170638', '4aff3110-abd7-46d3-bb5e-498b5ee0ef85', NULL, 'عدد 2 صورة بطاقة', 'عدد 2 صورة بطاقة', 1, true, '2025-12-05T13:33:19.013872+00:00', '2025-12-08T17:23:30.481208+00:00', '{"field":"requestReason","values":["finalExit"]}'::jsonb),
  ('507ad32e-e237-4a84-b14c-5c3fdf62bdba', '6a205b23-657b-4f02-b5f5-18fe106598ed', NULL, 'صورة بطاقة الأحوال / الإقامة', 'صورة بطاقة الأحوال / الإقامة', 2, true, '2025-12-05T13:33:19.746195+00:00', '2025-12-05T13:33:19.746195+00:00', NULL),
  ('675c5363-d208-4d47-bd6f-4232b5f63a7e', '6a205b23-657b-4f02-b5f5-18fe106598ed', NULL, 'تقرير الشرطة (إن وجد)', 'تقرير الشرطة (إن وجد)', 4, true, '2025-12-05T13:33:19.746195+00:00', '2025-12-05T13:33:19.746195+00:00', NULL),
  ('364c4227-2edc-4740-ac28-4f13fbfc1bda', '6a205b23-657b-4f02-b5f5-18fe106598ed', NULL, 'شهادة الوفاة الأصلية', 'شهادة الوفاة الأصلية', 0, true, '2025-12-05T13:33:19.746195+00:00', '2025-12-05T13:33:19.746195+00:00', NULL),
  ('eddbbbf0-498d-4fa4-9690-6705358ae117', '6a205b23-657b-4f02-b5f5-18fe106598ed', NULL, 'صورة جواز سفر المتوفى', 'صورة جواز سفر المتوفى', 1, true, '2025-12-05T13:33:19.746195+00:00', '2025-12-05T13:33:19.746195+00:00', NULL),
  ('f51e3338-e6a1-4749-a9da-03969d25ac49', '6a205b23-657b-4f02-b5f5-18fe106598ed', NULL, 'صورة جواز سفر مقدم الطلب', 'صورة جواز سفر مقدم الطلب', 3, true, '2025-12-05T13:33:19.746195+00:00', '2025-12-05T13:33:19.746195+00:00', NULL),
  ('68d1617e-500c-4bfa-8c77-af22b33a9d56', '114bfbc6-c015-40d9-ba18-393e53a59392', NULL, 'صورة من الجواز أو الرقم الوطني', NULL, 2, true, '2025-12-08T15:21:31.010311+00:00', '2025-12-14T17:51:03.235594+00:00', NULL),
  ('9c3af561-63f7-4d83-aaac-7c90a191a82a', 'f4104861-1bab-4a7c-b561-3df15a0c9a04', NULL, 'إرفاق الشهادة المتوسطة أو ما يعادلها مرّ عليها ثلاث سنوات', NULL, 0, true, '2025-12-08T15:21:31.010311+00:00', '2025-12-18T12:57:02.831904+00:00', NULL),
  ('75ddda66-5e2e-48eb-8ce0-20001b43a312', '9f72c08c-eff4-400f-8b61-c0912f3d3dfd', NULL, 'إرفاق شهادة الميلاد', NULL, 0, true, '2025-12-08T15:21:31.010311+00:00', '2025-12-17T19:03:45.584613+00:00', NULL),
  ('fc21a9a8-ffcb-4141-af01-d559bd2ecf73', '9f72c08c-eff4-400f-8b61-c0912f3d3dfd', NULL, 'التأكد من صحة البيانات', NULL, 3, true, '2025-12-08T15:21:31.010311+00:00', '2025-12-17T19:03:46.300715+00:00', NULL),
  ('0723cd6e-f4ad-484d-9915-56428c4749d8', '9f72c08c-eff4-400f-8b61-c0912f3d3dfd', NULL, 'صورة شخصية حديثة', NULL, 1, true, '2025-12-08T15:21:31.010311+00:00', '2025-12-17T19:03:45.83027+00:00', NULL),
  ('14f556ef-8114-4e72-9c34-434edaded42b', 'f4104861-1bab-4a7c-b561-3df15a0c9a04', NULL, 'التأكد من صحة البيانات', NULL, 4, true, '2025-12-08T15:21:31.010311+00:00', '2025-12-18T12:57:04.463612+00:00', NULL),
  ('f852ade4-e0b1-434c-870a-1820bd20f1e1', 'f4104861-1bab-4a7c-b561-3df15a0c9a04', NULL, 'الرقم الوطني، ولغير السودانيين الجواز', NULL, 3, true, '2025-12-08T15:21:31.010311+00:00', '2025-12-18T12:57:04.20632+00:00', NULL),
  ('011dc5d7-55cd-47dd-8885-76670123be5b', 'f4104861-1bab-4a7c-b561-3df15a0c9a04', NULL, 'صورة شخصية حديثة', NULL, 2, true, '2025-12-08T15:21:31.010311+00:00', '2025-12-18T12:57:03.507702+00:00', NULL),
  ('b6f45fc8-e118-4e15-9ef8-4302b7b2a68f', 'f4104861-1bab-4a7c-b561-3df15a0c9a04', NULL, 'إرفاق الشهادة الثانوية لمن سبق له الجلوس', NULL, 1, true, '2025-12-08T15:21:31.010311+00:00', '2025-12-18T12:57:03.131086+00:00', NULL),
  ('62602dd7-b600-4bd5-b13a-ea4a4f6cc9b4', '9f72c08c-eff4-400f-8b61-c0912f3d3dfd', NULL, 'الرقم الوطني، ولغير السودانيين الجواز', NULL, 2, true, '2025-12-08T15:21:31.010311+00:00', '2025-12-17T19:03:46.069761+00:00', NULL),
  ('9c161854-20d5-4a7b-b927-1ade93fae558', 'f4104861-1bab-4a7c-b561-3df15a0c9a04', NULL, 'لن يكتمل التسجيل إن كانت المستندات غير مكتملة', NULL, 5, true, '2025-12-08T15:21:31.010311+00:00', '2025-12-18T12:57:04.725271+00:00', NULL),
  ('7ff61167-a3c4-4a85-aae4-84ef79b8b695', '58afa461-40bb-4665-9087-ca98067a98ad', NULL, 'التأكد من صحة البيانات', NULL, 3, true, '2025-12-08T15:21:31.010311+00:00', '2025-12-14T17:51:03.235594+00:00', NULL),
  ('2271f466-8821-4578-96ce-63b85628c28a', '58afa461-40bb-4665-9087-ca98067a98ad', NULL, 'الرقم الوطني، ولغير السودانيين الجواز', NULL, 2, true, '2025-12-08T15:21:31.010311+00:00', '2025-12-14T17:51:03.235594+00:00', NULL),
  ('984ca5bb-b86a-4f9b-9d19-896a44fb7d1b', '58afa461-40bb-4665-9087-ca98067a98ad', NULL, 'صورة شخصية حديثة', NULL, 1, true, '2025-12-08T15:21:31.010311+00:00', '2025-12-14T17:51:03.235594+00:00', NULL),
  ('27f6c4ef-f0b9-49b1-8e4b-347a3b4b9078', '58afa461-40bb-4665-9087-ca98067a98ad', NULL, 'إرفاق الشهادة الابتدائية أو ما يعادلها', NULL, 0, true, '2025-12-08T15:21:31.010311+00:00', '2025-12-14T17:51:03.235594+00:00', NULL),
  ('e737687d-b09f-4e8e-8951-4961c14f05be', '114bfbc6-c015-40d9-ba18-393e53a59392', NULL, 'خبرة سابقة في المراقبة (إن وجدت)', NULL, 3, true, '2025-12-08T15:21:31.010311+00:00', '2025-12-14T17:51:03.235594+00:00', NULL),
  ('4f6dbe84-263c-4e9e-b232-c4dcca032ff3', '114bfbc6-c015-40d9-ba18-393e53a59392', NULL, 'إرفاق صورة من المؤهل العلمي', NULL, 1, true, '2025-12-08T15:21:31.010311+00:00', '2025-12-14T17:51:03.235594+00:00', NULL),
  ('f4f98d39-dde0-49b7-a4c8-026054d2cac7', '114bfbc6-c015-40d9-ba18-393e53a59392', NULL, 'مؤهل جامعي أو ثانوي على الأقل', NULL, 0, true, '2025-12-08T15:21:31.010311+00:00', '2025-12-14T17:51:03.235594+00:00', NULL),
  ('43e4e900-dbff-47a6-b5fe-6ded69811a83', '66118ec6-2a3b-4b3b-9c81-c4496d9142d5', NULL, 'حضور الموكل شخصياً', NULL, 0, true, '2025-12-08T15:57:54.606746+00:00', '2025-12-14T17:51:03.235594+00:00', NULL),
  ('d9145f8c-fa9e-4894-994d-2aa6ce748200', '66118ec6-2a3b-4b3b-9c81-c4496d9142d5', NULL, 'تحديد الغرض من التوكيل بوضوح', NULL, 2, true, '2025-12-08T15:57:54.606746+00:00', '2025-12-14T17:51:03.235594+00:00', NULL)
ON CONFLICT DO NOTHING;

INSERT INTO public.service_requirements (id, service_id, service_type_id, requirement_ar, requirement_en, order_index, is_active, created_at, updated_at, conditions)
VALUES
  ('d6985180-8453-4764-94bc-41a24ea213e0', '66118ec6-2a3b-4b3b-9c81-c4496d9142d5', NULL, 'شهود (عند الحاجة)', NULL, 3, true, '2025-12-08T15:57:54.606746+00:00', '2025-12-14T17:51:03.235594+00:00', NULL),
  ('4c4166b6-9b1e-4428-aed1-9d13247e88e4', '66118ec6-2a3b-4b3b-9c81-c4496d9142d5', NULL, 'إثبات جواز الموكل والوكيل', NULL, 1, true, '2025-12-08T15:57:54.606746+00:00', '2025-12-14T17:51:03.235594+00:00', NULL),
  ('87f14554-3365-42b0-8c1e-2eb1f62c85d2', '37e7b780-a723-4224-9ac8-54aa956cece4', NULL, 'إثبات جواز الموكل والوكيل', NULL, 1, true, '2025-12-08T16:41:33.253382+00:00', '2025-12-14T17:51:03.235594+00:00', NULL),
  ('7b603309-a723-4693-8ae9-fefe62fffdc4', '37e7b780-a723-4224-9ac8-54aa956cece4', NULL, 'حضور الموكل شخصياً', NULL, 0, true, '2025-12-08T16:41:33.253382+00:00', '2025-12-14T17:51:03.235594+00:00', NULL),
  ('0ff77d97-7d72-4475-bd78-be4317e660f9', '37e7b780-a723-4224-9ac8-54aa956cece4', NULL, 'تحديد العقار أو الأرض بدقة', NULL, 4, true, '2025-12-08T16:41:33.253382+00:00', '2025-12-14T17:51:03.235594+00:00', NULL),
  ('6ab610b3-6151-42d2-925a-76bd38bd0640', '37e7b780-a723-4224-9ac8-54aa956cece4', NULL, 'تحديد الغرض من التوكيل بوضوح', NULL, 5, true, '2025-12-08T16:41:33.253382+00:00', '2025-12-14T17:51:03.235594+00:00', NULL),
  ('d450f2d2-61ce-42e6-9b05-c138a43b6bab', '37e7b780-a723-4224-9ac8-54aa956cece4', NULL, 'شهادة إثبات الملكية (في حالة البيع)', NULL, 3, true, '2025-12-08T16:41:33.253382+00:00', '2025-12-14T17:51:03.235594+00:00', NULL),
  ('7073d2f5-7040-462e-992c-5e62df25623f', '37e7b780-a723-4224-9ac8-54aa956cece4', NULL, 'صكوك الملكية أو عقود الإيجار', NULL, 2, true, '2025-12-08T16:41:33.253382+00:00', '2025-12-14T17:51:03.235594+00:00', NULL),
  ('dd5e0ffb-84a9-47ba-aa8f-987cee75b64c', '114bfbc6-c015-40d9-ba18-393e53a59392', NULL, 'شهادة جامعية أو ما يعادلها', 'University degree or equivalent', 1, true, '2025-12-09T19:57:19.368903+00:00', '2025-12-14T17:51:03.235594+00:00', NULL),
  ('8b63dc66-a745-400d-8b52-aa2b423cf244', '114bfbc6-c015-40d9-ba18-393e53a59392', NULL, 'صورة شخصية حديثة', 'Recent personal photo', 3, true, '2025-12-09T19:57:19.368903+00:00', '2025-12-14T17:51:03.235594+00:00', NULL),
  ('25cbb7b8-253b-4a89-9375-809ad46a90ea', '114bfbc6-c015-40d9-ba18-393e53a59392', NULL, 'الرقم الوطني أو جواز السفر', 'National ID or passport', 4, true, '2025-12-09T19:57:19.368903+00:00', '2025-12-14T17:51:03.235594+00:00', NULL),
  ('afc71e31-fe9c-4517-a0ac-8d2b54440a8f', '114bfbc6-c015-40d9-ba18-393e53a59392', NULL, 'خبرة في مجال التعليم (مفضل)', 'Teaching experience (preferred)', 2, true, '2025-12-09T19:57:19.368903+00:00', '2025-12-14T17:51:03.235594+00:00', NULL),
  ('060a3bee-f887-426c-b020-21113c443be8', '1e5b92de-03bf-4669-85db-5e766835f215', '8865e5f9-972d-4f2f-bbfa-5f29d2b78302', 'جواز سفر الوكيل ساري المفعول', 'Valid passport of the agent', 2, true, '2025-12-12T18:37:12.981761+00:00', '2025-12-14T17:51:03.235594+00:00', NULL),
  ('6800d648-9589-4971-a81b-f73938a47405', '1e5b92de-03bf-4669-85db-5e766835f215', '8865e5f9-972d-4f2f-bbfa-5f29d2b78302', 'إحضار إعلام الورثة (للتنازل عن نصيب)', 'Inheritance certificate (for waiver of share)', 5, true, '2025-12-12T18:37:12.981761+00:00', '2025-12-14T17:51:03.235594+00:00', NULL),
  ('2392ea82-644e-4d1a-84b1-6fb1e69beb6f', '1e5b92de-03bf-4669-85db-5e766835f215', '8865e5f9-972d-4f2f-bbfa-5f29d2b78302', 'رسوم الخدمة حسب التعرفة المعتمدة', 'Service fees according to approved tariff', 6, true, '2025-12-12T18:37:12.981761+00:00', '2025-12-14T17:51:03.235594+00:00', NULL),
  ('223063d2-71c9-4765-aa06-cb858fb924be', '1e5b92de-03bf-4669-85db-5e766835f215', '8865e5f9-972d-4f2f-bbfa-5f29d2b78302', 'حضور الموكل شخصياً للقنصلية', 'Personal attendance of the principal at the consulate', 4, true, '2025-12-12T18:37:12.981761+00:00', '2025-12-14T17:51:03.235594+00:00', NULL),
  ('f6fb1f12-b2e9-4ae7-b89a-e50caac2562c', '1e5b92de-03bf-4669-85db-5e766835f215', '8865e5f9-972d-4f2f-bbfa-5f29d2b78302', 'جواز سفر الموكل ساري المفعول', 'Valid passport of the principal', 1, true, '2025-12-12T18:37:12.981761+00:00', '2025-12-14T17:51:03.235594+00:00', NULL),
  ('a35784cf-0977-4b54-82eb-0e68724d7e81', '1e5b92de-03bf-4669-85db-5e766835f215', '8865e5f9-972d-4f2f-bbfa-5f29d2b78302', 'جواز سفر الشاهدين ساري المفعول', 'Valid passports of both witnesses', 3, true, '2025-12-12T18:37:12.981761+00:00', '2025-12-14T17:51:03.235594+00:00', NULL),
  ('df18bb1a-fed7-4b95-b47a-cf14e6063a89', '1e5b92de-03bf-4669-85db-5e766835f215', 'f7c44bd4-7799-4437-a076-200c5ecdca5b', 'حضور الموكل شخصياً للقنصلية', 'Personal attendance of the principal at the consulate', 4, true, '2025-12-12T18:38:52.712999+00:00', '2025-12-14T17:51:03.235594+00:00', NULL),
  ('c2e6f039-387e-4a87-9641-5434fd7355bf', '1e5b92de-03bf-4669-85db-5e766835f215', '02cbc47b-dcf4-4554-9fbe-a532a2fde229', 'جواز سفر الموكل ساري المفعول', 'Valid passport of the principal', 1, true, '2025-12-12T18:38:52.712999+00:00', '2025-12-14T17:51:03.235594+00:00', NULL),
  ('488df23a-2b1d-4dec-9762-5cfeaeb389a3', '1e5b92de-03bf-4669-85db-5e766835f215', '02cbc47b-dcf4-4554-9fbe-a532a2fde229', 'جواز سفر الوكيل ساري المفعول', 'Valid passport of the agent', 2, true, '2025-12-12T18:38:52.712999+00:00', '2025-12-14T17:51:03.235594+00:00', NULL),
  ('8287932b-b0be-402d-b016-dc3bec976ca6', '1e5b92de-03bf-4669-85db-5e766835f215', 'f7c44bd4-7799-4437-a076-200c5ecdca5b', 'جواز سفر الوكيل ساري المفعول', 'Valid passport of the agent', 2, true, '2025-12-12T18:38:52.712999+00:00', '2025-12-14T17:51:03.235594+00:00', NULL),
  ('9f50b765-2a29-4986-af89-30df7577d5df', '1e5b92de-03bf-4669-85db-5e766835f215', 'f7c44bd4-7799-4437-a076-200c5ecdca5b', 'جواز سفر الموكل ساري المفعول', 'Valid passport of the principal', 1, true, '2025-12-12T18:38:52.712999+00:00', '2025-12-14T17:51:03.235594+00:00', NULL),
  ('e1f2c7cb-2ccd-4a6b-9ecb-68d8b5c29b58', '1e5b92de-03bf-4669-85db-5e766835f215', '276a288e-e43d-4d02-8709-0049db1d7b16', 'جواز سفر الموكل ساري المفعول', 'Valid passport of the principal', 1, true, '2025-12-12T18:38:52.712999+00:00', '2025-12-14T17:51:03.235594+00:00', NULL),
  ('0d223ad4-653e-49bc-92d3-951ed1d6d9f1', '1e5b92de-03bf-4669-85db-5e766835f215', '276a288e-e43d-4d02-8709-0049db1d7b16', 'جواز سفر الوكيل ساري المفعول', 'Valid passport of the agent', 2, true, '2025-12-12T18:38:52.712999+00:00', '2025-12-14T17:51:03.235594+00:00', NULL),
  ('eee4bab7-080d-4e09-853b-0cbce1caeed6', '1e5b92de-03bf-4669-85db-5e766835f215', '276a288e-e43d-4d02-8709-0049db1d7b16', 'جواز سفر الشاهدين ساري المفعول', 'Valid passports of both witnesses', 3, true, '2025-12-12T18:38:52.712999+00:00', '2025-12-14T17:51:03.235594+00:00', NULL),
  ('697723fc-3ae7-4717-a717-482fcbabf96c', '1e5b92de-03bf-4669-85db-5e766835f215', 'a12cd351-494d-4504-8124-d8f47c4c13ef', 'جواز سفر الموكل ساري المفعول', 'Valid passport of the principal', 1, true, '2025-12-12T18:38:52.712999+00:00', '2025-12-14T17:51:03.235594+00:00', NULL),
  ('fcd301df-6ce5-4d52-86a2-9b7f980ab77f', '1e5b92de-03bf-4669-85db-5e766835f215', 'a12cd351-494d-4504-8124-d8f47c4c13ef', 'جواز سفر الوكيل ساري المفعول', 'Valid passport of the agent', 2, true, '2025-12-12T18:38:52.712999+00:00', '2025-12-14T17:51:03.235594+00:00', NULL),
  ('16bebb36-2aff-46a5-b003-7508fa761689', '1e5b92de-03bf-4669-85db-5e766835f215', 'a12cd351-494d-4504-8124-d8f47c4c13ef', 'جواز سفر الشاهدين ساري المفعول', 'Valid passports of both witnesses', 3, true, '2025-12-12T18:38:52.712999+00:00', '2025-12-14T17:51:03.235594+00:00', NULL),
  ('58004237-6b5b-4b17-a2d5-081336994390', '1e5b92de-03bf-4669-85db-5e766835f215', 'a12cd351-494d-4504-8124-d8f47c4c13ef', 'حضور الموكل شخصياً للقنصلية', 'Personal attendance of the principal at the consulate', 4, true, '2025-12-12T18:38:52.712999+00:00', '2025-12-14T17:51:03.235594+00:00', NULL),
  ('b7be7638-50bc-4bfe-82d6-727ebaf8e30b', '1e5b92de-03bf-4669-85db-5e766835f215', 'a12cd351-494d-4504-8124-d8f47c4c13ef', 'رسوم الخدمة حسب التعرفة المعتمدة', 'Service fees according to approved tariff', 5, true, '2025-12-12T18:38:52.712999+00:00', '2025-12-14T17:51:03.235594+00:00', NULL),
  ('1a7f7683-a9c4-42b8-9058-1f60804029b8', '1e5b92de-03bf-4669-85db-5e766835f215', '276a288e-e43d-4d02-8709-0049db1d7b16', 'حضور الموكل شخصياً للقنصلية', 'Personal attendance of the principal at the consulate', 4, true, '2025-12-12T18:38:52.712999+00:00', '2025-12-14T17:51:03.235594+00:00', NULL),
  ('73c232b2-f474-44b6-b515-b9ea4f40c5f9', '1e5b92de-03bf-4669-85db-5e766835f215', '276a288e-e43d-4d02-8709-0049db1d7b16', 'رسوم الخدمة حسب التعرفة المعتمدة', 'Service fees according to approved tariff', 5, true, '2025-12-12T18:38:52.712999+00:00', '2025-12-14T17:51:03.235594+00:00', NULL),
  ('edde5c65-5481-4f38-bda6-ae0045068906', '1e5b92de-03bf-4669-85db-5e766835f215', 'ca9f41d5-0900-4e38-adb5-4df256598660', 'جواز سفر الموكل ساري المفعول', 'Valid passport of the principal', 1, true, '2025-12-12T18:38:52.712999+00:00', '2025-12-14T17:51:03.235594+00:00', NULL),
  ('b290b080-0d18-41ba-b455-9f67f4ba167c', '1e5b92de-03bf-4669-85db-5e766835f215', 'ca9f41d5-0900-4e38-adb5-4df256598660', 'جواز سفر الوكيل ساري المفعول', 'Valid passport of the agent', 2, true, '2025-12-12T18:38:52.712999+00:00', '2025-12-14T17:51:03.235594+00:00', NULL),
  ('17084977-d606-4449-b0ee-989f033d1992', '1e5b92de-03bf-4669-85db-5e766835f215', 'ca9f41d5-0900-4e38-adb5-4df256598660', 'جواز سفر الشاهدين ساري المفعول', 'Valid passports of both witnesses', 3, true, '2025-12-12T18:38:52.712999+00:00', '2025-12-14T17:51:03.235594+00:00', NULL),
  ('89fe109f-30cd-4517-a6cc-24aeb02816da', '1e5b92de-03bf-4669-85db-5e766835f215', 'ca9f41d5-0900-4e38-adb5-4df256598660', 'حضور الموكل شخصياً للقنصلية', 'Personal attendance of the principal at the consulate', 4, true, '2025-12-12T18:38:52.712999+00:00', '2025-12-14T17:51:03.235594+00:00', NULL),
  ('c5224ffe-9cb6-4190-8916-ac82d6c040d0', '1e5b92de-03bf-4669-85db-5e766835f215', 'ca9f41d5-0900-4e38-adb5-4df256598660', 'رسوم الخدمة حسب التعرفة المعتمدة', 'Service fees according to approved tariff', 5, true, '2025-12-12T18:38:52.712999+00:00', '2025-12-14T17:51:03.235594+00:00', NULL),
  ('456ea11d-3d71-4d01-8a31-da1c5416c13b', '1e5b92de-03bf-4669-85db-5e766835f215', '02cbc47b-dcf4-4554-9fbe-a532a2fde229', 'جواز سفر الشاهدين ساري المفعول', 'Valid passports of both witnesses', 3, true, '2025-12-12T18:38:52.712999+00:00', '2025-12-14T17:51:03.235594+00:00', NULL),
  ('a78c0069-98eb-4236-9691-acc11ffa6ad5', '1e5b92de-03bf-4669-85db-5e766835f215', '02cbc47b-dcf4-4554-9fbe-a532a2fde229', 'حضور الموكل شخصياً للقنصلية', 'Personal attendance of the principal at the consulate', 4, true, '2025-12-12T18:38:52.712999+00:00', '2025-12-14T17:51:03.235594+00:00', NULL),
  ('7c7981fe-f7ec-4bef-81f1-dcf888b071eb', '1e5b92de-03bf-4669-85db-5e766835f215', '1840773f-4b0e-44d1-9a91-7ef43190c4c3', 'جواز سفر الموكل ساري المفعول', 'Valid passport of the principal', 1, true, '2025-12-12T18:38:52.712999+00:00', '2025-12-14T17:51:03.235594+00:00', NULL),
  ('957d7bdf-e31e-43ab-b909-2589b9c7be16', '1e5b92de-03bf-4669-85db-5e766835f215', '1840773f-4b0e-44d1-9a91-7ef43190c4c3', 'جواز سفر الوكيل ساري المفعول', 'Valid passport of the agent', 2, true, '2025-12-12T18:38:52.712999+00:00', '2025-12-14T17:51:03.235594+00:00', NULL),
  ('b70a2581-258e-4ec1-bc70-ad59fc76ca31', '1e5b92de-03bf-4669-85db-5e766835f215', '02cbc47b-dcf4-4554-9fbe-a532a2fde229', 'رسوم الخدمة حسب التعرفة المعتمدة', 'Service fees according to approved tariff', 5, true, '2025-12-12T18:38:52.712999+00:00', '2025-12-14T17:51:03.235594+00:00', NULL),
  ('1cdcfe4d-d417-4e08-81cf-d11296bb7584', '1e5b92de-03bf-4669-85db-5e766835f215', '68b6f8bb-4a6a-4847-a078-d7204b8508a1', 'جواز سفر الموكل ساري المفعول', 'Valid passport of the principal', 1, true, '2025-12-12T18:38:52.712999+00:00', '2025-12-14T17:51:03.235594+00:00', NULL),
  ('2a046f2a-4177-46a6-92f8-b2b6bb1923a0', '1e5b92de-03bf-4669-85db-5e766835f215', '68b6f8bb-4a6a-4847-a078-d7204b8508a1', 'جواز سفر الوكيل ساري المفعول', 'Valid passport of the agent', 2, true, '2025-12-12T18:38:52.712999+00:00', '2025-12-14T17:51:03.235594+00:00', NULL),
  ('1a0040f2-dec6-4769-ba32-c6612dc85017', '1e5b92de-03bf-4669-85db-5e766835f215', '68b6f8bb-4a6a-4847-a078-d7204b8508a1', 'جواز سفر الشاهدين ساري المفعول', 'Valid passports of both witnesses', 3, true, '2025-12-12T18:38:52.712999+00:00', '2025-12-14T17:51:03.235594+00:00', NULL),
  ('43e8e426-3648-4d7f-9626-60072a5708a7', '1e5b92de-03bf-4669-85db-5e766835f215', '68b6f8bb-4a6a-4847-a078-d7204b8508a1', 'حضور الموكل شخصياً للقنصلية', 'Personal attendance of the principal at the consulate', 4, true, '2025-12-12T18:38:52.712999+00:00', '2025-12-14T17:51:03.235594+00:00', NULL),
  ('f5517898-f319-4d3d-8c59-c96eedfef8ef', '1e5b92de-03bf-4669-85db-5e766835f215', '68b6f8bb-4a6a-4847-a078-d7204b8508a1', 'رسوم الخدمة حسب التعرفة المعتمدة', 'Service fees according to approved tariff', 5, true, '2025-12-12T18:38:52.712999+00:00', '2025-12-14T17:51:03.235594+00:00', NULL),
  ('d518bee4-361d-416c-8c62-efe4f1629fc3', '1e5b92de-03bf-4669-85db-5e766835f215', '7978ce23-81a1-4fda-aac2-5df1c1108266', 'جواز سفر الموكل ساري المفعول', 'Valid passport of the principal', 1, true, '2025-12-12T18:38:52.712999+00:00', '2025-12-14T17:51:03.235594+00:00', NULL),
  ('d3bdc3e6-7e97-48f8-8a83-452bee211ba4', '1e5b92de-03bf-4669-85db-5e766835f215', '7978ce23-81a1-4fda-aac2-5df1c1108266', 'جواز سفر الوكيل ساري المفعول', 'Valid passport of the agent', 2, true, '2025-12-12T18:38:52.712999+00:00', '2025-12-14T17:51:03.235594+00:00', NULL),
  ('aa8325c7-6797-4b33-9cc2-13ceef294052', '1e5b92de-03bf-4669-85db-5e766835f215', '7978ce23-81a1-4fda-aac2-5df1c1108266', 'جواز سفر الشاهدين ساري المفعول', 'Valid passports of both witnesses', 3, true, '2025-12-12T18:38:52.712999+00:00', '2025-12-14T17:51:03.235594+00:00', NULL),
  ('3822d345-119f-4180-ba47-74c6f286d1b7', '1e5b92de-03bf-4669-85db-5e766835f215', '7978ce23-81a1-4fda-aac2-5df1c1108266', 'حضور الموكل شخصياً للقنصلية', 'Personal attendance of the principal at the consulate', 4, true, '2025-12-12T18:38:52.712999+00:00', '2025-12-14T17:51:03.235594+00:00', NULL),
  ('c891b2b9-570a-4ddc-a430-2c5a15407de1', '1e5b92de-03bf-4669-85db-5e766835f215', '7978ce23-81a1-4fda-aac2-5df1c1108266', 'رسوم الخدمة حسب التعرفة المعتمدة', 'Service fees according to approved tariff', 5, true, '2025-12-12T18:38:52.712999+00:00', '2025-12-14T17:51:03.235594+00:00', NULL),
  ('e32fc425-80ee-4365-810c-87851a8074d5', '1e5b92de-03bf-4669-85db-5e766835f215', '1840773f-4b0e-44d1-9a91-7ef43190c4c3', 'جواز سفر الشاهدين ساري المفعول', 'Valid passports of both witnesses', 3, true, '2025-12-12T18:38:52.712999+00:00', '2025-12-14T17:51:03.235594+00:00', NULL),
  ('858aae16-c6c0-43e7-b4d1-b21585e32b24', '1e5b92de-03bf-4669-85db-5e766835f215', '1840773f-4b0e-44d1-9a91-7ef43190c4c3', 'حضور الموكل شخصياً للقنصلية', 'Personal attendance of the principal at the consulate', 4, true, '2025-12-12T18:38:52.712999+00:00', '2025-12-14T17:51:03.235594+00:00', NULL),
  ('59295a3b-6c41-46c5-8e3b-029825497817', '1e5b92de-03bf-4669-85db-5e766835f215', '1840773f-4b0e-44d1-9a91-7ef43190c4c3', 'رسوم الخدمة حسب التعرفة المعتمدة', 'Service fees according to approved tariff', 5, true, '2025-12-12T18:38:52.712999+00:00', '2025-12-14T17:51:03.235594+00:00', NULL),
  ('90cf33a7-446a-4124-846c-b2ae65f54e67', '1e5b92de-03bf-4669-85db-5e766835f215', 'f7c44bd4-7799-4437-a076-200c5ecdca5b', 'رسوم الخدمة حسب التعرفة المعتمدة', 'Service fees according to approved tariff', 5, true, '2025-12-12T18:38:52.712999+00:00', '2025-12-14T17:51:03.235594+00:00', NULL),
  ('1e1bd363-0c10-468a-9832-59fa0f8d791b', '1e5b92de-03bf-4669-85db-5e766835f215', 'f7c44bd4-7799-4437-a076-200c5ecdca5b', 'جواز سفر الشاهدين ساري المفعول', 'Valid passports of both witnesses', 3, true, '2025-12-12T18:38:52.712999+00:00', '2025-12-14T17:51:03.235594+00:00', NULL),
  ('32a9fd11-c5b3-42da-8d39-fae634dc5ef9', 'd75c0060-1a0a-4c55-a467-39424bc75d74', NULL, 'إحضار إعلام الورثة (للتنازل عن نصيب)', 'Inheritance certificate (for waiver of share)', 5, true, '2025-12-12T19:03:55.142088+00:00', '2025-12-14T17:51:03.235594+00:00', NULL),
  ('0d5df3b0-1b8a-4bff-8783-32cabaf01dee', 'd75c0060-1a0a-4c55-a467-39424bc75d74', NULL, 'حضور الموكل شخصياً للقنصلية', 'Personal attendance of the principal at the consulate', 4, true, '2025-12-12T19:03:55.142088+00:00', '2025-12-14T17:51:03.235594+00:00', NULL),
  ('a158ebb7-584a-4854-be7c-4791e99146b5', 'd75c0060-1a0a-4c55-a467-39424bc75d74', NULL, 'جواز سفر الشاهدين ساري المفعول', 'Valid passports of both witnesses', 3, true, '2025-12-12T19:03:55.142088+00:00', '2025-12-14T17:51:03.235594+00:00', NULL),
  ('9ad67f22-a95b-4042-9dfe-fc6659edbd47', 'd75c0060-1a0a-4c55-a467-39424bc75d74', NULL, 'جواز سفر الوكيل ساري المفعول', 'Valid passport of the agent', 2, true, '2025-12-12T19:03:55.142088+00:00', '2025-12-14T17:51:03.235594+00:00', NULL),
  ('d1408294-ed63-4fc2-86e4-728e56299497', 'd75c0060-1a0a-4c55-a467-39424bc75d74', NULL, 'جواز سفر الموكل ساري المفعول', 'Valid passport of the principal', 1, true, '2025-12-12T19:03:55.142088+00:00', '2025-12-14T17:51:03.235594+00:00', NULL),
  ('31e60203-97f7-4175-8800-16abb865cb32', 'd75c0060-1a0a-4c55-a467-39424bc75d74', NULL, 'رسوم الخدمة حسب التعرفة المعتمدة', 'Service fees according to approved tariff', 6, true, '2025-12-12T19:03:55.142088+00:00', '2025-12-14T17:51:03.235594+00:00', NULL),
  ('0f4a4582-6313-40ee-a2d0-92b9e055273b', 'a5bd05ec-a9d4-44dc-887e-abfbe5743122', NULL, 'معلومات الوكالة العدلية الرئيسية', 'Main POA information', 1, true, '2025-12-13T07:52:31.852034+00:00', '2025-12-14T17:51:03.235594+00:00', NULL),
  ('0ba08928-fd32-491c-841f-54da01fdff2d', 'a5bd05ec-a9d4-44dc-887e-abfbe5743122', NULL, 'أرقام جوالات الموكلين', 'Principals mobile numbers', 3, true, '2025-12-13T07:52:31.852034+00:00', '2025-12-14T17:51:03.235594+00:00', NULL),
  ('fc89f4a7-c913-40a0-8747-adf2b2447264', 'a5bd05ec-a9d4-44dc-887e-abfbe5743122', NULL, 'صور الهوية أو جواز السفر ساري المفعول', 'Valid ID or passport copies', 2, true, '2025-12-13T07:52:31.852034+00:00', '2025-12-14T17:51:03.235594+00:00', NULL),
  ('2c3bb995-fc1a-4883-9daf-abf638fd7975', '61720128-847c-441a-8041-6c1f2af1fa80', NULL, ' صورة من الرقم الوطني للموكل', ' صورة من الرقم الوطني للموكل', 0, true, '2025-12-13T10:11:54.821546+00:00', '2025-12-14T17:51:03.235594+00:00', NULL),
  ('03f05db9-0b5c-439d-9f97-26381926711c', '61720128-847c-441a-8041-6c1f2af1fa80', NULL, ' صورة من هوية الوكيل', ' صورة من هوية الوكيل', 1, true, '2025-12-13T10:11:55.025951+00:00', '2025-12-14T17:51:03.235594+00:00', NULL),
  ('025645d8-1599-4d6d-bacc-919b13331425', '61720128-847c-441a-8041-6c1f2af1fa80', NULL, ' تحديد نوع الشهادة المطلوبة', ' تحديد نوع الشهادة المطلوبة', 2, true, '2025-12-13T10:11:55.225029+00:00', '2025-12-14T17:51:03.235594+00:00', NULL),
  ('93008803-0094-48ea-8bcb-71d99905e13e', '61720128-847c-441a-8041-6c1f2af1fa80', NULL, ' تحديد جهة الإصدار', ' تحديد جهة الإصدار', 3, true, '2025-12-13T10:11:55.42183+00:00', '2025-12-14T17:51:03.235594+00:00', NULL),
  ('196341be-23df-4044-802f-c0b1da637a9c', '61720128-847c-441a-8041-6c1f2af1fa80', NULL, ' حضور الموكل شخصياً أو إقرار خطي', ' حضور الموكل شخصياً أو إقرار خطي', 4, true, '2025-12-13T10:11:55.656876+00:00', '2025-12-14T17:51:03.235594+00:00', NULL),
  ('d94edb99-504b-41e7-8b75-7c8993713cb5', '07259b33-5364-4e5c-8162-8421813dfb1b', NULL, 'إحضار الأصل للمطابقة', 'Bring original documents for verification', 0, true, '2025-12-14T20:30:38.125566+00:00', '2025-12-14T22:37:37.025861+00:00', NULL),
  ('0ac7b0b9-689c-4c5e-bdaa-34b69ce52007', '07259b33-5364-4e5c-8162-8421813dfb1b', NULL, 'تعبئة النموذج إلكترونياً', 'Fill the form electronically', 1, true, '2025-12-14T20:30:38.125566+00:00', '2025-12-14T22:37:37.275843+00:00', NULL),
  ('63ff2a26-c659-4812-bacb-8e03bad879c2', '07259b33-5364-4e5c-8162-8421813dfb1b', NULL, 'دفع الرسوم المقررة', 'Pay the prescribed fees', 2, true, '2025-12-14T20:30:38.125566+00:00', '2025-12-14T22:37:37.533993+00:00', NULL),
  ('24487f71-6db9-4f21-870a-71c00591291d', '07259b33-5364-4e5c-8162-8421813dfb1b', NULL, 'حضور المتقدم شخصياً', 'Personal attendance required', 3, true, '2025-12-14T20:30:38.125566+00:00', '2025-12-14T22:37:37.765542+00:00', NULL),
  ('8b732f56-9224-44ef-8588-af6050e05768', 'e2699144-f099-4f27-ae88-dc6986885e66', NULL, 'التأكد من صحة البيانات', NULL, 4, true, '2025-12-15T21:00:45.450198+00:00', '2025-12-17T18:57:26.351665+00:00', NULL),
  ('15c89ad3-46cb-4ce5-8463-2c248953270b', 'e2699144-f099-4f27-ae88-dc6986885e66', NULL, 'الرقم الوطني، ولغير السودانيين الجواز', NULL, 3, true, '2025-12-15T21:00:45.450198+00:00', '2025-12-17T18:57:26.070936+00:00', NULL),
  ('2a7a504f-7e00-4c73-b3f3-e7ca591791e5', 'e2699144-f099-4f27-ae88-dc6986885e66', NULL, 'صورة شخصية حديثة', NULL, 2, true, '2025-12-15T21:00:45.450198+00:00', '2025-12-17T18:57:25.703595+00:00', NULL),
  ('e7b2584c-7ff1-46a8-a876-0362e2e99004', 'e2699144-f099-4f27-ae88-dc6986885e66', NULL, 'إرفاق الشهادة الثانوية لمن سبق له الجلوس', NULL, 1, true, '2025-12-15T21:00:45.450198+00:00', '2025-12-17T18:57:25.399262+00:00', NULL),
  ('3d2a9dbf-7404-4276-9cf1-85b82057eb16', 'e2699144-f099-4f27-ae88-dc6986885e66', NULL, 'إرفاق الشهادة المتوسطة أو ما يعادلها مرّ عليها ثلاث سنوات', NULL, 0, true, '2025-12-15T21:00:45.450198+00:00', '2025-12-17T18:57:24.503088+00:00', NULL)
ON CONFLICT DO NOTHING;

-- No data in service_field_conditions

-- No data in service_document_conditions

-- Data for table: service_dynamic_list_fields
-- Rows: 3

INSERT INTO public.service_dynamic_list_fields (id, parent_field_id, field_name, field_type, label_ar, label_en, is_required, order_index, validation_rules, options, created_at)
VALUES
  ('7a46fb16-2876-4ac2-952a-1089cadf2cab', 'b620d2ae-f3bd-44bb-a16a-d0d64287c87f', 'field_1765751782523', 'text', 'الاسم', 'حقل جديد', false, 0, NULL, '[]'::jsonb, '2025-12-14T22:37:44.494799+00:00'),
  ('97f8c86a-5943-45a3-b223-c6b3015229d7', 'b620d2ae-f3bd-44bb-a16a-d0d64287c87f', 'field_1765751806607', 'date', 'تاريخ الميلاد', 'حقل جديد', false, 1, NULL, '[]'::jsonb, '2025-12-14T22:37:44.494799+00:00'),
  ('825b8a59-d854-4052-ad64-428fe8940504', 'b620d2ae-f3bd-44bb-a16a-d0d64287c87f', 'field_1765751836274', 'text', 'صلة القرابة', 'حقل جديد', false, 2, NULL, '[]'::jsonb, '2025-12-14T22:37:44.494799+00:00')
ON CONFLICT DO NOTHING;

-- Data for table: service_pricing_rules
-- Rows: 1

INSERT INTO public.service_pricing_rules (id, service_id, service_type_id, rule_name, rule_name_en, conditions, price, price_under_18, price_18_and_above, priority, is_active, created_at, updated_at)
VALUES
  ('f9c73eca-d3b3-4f67-9195-771857e632a8', '07259b33-5364-4e5c-8162-8421813dfb1b', NULL, 'تست ممم', NULL, '{"logic":"AND","show_when":[{"id":"condition_1765528094779_4huxzzot3","field":"passportType","value":"renewal","operator":"equals"}]}'::jsonb, NULL, 300, 600, 0, true, '2025-12-12T08:28:39.153546+00:00', '2025-12-12T08:28:39.153546+00:00')
ON CONFLICT DO NOTHING;

-- Data for table: applications
-- Rows: 32

INSERT INTO public.applications (id, reference_number, service_id, service_title, form_data, status, submission_date, estimated_completion, created_at, updated_at, service_type_id, applicant_region, applicant_phone, applicant_email)
VALUES
  ('8424793d-26d3-4b87-8c71-ed0fa42e2235', 'SUD-2025-1947', 'passports', 'جوازات السفر', '{"dob":"1990-05-15","city":"الرياض","email":"ahmed.mohamed@example.com","region":"riyadh","address":"شارع الملك فهد، حي النخيل، الرياض","isAdult":"yes","district":"النخيل","fullName":"أحمد محمد علي حسن","workplace":"شركة التقنية المتقدمة","nationalId":"1234567890","profession":"مهندس برمجيات","phoneNumber":"0501234567","passportType":"new","personalPhoto":[{}],"nationalIdCopyAdult":[{}]}'::jsonb, 'submitted', '2025-12-09T20:47:17.806+00:00', '2025-12-19T20:47:17.814+00:00', '2025-12-09T20:47:18.176831+00:00', '2025-12-09T20:47:18.176831+00:00', NULL, NULL, NULL, NULL),
  ('5a205423-ebb5-47b2-bda7-cb1112bcd99b', 'SUD-2025-8064', 'passports', 'جوازات السفر', '{"dob":"1990-05-15","city":"الرياض","email":"ahmed.mohamed@example.com","region":"riyadh","address":"شارع الملك فهد، حي النخيل، الرياض","isAdult":"yes","district":"النخيل","fullName":"أحمد محمد علي حسن","workplace":"شركة التقنية المتقدمة","nationalId":"1234567890","profession":"مهندس برمجيات","phoneNumber":"0501234567","passportType":"new","personalPhoto":[{}],"nationalIdCopyAdult":[{}]}'::jsonb, 'submitted', '2025-12-10T12:41:08.138+00:00', '2025-12-20T12:41:08.147+00:00', '2025-12-10T12:41:09.059702+00:00', '2025-12-10T12:41:09.059702+00:00', NULL, NULL, NULL, NULL),
  ('d0013cc4-c9bb-461c-879c-9b41bb0b4fe9', 'SUD-2025-4435', 'passports', 'جوازات السفر', '{"dob":"1990-05-15","city":"الرياض","email":"ahmed.mohamed@example.com","region":"riyadh","address":"شارع الملك فهد، حي النخيل، الرياض","isAdult":"yes","district":"النخيل","fullName":"أحمد محمد علي حسن","workplace":"شركة التقنية المتقدمة","nationalId":"1234567890","profession":"مهندس برمجيات","phoneNumber":"0501234567","passportType":"new","personalPhoto":[{}],"nationalIdCopyAdult":[{}]}'::jsonb, 'submitted', '2025-12-10T13:31:26.393+00:00', '2025-12-20T13:31:26.401+00:00', '2025-12-10T13:31:26.445605+00:00', '2025-12-10T13:31:26.445605+00:00', NULL, NULL, NULL, NULL),
  ('ca223f3e-017f-4ff7-89df-4bc8a961efa4', 'SUD-2025-3723', 'passports', 'جوازات السفر', '{"dob":"1990-05-15","city":"الرياض","email":"ahmed.mohamed@example.com","region":"riyadh","address":"شارع الملك فهد، حي النخيل، الرياض","isAdult":"yes","district":"النخيل","fullName":"أحمد محمد علي حسن","lossDate":"2024-01-15","workplace":"شركة التقنية المتقدمة","nationalId":"1234567890","profession":"مهندس برمجيات","phoneNumber":"0501234567","lossLocation":"جدة - حي النعيم","passportType":"new","personalPhoto":[{}],"nationalIdCopy":[{}],"oldPassportNumber":"P1234567","nationalIdCopyAdult":[{}]}'::jsonb, 'submitted', '2025-12-10T14:25:06.815+00:00', '2025-12-20T14:25:06.822+00:00', '2025-12-10T14:25:07.237715+00:00', '2025-12-10T14:25:07.237715+00:00', NULL, NULL, NULL, NULL),
  ('bccd283e-337e-494a-bbaa-cec113d51b2b', 'SUD-2025-2681', 'passports', 'جوازات السفر', '{"dob":"1990-05-15","city":"الرياض","email":"ahmed.mohamed@example.com","region":"riyadh","address":"شارع الملك فهد، حي النخيل، الرياض","isAdult":"yes","district":"النخيل","fullName":"أحمد محمد علي حسن","workplace":"شركة التقنية المتقدمة","nationalId":"1234567890","profession":"مهندس برمجيات","phoneNumber":"0501234567","passportType":"new","personalPhoto":[{}],"nationalIdCopyAdult":[{}]}'::jsonb, 'payment_completed', '2025-12-10T14:43:58.263+00:00', '2025-12-20T14:43:58.268+00:00', '2025-12-10T14:43:58.458478+00:00', '2025-12-12T10:09:15.669+00:00', NULL, NULL, NULL, NULL),
  ('d8afe655-ce74-405d-951a-0eead29b7961', 'SUD-2025-8743', 'passports', 'جوازات السفر', '{"dob":"1990-05-15","city":"الرياض","email":"ahmed.mohamed@example.com","region":"riyadh","address":"شارع الملك فهد، حي النخيل، الرياض","isAdult":"yes","district":"النخيل","fullName":"أحمد محمد علي حسن","lossDate":"2024-01-15","workplace":"شركة التقنية المتقدمة","nationalId":"1234567890","profession":"مهندس برمجيات","phoneNumber":"0501234567","lossLocation":"جدة - حي النعيم","passportCopy":[{"url":"https://qaioxhpcyzmamcvdqqub.supabase.co/storage/v1/object/public/documents/applications/1765378160511_eaaejp.jpg","name":"Untitled.jpg","size":"86.78 KB","type":"image/jpeg","uploadDate":"١٩‏/٦‏/١٤٤٧ هـ"}],"passportType":"renewal","personalPhoto":[{"url":"https://qaioxhpcyzmamcvdqqub.supabase.co/storage/v1/object/public/documents/applications/1765378158583_hj1lv.png","name":"screenshot (33).png","size":"183.27 KB","type":"image/png","uploadDate":"١٩‏/٦‏/١٤٤٧ هـ"}],"nationalIdCopy":[{"url":"https://qaioxhpcyzmamcvdqqub.supabase.co/storage/v1/object/public/documents/applications/1765378160155_kphyxm.pdf","name":"national-id.pdf","size":"0.03 KB","type":"application/pdf","uploadDate":"١٩‏/٦‏/١٤٤٧ هـ"}],"oldPassportNumber":"P1234567"}'::jsonb, 'shipping', '2025-12-10T14:49:18.579+00:00', '2025-12-20T14:49:18.583+00:00', '2025-12-10T14:49:21.307657+00:00', '2025-12-10T19:40:58.061+00:00', NULL, 'riyadh', '0501234567', 'ahmed.mohamed@example.com'),
  ('e1f252bf-323e-4bb2-8b02-117f26c9047b', 'SUD-2025-9582', 'passports', 'جوازات السفر', '{"dob":"1990-05-15","city":"الرياض","email":"ahmed.mohamed@example.com","region":"riyadh","address":"شارع الملك فهد، حي النخيل، الرياض","isAdult":"yes","district":"النخيل","fullName":"أحمد محمد علي حسن","lossDate":"2024-01-15","workplace":"شركة التقنية المتقدمة","nationalId":"1234567890","profession":"مهندس برمجيات","phoneNumber":"0501234567","lossLocation":"جدة - حي النعيم","passportCopy":[{"url":"https://qaioxhpcyzmamcvdqqub.supabase.co/storage/v1/object/public/documents/applications/1765443004993_orodg9.jpg","name":"Untitled.jpg","size":"86.78 KB","type":"image/jpeg","uploadDate":"٢٠‏/٦‏/١٤٤٧ هـ"}],"passportType":"replacement","personalPhoto":[{"url":"https://qaioxhpcyzmamcvdqqub.supabase.co/storage/v1/object/public/documents/applications/1765443003845_joj7.jpg","name":"photo.jpg","size":"0.03 KB","type":"image/jpeg","uploadDate":"٢٠‏/٦‏/١٤٤٧ هـ"}],"nationalIdCopy":[{"url":"https://qaioxhpcyzmamcvdqqub.supabase.co/storage/v1/object/public/documents/applications/1765443004616_o8mlra.pdf","name":"national-id.pdf","size":"0.03 KB","type":"application/pdf","uploadDate":"٢٠‏/٦‏/١٤٤٧ هـ"}],"oldPassportNumber":"P1234567"}'::jsonb, 'appointment_confirmed', '2025-12-11T08:50:03.837+00:00', '2025-12-21T08:50:03.844+00:00', '2025-12-11T08:50:05.705521+00:00', '2025-12-11T08:51:25.196+00:00', NULL, 'riyadh', '0501234567', 'ahmed.mohamed@example.com'),
  ('deeb4d81-0554-4f50-b525-225125d7a6f6', 'SUD-2025-5127', 'secondary', 'امتحانات الشهادة الثانوية', '{"dob":"1990-05-15","city":"الرياض","year":"209","email":"ahmed.mohamed@example.com","gender":"male","region":"riyadh","address":"شارع الملك فهد، حي النخيل، الرياض","isAdult":"yes","district":"النخيل","fullName":"أحمد محمد علي حسن","workplace":"شركة التقنية المتقدمة","motherName":"هنا السيد  احمد عادل","nationalId":"1234567890","profession":"مهندس برمجيات","schoolName":"الرواد","dateOfBirth":"2013-11-11","nationality":"sudanese","phoneNumber":"0501234567","specialCase":"","examLanguage":"arabic","mobileNumber":"0512345678","guardianPhone":"0512345678","referencePhone":"05012345678","electiveSubject":"biology","priorSeatNumber":"898980","referencePerson":"احمد","guardianRelation":"father","guardianWorkplace":"تست","qualificationType":"basic"}'::jsonb, 'approved', '2025-12-11T16:42:41.008+00:00', NULL, '2025-12-11T16:42:42.547355+00:00', '2025-12-17T19:14:40.899+00:00', NULL, 'riyadh', '0501234567', 'ahmed.mohamed@example.com'),
  ('969530bc-1269-467f-aebc-ef8e681c4dbf', 'SUD-2025-8654', 'passports', 'جوازات السفر', '{"dob":"1990-05-15","city":"الرياض","email":"ahmed.mohamed@example.com","region":"riyadh","address":"شارع الملك فهد، حي النخيل، الرياض","isAdult":"yes","district":"النخيل","fullName":"أحمد محمد علي حسن","lossDate":"2024-01-15","workplace":"شركة التقنية المتقدمة","nationalId":"1234567890","profession":"مهندس برمجيات","phoneNumber":"0501234567","lossLocation":"جدة - حي النعيم","passportCopy":[{"url":"https://qaioxhpcyzmamcvdqqub.supabase.co/storage/v1/object/public/documents/applications/1765529664208_7iagjl.jpg","name":"Untitled.jpg","size":"86.78 KB","type":"image/jpeg","uploadDate":"٢١‏/٦‏/١٤٤٧ هـ"}],"passportType":"renewal","parentConsent":"no","personalPhoto":[{"url":"https://qaioxhpcyzmamcvdqqub.supabase.co/storage/v1/object/public/documents/applications/1765529662827_da6ain.jpg","name":"photo.jpg","size":"0.03 KB","type":"image/jpeg","uploadDate":"٢١‏/٦‏/١٤٤٧ هـ"}],"nationalIdCopy":[{"url":"https://qaioxhpcyzmamcvdqqub.supabase.co/storage/v1/object/public/documents/applications/1765529663855_5geu7d.pdf","name":"national-id.pdf","size":"0.03 KB","type":"application/pdf","uploadDate":"٢١‏/٦‏/١٤٤٧ هـ"}],"oldPassportNumber":"P1234567"}'::jsonb, 'payment_completed', '2025-12-12T08:54:22.818+00:00', '2025-12-22T08:54:22.826+00:00', '2025-12-12T08:54:25.14818+00:00', '2025-12-12T18:10:52.096+00:00', NULL, 'riyadh', '0501234567', 'ahmed.mohamed@example.com'),
  ('95300fb1-3c4f-4dec-8dca-2056c9660b7d', 'REF-20251212-0001', 'passports', 'جوازات السفر', '{"dob":"1990-05-15","city":"الرياض","email":"ahmed.mohamed@example.com","region":"riyadh","address":"شارع الملك فهد، حي النخيل، الرياض","isAdult":"yes","district":"النخيل","fullName":"أحمد محمد علي حسن","lossDate":"2024-01-15","workplace":"شركة التقنية المتقدمة","nationalId":"1234567890","profession":"مهندس برمجيات","phoneNumber":"0501234567","lossLocation":"جدة - حي النعيم","passportType":"new","personalPhoto":[{"url":"https://qaioxhpcyzmamcvdqqub.supabase.co/storage/v1/object/public/documents/applications/1765578724945_gz3bpj.jpg","name":"photo.jpg","size":"0.03 KB","type":"image/jpeg","uploadDate":"٢٢‏/٦‏/١٤٤٧ هـ"}],"nationalIdCopy":[{"url":"https://qaioxhpcyzmamcvdqqub.supabase.co/storage/v1/object/public/documents/applications/1765578725391_4wip6t.pdf","name":"national-id.pdf","size":"0.03 KB","type":"application/pdf","uploadDate":"٢٢‏/٦‏/١٤٤٧ هـ"}],"oldPassportNumber":"P1234567","nationalIdCopyAdult":[{"url":"https://qaioxhpcyzmamcvdqqub.supabase.co/storage/v1/object/public/documents/applications/1765578725727_a3et6i.pdf","name":"educational-card-EDU-202512-0001.pdf","size":"14121.30 KB","type":"application/pdf","uploadDate":"٢٢‏/٦‏/١٤٤٧ هـ"}]}'::jsonb, 'shipping', '2025-12-12T22:33:01.687+00:00', NULL, '2025-12-12T22:33:02.365536+00:00', '2025-12-13T21:01:00.441+00:00', NULL, 'riyadh', '0501234567', 'ahmed.mohamed@example.com'),
  ('69f91b59-3048-4dea-8ad1-a884a0159390', 'REF-20251213-0001', 'attestations', 'التصديقات', '{"dob":"1990-05-15","city":"الرياض","email":"ahmed.mohamed@example.com","files":[{}],"region":"riyadh","address":"شارع الملك فهد، حي النخيل، الرياض","docType":"educational","isAdult":"yes","purpose":"للعمل في المملكة العربية السعودية","district":"النخيل","docTitle":"شهادة البكالوريوس في الهندسة","fullName":"أحمد محمد علي حسن","docNumber":"DEG-2015-1234","issueDate":"2015-06-20","workplace":"شركة التقنية المتقدمة","nationalId":"1234567890","profession":"مهندس برمجيات","phoneNumber":"0501234567","issuingAuthority":"جامعة الخرطوم","document_42c79dfb-4a7f-4978-b871-23edaf118200":[{}],"document_44943533-1607-4a7d-8da0-79f0997135b5":[{}]}'::jsonb, 'appointment_confirmed', '2025-12-13T11:36:36.238+00:00', NULL, '2025-12-13T11:36:36.398185+00:00', '2025-12-13T20:49:37.416+00:00', NULL, 'riyadh', '0501234567', 'ahmed.mohamed@example.com'),
  ('c9021597-339f-478c-b57f-81d7d36fcd07', 'REF-20251214-0001', 'general', 'توكيلات منوعة', '{"dob":"1990-05-15","city":"الرياض","email":"mohamed.ahmed@example.com","phone":"0501234567","region":"riyadh","address":"شارع الملك فهد، حي النخيل، الرياض","agentId":"P0987654","isAdult":"yes","bankName":"alrajhi","district":"النخيل","fullName":"أحمد محمد علي حسن","poaScope":"توكيل عام لإدارة حساب بنكي رقم SA0310000000000000000000 في مصرف الراجحي، يشمل الصلاحيات التالية:\n- الاستعلام عن الرصيد\n- السحب والإيداع\n- التحويلات البنكية\n- استلام كشف الحساب\n- تحديث البيانات الشخصية","agentName":"علي محمد أحمد حسن","workplace":"شركة التقنية المتقدمة","nationalId":"1234567890","profession":"مهندس برمجيات","witness1Id":"P5555555","witness2Id":"P6666666","agentIdCopy":[{}],"generalType":"account_management","phoneNumber":"0501234567","principalId":"P1234567","witness1Name":"حسن محمد عبدالله أحمد","witness2Name":"سارة علي حسن محمد","accountNumber":"SA0310000000000000000000","principalName":"محمد أحمد علي حسن","poaUsageCountry":"saudi_arabia","principalIdCopy":[{}],"document_20154e1d-d244-4974-ad7e-cdc5857a4bc9":[{}],"document_b837419e-2982-451c-9fca-81fa044c613f":[{}],"document_feb028eb-e578-4276-bab6-e405734aae94":[{}]}'::jsonb, 'submitted', '2025-12-14T17:42:43.766+00:00', NULL, '2025-12-14T17:42:43.799331+00:00', '2025-12-14T17:42:43.799331+00:00', NULL, 'riyadh', '0501234567', 'mohamed.ahmed@example.com'),
  ('08b90be0-776c-4565-96e4-cbec29780ed2', 'REF-20251214-0002', 'passports', 'جوازات السفر', '{"dob":"1990-05-15","city":"الرياض","email":"ahmed.test@example.com","notes":"هذه بيانات تجريبية للاختبار فقط","gender":"male","height":"123","region":"منطقة الرياض","address":"شارع الملك فهد، حي العليا، الرياض 12345","isAdult":"yes","district":"العليا","eyeColor":"black","fullName":"أحمد محمد السعيد الخليفة","agentName":"عبدالله محمد أحمد","birthDate":"1990-05-15","hairColor":"black","workplace":"شركة التقنية المتقدمة","birthPlace":"الخرطوم","fatherName":"محمد السعيد","motherName":"فاطمة أحمد","nationalId":"P5719679","profession":"مهندس برمجيات","arrivalDate":"2025-01-15","nationality":"سوداني","phoneNumber":"0562705344","serviceSlug":"passports","lossLocation":"قيمة تجريبية لـ مكان الفقدان","passportType":"new","purposeOfPOA":"إنهاء معاملات حكومية","maritalStatus":"married","parentConsent":"yes","paymentMethod":"card","travelPurpose":"work","educationLevel":"university","passportNumber":"A12345678","agentNationalId":"A98765432","emergencyReason":"قيمة تجريبية لـ سبب طلب وثيقة السفر الاضطرارية","grandFatherName":"السعيد الخليفة","distinctiveMarks":"قيمة تجريبية لـ العلامات المميزة","agentRelationship":"أخ","oldPassportNumber":"قيمة تجريبية لـ رقم الجواز القديم","passportIssueDate":"2020-01-15","passportExpiryDate":"2030-01-15","currentPassportNumber":"A98765432","document_e1f9c246-a267-43c5-84c5-2da11aa8ae61":[{}]}'::jsonb, 'submitted', '2025-12-14T22:59:15.501+00:00', NULL, '2025-12-14T22:59:15.547343+00:00', '2025-12-14T22:59:15.547343+00:00', NULL, 'منطقة الرياض', '0562705344', 'ahmed.test@example.com'),
  ('6f4856a5-4f68-42b5-a61d-e267bf599ecb', 'REF-20251214-0003', 'passports', 'جوازات السفر', '{"dob":"1990-05-15","city":"الرياض","email":"ahmed.test@example.com","notes":"هذه بيانات تجريبية للاختبار فقط","gender":"male","height":"123","region":"منطقة الرياض","address":"شارع الملك فهد، حي العليا، الرياض 12345","isAdult":"yes","district":"العليا","eyeColor":"black","fullName":"أحمد محمد السعيد الخليفة","agentName":"عبدالله محمد أحمد","birthDate":"1990-05-15","hairColor":"black","workplace":"شركة التقنية المتقدمة","birthPlace":"الخرطوم","fatherName":"محمد السعيد","motherName":"فاطمة أحمد","nationalId":"P3638267","profession":"مهندس برمجيات","arrivalDate":"2025-01-15","nationality":"سوداني","phoneNumber":"0537855792","serviceSlug":"passports","lossLocation":"قيمة تجريبية لـ مكان الفقدان","passportType":"new","purposeOfPOA":"إنهاء معاملات حكومية","maritalStatus":"married","parentConsent":"yes","paymentMethod":"card","travelPurpose":"work","educationLevel":"university","passportNumber":"A12345678","agentNationalId":"A98765432","emergencyReason":"قيمة تجريبية لـ سبب طلب وثيقة السفر الاضطرارية","grandFatherName":"السعيد الخليفة","distinctiveMarks":"قيمة تجريبية لـ العلامات المميزة","agentRelationship":"أخ","oldPassportNumber":"قيمة تجريبية لـ رقم الجواز القديم","passportIssueDate":"2020-01-15","passportExpiryDate":"2030-01-15","currentPassportNumber":"A98765432","document_e1f9c246-a267-43c5-84c5-2da11aa8ae61":[{}]}'::jsonb, 'submitted', '2025-12-14T23:07:17.841+00:00', NULL, '2025-12-14T23:07:17.902382+00:00', '2025-12-14T23:07:17.902382+00:00', NULL, 'منطقة الرياض', '0537855792', 'ahmed.test@example.com'),
  ('19cd9576-0291-4d26-aedf-5649c2bf63a7', 'REF-20251214-0004', 'passports', 'جوازات السفر', '{"dob":"1990-05-15","city":"الرياض","email":"ahmed.test@example.com","notes":"هذه بيانات تجريبية للاختبار فقط","gender":"male","height":"123","region":"منطقة الرياض","address":"شارع الملك فهد، حي العليا، الرياض 12345","isAdult":"yes","district":"العليا","eyeColor":"black","fullName":"أحمد محمد السعيد الخليفة","agentName":"عبدالله محمد أحمد","birthDate":"1990-05-15","hairColor":"black","workplace":"شركة التقنية المتقدمة","birthPlace":"الخرطوم","fatherName":"محمد السعيد","motherName":"فاطمة أحمد","nationalId":"P6652131","profession":"مهندس برمجيات","arrivalDate":"2025-01-15","nationality":"سوداني","phoneNumber":"0514165635","serviceSlug":"passports","lossLocation":"قيمة تجريبية لـ مكان الفقدان","passportType":"new","purposeOfPOA":"إنهاء معاملات حكومية","maritalStatus":"married","parentConsent":"yes","paymentMethod":"card","travelPurpose":"work","educationLevel":"university","passportNumber":"A12345678","agentNationalId":"A98765432","emergencyReason":"قيمة تجريبية لـ سبب طلب وثيقة السفر الاضطرارية","grandFatherName":"السعيد الخليفة","distinctiveMarks":"قيمة تجريبية لـ العلامات المميزة","agentRelationship":"أخ","oldPassportNumber":"قيمة تجريبية لـ رقم الجواز القديم","passportIssueDate":"2020-01-15","passportExpiryDate":"2030-01-15","currentPassportNumber":"A98765432","document_e1f9c246-a267-43c5-84c5-2da11aa8ae61":[{}]}'::jsonb, 'submitted', '2025-12-14T23:10:18.551+00:00', NULL, '2025-12-14T23:10:18.53761+00:00', '2025-12-14T23:10:18.53761+00:00', NULL, 'منطقة الرياض', '0514165635', 'ahmed.test@example.com'),
  ('23afaf23-6725-4797-a354-e97cddcac995', 'REF-20251215-0001', 'passports', 'جوازات السفر', '{"dob":"1990-05-15","city":"الرياض","email":"ahmed.test@example.com","notes":"هذه بيانات تجريبية للاختبار فقط","gender":"male","height":"123","region":"منطقة الرياض","address":"شارع الملك فهد، حي العليا، الرياض 12345","isAdult":"yes","district":"العليا","eyeColor":"black","fullName":"أحمد محمد السعيد الخليفة","agentName":"عبدالله محمد أحمد","birthDate":"1990-05-15","hairColor":"black","workplace":"شركة التقنية المتقدمة","birthPlace":"الخرطوم","fatherName":"محمد السعيد","motherName":"فاطمة أحمد","nationalId":"P3823285","profession":"مهندس برمجيات","arrivalDate":"2025-01-15","nationality":"سوداني","phoneNumber":"0543737900","serviceSlug":"passports","lossLocation":"قيمة تجريبية لـ مكان الفقدان","passportType":"new","purposeOfPOA":"إنهاء معاملات حكومية","maritalStatus":"married","parentConsent":"yes","paymentMethod":"card","travelPurpose":"work","educationLevel":"university","passportNumber":"A12345678","agentNationalId":"A98765432","emergencyReason":"قيمة تجريبية لـ سبب طلب وثيقة السفر الاضطرارية","grandFatherName":"السعيد الخليفة","distinctiveMarks":"قيمة تجريبية لـ العلامات المميزة","agentRelationship":"أخ","oldPassportNumber":"قيمة تجريبية لـ رقم الجواز القديم","passportIssueDate":"2020-01-15","passportExpiryDate":"2030-01-15","currentPassportNumber":"A98765432","document_e1f9c246-a267-43c5-84c5-2da11aa8ae61":[{"url":"https://qaioxhpcyzmamcvdqqub.supabase.co/storage/v1/object/public/documents/applications/1765816625181_gs2ghy.jpg","name":"Untitled.jpg","size":"86.78 KB","type":"image/jpeg","uploadDate":"١٥‏/١٢‏/٢٠٢٥"}],"document_e1f9c246-a267-43c5-84c5-2da11aa8ae61_label":"صورة شخصية"}'::jsonb, 'submitted', '2025-12-15T16:37:06.273+00:00', NULL, '2025-12-15T16:37:05.137314+00:00', '2025-12-15T16:37:05.137314+00:00', NULL, 'منطقة الرياض', '0543737900', 'ahmed.test@example.com'),
  ('2832e77b-d2ac-4fb4-8efa-abff47e4d646', 'REF-20251215-0002', 'passports', 'جوازات السفر', '{"dob":"1990-05-15","city":"الرياض","email":"ahmed.test@example.com","notes":"هذه بيانات تجريبية للاختبار فقط","gender":"male","height":"123","region":"منطقة الرياض","address":"شارع الملك فهد، حي العليا، الرياض 12345","isAdult":"yes","district":"العليا","eyeColor":"black","fullName":"أحمد محمد السعيد الخليفة","agentName":"عبدالله محمد أحمد","birthDate":"1990-05-15","hairColor":"black","workplace":"شركة التقنية المتقدمة","birthPlace":"الخرطوم","fatherName":"محمد السعيد","motherName":"فاطمة أحمد","nationalId":"P4972168","profession":"مهندس برمجيات","arrivalDate":"2025-01-15","nationality":"سوداني","phoneNumber":"0540611517","serviceSlug":"passports","lossLocation":"قيمة تجريبية لـ مكان الفقدان","passportType":"renewal","purposeOfPOA":"إنهاء معاملات حكومية","maritalStatus":"married","parentConsent":"yes","paymentMethod":"card","travelPurpose":"work","educationLevel":"university","passportNumber":"A12345678","agentNationalId":"A98765432","emergencyReason":"قيمة تجريبية لـ سبب طلب وثيقة السفر الاضطرارية","grandFatherName":"السعيد الخليفة","distinctiveMarks":"قيمة تجريبية لـ العلامات المميزة","agentRelationship":"أخ","oldPassportNumber":"قيمة تجريبية لـ رقم الجواز القديم","passportIssueDate":"2020-01-15","passportExpiryDate":"2030-01-15","currentPassportNumber":"A98765432","document_48295717-0eaf-46bc-8524-b1ec09105217":[{"url":"https://qaioxhpcyzmamcvdqqub.supabase.co/storage/v1/object/public/documents/applications/1765817854218_cosvcl.pdf","name":"applications_2025-12-12.pdf","size":"19.25 KB","type":"application/pdf","uploadDate":"١٥‏/١٢‏/٢٠٢٥"}],"document_94650812-3d6c-4733-a3bf-0a9be5c69bc9":[{"url":"https://qaioxhpcyzmamcvdqqub.supabase.co/storage/v1/object/public/documents/applications/1765817853789_5auuav.pdf","name":"applications_2025-12-12.pdf","size":"19.25 KB","type":"application/pdf","uploadDate":"١٥‏/١٢‏/٢٠٢٥"}],"document_e1f9c246-a267-43c5-84c5-2da11aa8ae61":[{"url":"https://qaioxhpcyzmamcvdqqub.supabase.co/storage/v1/object/public/documents/applications/1765817852512_fdopme.pdf","name":"applications_2025-12-12.pdf","size":"19.25 KB","type":"application/pdf","uploadDate":"١٥‏/١٢‏/٢٠٢٥"}],"document_48295717-0eaf-46bc-8524-b1ec09105217_label":"صورة من الرقم الوطني","document_94650812-3d6c-4733-a3bf-0a9be5c69bc9_label":"صورة من الجواز القديم","document_e1f9c246-a267-43c5-84c5-2da11aa8ae61_label":"صورة شخصية"}'::jsonb, 'submitted', '2025-12-15T16:57:34.675+00:00', NULL, '2025-12-15T16:57:33.126751+00:00', '2025-12-15T16:57:33.126751+00:00', NULL, 'منطقة الرياض', '0540611517', 'ahmed.test@example.com'),
  ('922effa9-e47f-4ae6-934d-1f16372c3c14', 'REF-20251215-0003', 'passports', 'جوازات السفر', '{"dob":"1990-05-15","city":"الرياض","email":"ahmed.test@example.com","notes":"هذه بيانات تجريبية للاختبار فقط","gender":"male","height":"123","region":"منطقة الرياض","address":"شارع الملك فهد، حي العليا، الرياض 12345","isAdult":"yes","district":"العليا","eyeColor":"black","fullName":"أحمد محمد السعيد الخليفة","agentName":"عبدالله محمد أحمد","birthDate":"1990-05-15","hairColor":"black","workplace":"شركة التقنية المتقدمة","birthPlace":"الخرطوم","fatherName":"محمد السعيد","motherName":"فاطمة أحمد","nationalId":"P8604612","profession":"مهندس برمجيات","arrivalDate":"2025-01-15","nationality":"سوداني","phoneNumber":"0517778686","serviceSlug":"passports","lossLocation":"قيمة تجريبية لـ مكان الفقدان","passportType":"new","purposeOfPOA":"إنهاء معاملات حكومية","maritalStatus":"married","parentConsent":"yes","paymentMethod":"card","travelPurpose":"work","educationLevel":"university","passportNumber":"A12345678","agentNationalId":"A98765432","emergencyReason":"قيمة تجريبية لـ سبب طلب وثيقة السفر الاضطرارية","grandFatherName":"السعيد الخليفة","distinctiveMarks":"قيمة تجريبية لـ العلامات المميزة","agentRelationship":"أخ","oldPassportNumber":"قيمة تجريبية لـ رقم الجواز القديم","passportIssueDate":"2020-01-15","passportExpiryDate":"2030-01-15","currentPassportNumber":"A98765432","document_e1f9c246-a267-43c5-84c5-2da11aa8ae61":[{"url":"https://qaioxhpcyzmamcvdqqub.supabase.co/storage/v1/object/public/documents/applications/1765818927593_hp6zqe.pdf","name":"applications_2025-12-12.pdf","size":"19.25 KB","type":"application/pdf","uploadDate":"١٥‏/١٢‏/٢٠٢٥"}],"document_e1f9c246-a267-43c5-84c5-2da11aa8ae61_label":"صورة شخصية"}'::jsonb, 'submitted', '2025-12-15T17:15:28.3+00:00', NULL, '2025-12-15T17:15:28.412232+00:00', '2025-12-15T17:15:28.412232+00:00', NULL, 'منطقة الرياض', '0517778686', 'ahmed.test@example.com'),
  ('e865388d-e65c-43f1-8960-ea6a782ee066', 'REF-20251215-0004', 'passports', 'جوازات السفر', '{"dob":"1990-05-15","city":"الرياض","email":"ahmed.test@example.com","notes":"هذه بيانات تجريبية للاختبار فقط","gender":"male","height":"123","region":"منطقة الرياض","address":"شارع الملك فهد، حي العليا، الرياض 12345","isAdult":"yes","district":"العليا","eyeColor":"black","fullName":"أحمد محمد السعيد الخليفة","agentName":"عبدالله محمد أحمد","birthDate":"1990-05-15","hairColor":"black","workplace":"شركة التقنية المتقدمة","birthPlace":"الخرطوم","fatherName":"محمد السعيد","motherName":"فاطمة أحمد","nationalId":"P4694937","profession":"مهندس برمجيات","arrivalDate":"2025-01-15","nationality":"سوداني","phoneNumber":"0547096770","serviceSlug":"passports","lossLocation":"قيمة تجريبية لـ مكان الفقدان","passportType":"renewal","purposeOfPOA":"إنهاء معاملات حكومية","maritalStatus":"married","parentConsent":"yes","paymentMethod":"card","travelPurpose":"work","educationLevel":"university","passportNumber":"A12345678","agentNationalId":"A98765432","emergencyReason":"قيمة تجريبية لـ سبب طلب وثيقة السفر الاضطرارية","grandFatherName":"السعيد الخليفة","distinctiveMarks":"قيمة تجريبية لـ العلامات المميزة","agentRelationship":"أخ","oldPassportNumber":"قيمة تجريبية لـ رقم الجواز القديم","passportIssueDate":"2020-01-15","passportExpiryDate":"2030-01-15","currentPassportNumber":"A98765432","document_48295717-0eaf-46bc-8524-b1ec09105217":[{"url":"https://qaioxhpcyzmamcvdqqub.supabase.co/storage/v1/object/public/documents/applications/1765826688609_kzrs1.pdf","name":"educational-card-EDU-202512-0001.pdf","size":"14121.30 KB","type":"application/pdf","uploadDate":"١٥‏/١٢‏/٢٠٢٥"}],"document_94650812-3d6c-4733-a3bf-0a9be5c69bc9":[{"url":"https://qaioxhpcyzmamcvdqqub.supabase.co/storage/v1/object/public/documents/applications/1765826651176_zwz0kk.pdf","name":"invoice-INV-2025-0001.pdf","size":"8510.41 KB","type":"application/pdf","uploadDate":"١٥‏/١٢‏/٢٠٢٥"}],"document_e1f9c246-a267-43c5-84c5-2da11aa8ae61":[{"url":"https://qaioxhpcyzmamcvdqqub.supabase.co/storage/v1/object/public/documents/applications/1765826650112_4fj0no.pdf","name":"applications_2025-12-12.pdf","size":"19.25 KB","type":"application/pdf","uploadDate":"١٥‏/١٢‏/٢٠٢٥"}],"document_48295717-0eaf-46bc-8524-b1ec09105217_label":"صورة من الرقم الوطني","document_94650812-3d6c-4733-a3bf-0a9be5c69bc9_label":"صورة من الجواز القديم","document_e1f9c246-a267-43c5-84c5-2da11aa8ae61_label":"صورة شخصية"}'::jsonb, 'submitted', '2025-12-15T19:25:41.272+00:00', NULL, '2025-12-15T19:25:41.542077+00:00', '2025-12-15T19:25:41.542077+00:00', NULL, 'منطقة الرياض', '0547096770', 'ahmed.test@example.com'),
  ('51b5ccd9-f2e4-4dc9-82de-fe7d9e74f648', 'REF-20251215-0005', 'passports', 'جوازات السفر', '{"dob":"1990-05-15","city":"الرياض","email":"ahmed.test@example.com","notes":"هذه بيانات تجريبية للاختبار فقط","gender":"male","height":"123","region":"منطقة الرياض","address":"شارع الملك فهد، حي العليا، الرياض 12345","isAdult":"yes","district":"العليا","eyeColor":"black","fullName":"أحمد محمد السعيد الخليفة","agentName":"عبدالله محمد أحمد","birthDate":"1990-05-15","hairColor":"black","workplace":"شركة التقنية المتقدمة","birthPlace":"الخرطوم","fatherName":"محمد السعيد","motherName":"فاطمة أحمد","nationalId":"P9329533","profession":"مهندس برمجيات","arrivalDate":"2025-01-15","nationality":"سوداني","phoneNumber":"0569891519","serviceSlug":"passports","lossLocation":"قيمة تجريبية لـ مكان الفقدان","passportType":"renewal","purposeOfPOA":"إنهاء معاملات حكومية","maritalStatus":"married","parentConsent":"yes","paymentMethod":"card","travelPurpose":"work","educationLevel":"university","passportNumber":"A12345678","agentNationalId":"A98765432","emergencyReason":"قيمة تجريبية لـ سبب طلب وثيقة السفر الاضطرارية","grandFatherName":"السعيد الخليفة","distinctiveMarks":"قيمة تجريبية لـ العلامات المميزة","agentRelationship":"أخ","oldPassportNumber":"قيمة تجريبية لـ رقم الجواز القديم","passportIssueDate":"2020-01-15","passportExpiryDate":"2030-01-15","currentPassportNumber":"A98765432","document_48295717-0eaf-46bc-8524-b1ec09105217":[{"url":"https://qaioxhpcyzmamcvdqqub.supabase.co/storage/v1/object/public/documents/applications/1765826818429_3ros3di.pdf","name":"educational-card-EDU-202512-0001.pdf","size":"14121.30 KB","type":"application/pdf","uploadDate":"١٥‏/١٢‏/٢٠٢٥"}],"document_94650812-3d6c-4733-a3bf-0a9be5c69bc9":[{"url":"https://qaioxhpcyzmamcvdqqub.supabase.co/storage/v1/object/public/documents/applications/1765826792021_6m1oob.pdf","name":"invoice-INV-2025-0001.pdf","size":"8510.41 KB","type":"application/pdf","uploadDate":"١٥‏/١٢‏/٢٠٢٥"}],"document_e1f9c246-a267-43c5-84c5-2da11aa8ae61":[{"url":"https://qaioxhpcyzmamcvdqqub.supabase.co/storage/v1/object/public/documents/applications/1765826791382_p8k7vi.pdf","name":"applications_2025-12-12.pdf","size":"19.25 KB","type":"application/pdf","uploadDate":"١٥‏/١٢‏/٢٠٢٥"}],"document_48295717-0eaf-46bc-8524-b1ec09105217_label":"صورة من الرقم الوطني","document_94650812-3d6c-4733-a3bf-0a9be5c69bc9_label":"صورة من الجواز القديم","document_e1f9c246-a267-43c5-84c5-2da11aa8ae61_label":"صورة شخصية"}'::jsonb, 'submitted', '2025-12-15T19:27:41.842+00:00', NULL, '2025-12-15T19:27:42.041844+00:00', '2025-12-15T19:27:42.041844+00:00', NULL, 'منطقة الرياض', '0569891519', 'ahmed.test@example.com'),
  ('e95ecbee-b0f9-4a38-b58d-aaac879cd2e1', 'REF-20251215-0006', 'passports', 'جوازات السفر', '{"dob":"1990-05-15","city":"الرياض","email":"ahmed.test@example.com","notes":"هذه بيانات تجريبية للاختبار فقط","gender":"male","height":"123","region":"منطقة الرياض","address":"شارع الملك فهد، حي العليا، الرياض 12345","isAdult":"yes","district":"العليا","eyeColor":"black","fullName":"أحمد محمد السعيد الخليفة","agentName":"عبدالله محمد أحمد","birthDate":"1990-05-15","hairColor":"black","workplace":"شركة التقنية المتقدمة","birthPlace":"الخرطوم","fatherName":"محمد السعيد","motherName":"فاطمة أحمد","nationalId":"P7178094","profession":"مهندس برمجيات","arrivalDate":"2025-01-15","nationality":"سوداني","phoneNumber":"0586167069","serviceSlug":"passports","lossLocation":"قيمة تجريبية لـ مكان الفقدان","passportType":"renewal","purposeOfPOA":"إنهاء معاملات حكومية","maritalStatus":"married","parentConsent":"yes","paymentMethod":"card","travelPurpose":"work","educationLevel":"university","passportNumber":"A12345678","agentNationalId":"A98765432","emergencyReason":"قيمة تجريبية لـ سبب طلب وثيقة السفر الاضطرارية","grandFatherName":"السعيد الخليفة","distinctiveMarks":"قيمة تجريبية لـ العلامات المميزة","agentRelationship":"أخ","oldPassportNumber":"قيمة تجريبية لـ رقم الجواز القديم","passportIssueDate":"2020-01-15","passportExpiryDate":"2030-01-15","currentPassportNumber":"A98765432","document_48295717-0eaf-46bc-8524-b1ec09105217":[{"url":"https://qaioxhpcyzmamcvdqqub.supabase.co/storage/v1/object/public/documents/applications/1765827129828_wep6fm.pdf","name":"educational-card-EDU-202512-0001.pdf","size":"14121.30 KB","type":"application/pdf","uploadDate":"١٥‏/١٢‏/٢٠٢٥"}],"document_94650812-3d6c-4733-a3bf-0a9be5c69bc9":[{"url":"https://qaioxhpcyzmamcvdqqub.supabase.co/storage/v1/object/public/documents/applications/1765827129828_at86td.pdf","name":"invoice-INV-2025-0001.pdf","size":"8510.41 KB","type":"application/pdf","uploadDate":"١٥‏/١٢‏/٢٠٢٥"}],"document_e1f9c246-a267-43c5-84c5-2da11aa8ae61":[{"url":"https://qaioxhpcyzmamcvdqqub.supabase.co/storage/v1/object/public/documents/applications/1765827129827_krp08r.pdf","name":"applications_2025-12-12.pdf","size":"19.25 KB","type":"application/pdf","uploadDate":"١٥‏/١٢‏/٢٠٢٥"}],"document_48295717-0eaf-46bc-8524-b1ec09105217_label":"صورة من الرقم الوطني","document_94650812-3d6c-4733-a3bf-0a9be5c69bc9_label":"صورة من الجواز القديم","document_e1f9c246-a267-43c5-84c5-2da11aa8ae61_label":"صورة شخصية"}'::jsonb, 'submitted', '2025-12-15T19:33:21.072+00:00', NULL, '2025-12-15T19:33:21.256491+00:00', '2025-12-15T19:33:21.256491+00:00', NULL, 'منطقة الرياض', '0586167069', 'ahmed.test@example.com'),
  ('52819d83-49c5-458e-85ec-cd90f6cf7886', 'REF-20251215-0007', 'passports', 'جوازات السفر', '{"dob":"1990-05-15","city":"الرياض","email":"ahmed.test@example.com","notes":"هذه بيانات تجريبية للاختبار فقط","gender":"male","height":"123","region":"منطقة الرياض","address":"شارع الملك فهد، حي العليا، الرياض 12345","isAdult":"yes","district":"العليا","eyeColor":"black","fullName":"أحمد محمد السعيد الخليفة","agentName":"عبدالله محمد أحمد","birthDate":"1990-05-15","hairColor":"black","workplace":"شركة التقنية المتقدمة","birthPlace":"الخرطوم","fatherName":"محمد السعيد","motherName":"فاطمة أحمد","nationalId":"P9153183","profession":"مهندس برمجيات","arrivalDate":"2025-01-15","nationality":"سوداني","phoneNumber":"0537237326","serviceSlug":"passports","lossLocation":"قيمة تجريبية لـ مكان الفقدان","passportType":"new","purposeOfPOA":"إنهاء معاملات حكومية","maritalStatus":"married","parentConsent":"yes","paymentMethod":"card","travelPurpose":"work","educationLevel":"university","passportNumber":"A12345678","agentNationalId":"A98765432","emergencyReason":"قيمة تجريبية لـ سبب طلب وثيقة السفر الاضطرارية","grandFatherName":"السعيد الخليفة","distinctiveMarks":"قيمة تجريبية لـ العلامات المميزة","agentRelationship":"أخ","oldPassportNumber":"قيمة تجريبية لـ رقم الجواز القديم","passportIssueDate":"2020-01-15","passportExpiryDate":"2030-01-15","field_1765751730852":[],"currentPassportNumber":"A98765432","document_e1f9c246-a267-43c5-84c5-2da11aa8ae61":[{"url":"https://qaioxhpcyzmamcvdqqub.supabase.co/storage/v1/object/public/documents/applications/1765830329520_3li5or.png","name":"screenshot (33).png","size":"183.27 KB","type":"image/png","uploadDate":"١٥‏/١٢‏/٢٠٢٥"}],"document_e1f9c246-a267-43c5-84c5-2da11aa8ae61_label":"صورة شخصية"}'::jsonb, 'appointment_confirmed', '2025-12-15T20:25:30.731+00:00', NULL, '2025-12-15T20:25:30.929111+00:00', '2025-12-15T21:13:24.783+00:00', NULL, 'منطقة الرياض', '0537237326', 'ahmed.test@example.com'),
  ('9c3be041-0ce1-45bd-99e7-f168658b76a6', 'REF-20251217-0001', 'primary', 'امتحانات الشهادة الابتدائية', '{"dob":"1990-05-15","city":"الرياض","email":"ahmed.test@example.com","notes":"هذه بيانات تجريبية للاختبار فقط","gender":"male","region":"منطقة الرياض","address":"شارع الملك فهد، حي العليا، الرياض 12345","isAdult":"yes","district":"العليا","fullName":"أحمد محمد السعيد الخليفة","agentName":"عبدالله محمد أحمد","birthDate":"1990-05-15","workplace":"شركة التقنية المتقدمة","birthPlace":"الخرطوم","fatherName":"محمد السعيد","motherName":"فاطمة أحمد","nationalId":"P9022854","profession":"مهندس برمجيات","schoolName":"قيمة تجريبية لـ اسم المدرسة","dateOfBirth":"2025-01-15","nationality":"sudanese","phoneNumber":"0521696331","serviceSlug":"primary","specialCase":"","examLanguage":"arabic","guardianName":"قيمة تجريبية لـ اسم ولي الأمر","mobileNumber":"0501234567","passportType":"ordinary","purposeOfPOA":"إنهاء معاملات حكومية","guardianPhone":"0501234567","maritalStatus":"married","paymentMethod":"card","travelPurpose":"work","educationLevel":"university","passportNumber":"A12345678","agentNationalId":"A98765432","grandFatherName":"السعيد الخليفة","agentRelationship":"أخ","guardianWorkplace":"قيمة تجريبية لـ مكان العمل","passportIssueDate":"2020-01-15","passportExpiryDate":"2030-01-15","specificNationality":"قيمة تجريبية لـ نوع الجنسية","currentPassportNumber":"A98765432","specialCaseDescription":"قيمة تجريبية لـ وصف الحالة الخاصة","document_809f7575-2fe8-492e-846e-1909090de1bf":[{"url":"https://qaioxhpcyzmamcvdqqub.supabase.co/storage/v1/object/public/documents/applications/1765998285698_tpzg9r.jpg","name":"Scientific Thought Company.jpg","size":"371.66 KB","type":"image/jpeg","uploadDate":"١٧‏/١٢‏/٢٠٢٥"}],"document_8af5ff0a-b945-4291-b91c-656cf5ec5a51":[{"url":"https://qaioxhpcyzmamcvdqqub.supabase.co/storage/v1/object/public/documents/applications/1765998285699_flzwjb.jpg","name":"Scientific Thought Company.jpg","size":"371.66 KB","type":"image/jpeg","uploadDate":"١٧‏/١٢‏/٢٠٢٥"}],"document_b1909391-02ab-486a-a070-c2adc274a7d3":[{"url":"https://qaioxhpcyzmamcvdqqub.supabase.co/storage/v1/object/public/documents/applications/1765998285699_f6kk0w.jpg","name":"Scientific Thought Company.jpg","size":"371.66 KB","type":"image/jpeg","uploadDate":"١٧‏/١٢‏/٢٠٢٥"}],"document_809f7575-2fe8-492e-846e-1909090de1bf_label":"أصل شهادة الصف الخامس","document_8af5ff0a-b945-4291-b91c-656cf5ec5a51_label":"صورة شخصية حديثة","document_b1909391-02ab-486a-a070-c2adc274a7d3_label":"الرقم الوطني / الجواز"}'::jsonb, 'rejected', '2025-12-17T19:04:51.347+00:00', NULL, '2025-12-17T19:04:51.548687+00:00', '2025-12-17T19:10:26.951+00:00', NULL, 'منطقة الرياض', '0521696331', 'ahmed.test@example.com'),
  ('e99360f4-56e8-42b8-ac3d-fc3e38da1447', 'REF-20251218-0001', 'khartoum-bank', 'بنك الخرطوم', '{"dob":"1990-05-15","city":"الرياض","email":"ahmed.test@example.com","notes":"هذه بيانات تجريبية للاختبار فقط","gender":"male","region":"منطقة الرياض","address":"شارع الملك فهد، حي العليا، الرياض 12345","isAdult":"yes","district":"العليا","fullName":"أحمد محمد السعيد الخليفة","agentName":"عبدالله محمد أحمد","birthDate":"1990-05-15","workplace":"شركة التقنية المتقدمة","birthPlace":"الخرطوم","fatherName":"محمد السعيد","motherName":"فاطمة أحمد","nationalId":"P7809641","profession":"مهندس برمجيات","nationality":"سوداني","phoneNumber":"0595782489","serviceSlug":"khartoum-bank","serviceType":"update","passportType":"ordinary","purposeOfPOA":"إنهاء معاملات حكومية","accountNumber":"قيمة تجريبية لـ رقم الحساب (إن وجد)","maritalStatus":"married","paymentMethod":"card","travelPurpose":"work","educationLevel":"university","passportNumber":"A12345678","agentNationalId":"A98765432","grandFatherName":"السعيد الخليفة","agentRelationship":"أخ","passportIssueDate":"2020-01-15","passportExpiryDate":"2030-01-15","currentPassportNumber":"A98765432","document_12c6befa-9465-4b75-ba4f-eb179750d894":[{"url":"https://qaioxhpcyzmamcvdqqub.supabase.co/storage/v1/object/public/documents/applications/1766052725103_ojcfvn.png","name":"Screenshot 2025-12-18 131136.png","size":"107.47 KB","type":"image/png","uploadDate":"٢٧‏/٦‏/١٤٤٧ هـ"}],"document_12c6befa-9465-4b75-ba4f-eb179750d894_label":"صورة من الجواز"}'::jsonb, 'submitted', '2025-12-18T10:12:06.943+00:00', NULL, '2025-12-18T10:12:07.597038+00:00', '2025-12-18T10:12:07.597038+00:00', NULL, 'منطقة الرياض', '0595782489', 'ahmed.test@example.com'),
  ('8b1fda58-0052-46da-839c-996d6a4afa01', 'REF-20251218-0002', 'Secondary2', 'امتحانات الشهادة الثانوية ادبي', '{"dob":"1990-05-15","city":"الرياض","email":"ahmed.test@example.com","notes":"هذه بيانات تجريبية للاختبار فقط","gender":"male","region":"منطقة الرياض","address":"شارع الملك فهد، حي العليا، الرياض 12345","isAdult":"yes","district":"العليا","fullName":"أحمد محمد السعيد الخليفة","agentName":"عبدالله محمد أحمد","birthDate":"1990-05-15","workplace":"شركة التقنية المتقدمة","birthPlace":"الخرطوم","fatherName":"محمد السعيد","motherName":"فاطمة أحمد","nationalId":"P1378486","profession":"مهندس برمجيات","schoolName":"قيمة تجريبية لـ اسم المدرسة","dateOfBirth":"2025-01-15","nationality":"sudanese","phoneNumber":"0573644878","serviceSlug":"Secondary2","specialCase":"","examLanguage":"arabic","mobileNumber":"0501234567","passportType":"ordinary","purposeOfPOA":"إنهاء معاملات حكومية","guardianPhone":"0501234567","maritalStatus":"married","paymentMethod":"card","travelPurpose":"work","educationLevel":"university","passportNumber":"A12345678","agentNationalId":"A98765432","electiveSubject":"arts_design","grandFatherName":"السعيد الخليفة","priorSeatNumber":"قيمة تجريبية لـ رقم الجلوس الذي جلست به للمؤهل","guardianRelation":"father","agentRelationship":"أخ","guardianWorkplace":"قيمة تجريبية لـ مكان العمل","passportIssueDate":"2020-01-15","qualificationType":"basic","passportExpiryDate":"2030-01-15","field_1765906974395":"قيمة تجريبية لـ اسم الطالب","field_1765907437811":"قيمة تجريبية لـ اسم الأب","field_1765907523211":"قيمة تجريبية لـ اسم الجد","field_1765907582816":"قيمة تجريبية لـ اسم الجد الثاني","field_1765908263072":"قيمة تجريبية لـ اسم الطالب كامل","field_1765909055036":"قيمة تجريبية لـ الولاية","field_1765909599220":"قيمة تجريبية لـ اسم ولي الامر","field_1765913096316":"2025-01-15","specificNationality":"قيمة تجريبية لـ نوع الجنسية","currentPassportNumber":"A98765432","specialCaseDescription":"قيمة تجريبية لـ وصف الحالة الخاصة","document_03e9a5cd-a349-436c-b558-591285e9dfac":[{"url":"https://qaioxhpcyzmamcvdqqub.supabase.co/storage/v1/object/public/documents/applications/1766062302395_9xdnvn.jpg","name":"Scientific Thought Company.jpg","size":"371.66 KB","type":"image/jpeg","uploadDate":"١٨‏/١٢‏/٢٠٢٥"}],"document_4081d578-6bf9-4858-8471-c2c87bf70a8c":[{"url":"https://qaioxhpcyzmamcvdqqub.supabase.co/storage/v1/object/public/documents/applications/1766062302395_s7jxc.jpg","name":"Scientific Thought Company.jpg","size":"371.66 KB","type":"image/jpeg","uploadDate":"١٨‏/١٢‏/٢٠٢٥"}],"document_440ce414-20ba-4e0a-880e-c6a3b9fe7047":[{"url":"https://qaioxhpcyzmamcvdqqub.supabase.co/storage/v1/object/public/documents/applications/1766062302395_fy90j.jpg","name":"Scientific Thought Company.jpg","size":"371.66 KB","type":"image/jpeg","uploadDate":"١٨‏/١٢‏/٢٠٢٥"}],"document_a590b215-9735-48fb-8cdd-abd3418cce78":[{"url":"https://qaioxhpcyzmamcvdqqub.supabase.co/storage/v1/object/public/documents/applications/1766062302395_jutxaj.jpg","name":"Scientific Thought Company.jpg","size":"371.66 KB","type":"image/jpeg","uploadDate":"١٨‏/١٢‏/٢٠٢٥"}],"document_cbc6c127-e9f8-4244-86de-acc1ca980571":[{"url":"https://qaioxhpcyzmamcvdqqub.supabase.co/storage/v1/object/public/documents/applications/1766062302395_jilx.jpg","name":"Scientific Thought Company.jpg","size":"371.66 KB","type":"image/jpeg","uploadDate":"١٨‏/١٢‏/٢٠٢٥"}],"document_03e9a5cd-a349-436c-b558-591285e9dfac_label":"صورة شخصية حديثة","document_4081d578-6bf9-4858-8471-c2c87bf70a8c_label":"الرقم الوطني او الجواز لغير السودانين","document_440ce414-20ba-4e0a-880e-c6a3b9fe7047_label":"الشهادة الثانوية (للمعيدين)","document_a590b215-9735-48fb-8cdd-abd3418cce78_label":"الشهادة المتوسطة مر عليها ثلاث سنوات او مادون","document_cbc6c127-e9f8-4244-86de-acc1ca980571_label":"الشهادة للمرحلة الاساس 2022 أو ما يعادلها"}'::jsonb, 'submitted', '2025-12-18T12:51:49.743+00:00', NULL, '2025-12-18T12:51:49.923032+00:00', '2025-12-18T12:51:49.923032+00:00', NULL, 'منطقة الرياض', '0573644878', 'ahmed.test@example.com'),
  ('6f2233b0-9306-42ef-bcc4-86af8d68f204', 'REF-20251218-0003', 'secondary', 'امتحانات الشهادة الثانوية المثاق العلمي', '{"dob":"1990-05-15","city":"الرياض","year":"قيمة تجريبية لـ سنة المؤاهل","email":"ahmed.test@example.com","notes":"هذه بيانات تجريبية للاختبار فقط","gender":"male","region":"منطقة الرياض","address":"شارع الملك فهد، حي العليا، الرياض 12345","isAdult":"yes","district":"العليا","fullName":"أحمد محمد السعيد الخليفة","agentName":"عبدالله محمد أحمد","birthDate":"1990-05-15","workplace":"شركة التقنية المتقدمة","birthPlace":"الخرطوم","fatherName":"محمد السعيد","motherName":"فاطمة أحمد","nationalId":"P1254872","profession":"مهندس برمجيات","schoolName":"قيمة تجريبية لـ اسم المدرسة","dateOfBirth":"2025-01-15","nationality":"sudanese","phoneNumber":"0587249642","serviceSlug":"secondary","specialCase":"","examLanguage":"arabic","mobileNumber":"0501234567","passportType":"ordinary","purposeOfPOA":"إنهاء معاملات حكومية","guardianPhone":"0501234567","maritalStatus":"married","paymentMethod":"card","travelPurpose":"work","educationLevel":"university","passportNumber":"A12345678","agentNationalId":"A98765432","electiveSubject":"biology","grandFatherName":"السعيد الخليفة","priorSeatNumber":"قيمة تجريبية لـ رقم الجلوس الذي جلست به للمؤهل","guardianRelation":"father","agentRelationship":"أخ","guardianWorkplace":"قيمة تجريبية لـ مكان العمل","passportIssueDate":"2020-01-15","qualificationType":"basic","passportExpiryDate":"2030-01-15","field_1765957550914":"قيمة تجريبية لـ اسم الطالب","field_1765957614466":"قيمة تجريبية لـ اسم الاب","field_1765957659544":"قيمة تجريبية لـ اسم الجد","field_1765988432756":"قيمة تجريبية لـ اسم الجد الثاني","field_1765988759015":"قيمة تجريبية لـ الولاية","field_1765989929642":"قيمة تجريبية لـ Input","field_1765989931981":"قيمة تجريبية لـ اسم ولي الامر","specificNationality":"قيمة تجريبية لـ نوع الجنسية","currentPassportNumber":"A98765432","specialCaseDescription":"قيمة تجريبية لـ وصف الحالة الخاصة","document_3eaf5b7a-e4fc-43b4-8610-6a8595cb0093":[{"url":"https://qaioxhpcyzmamcvdqqub.supabase.co/storage/v1/object/public/documents/applications/1766062745975_1fnjp.jpg","name":"Scientific Thought Company.jpg","size":"371.66 KB","type":"image/jpeg","uploadDate":"١٨‏/١٢‏/٢٠٢٥"}],"document_70c303f2-38c2-41b8-970a-549194c2e881":[{"url":"https://qaioxhpcyzmamcvdqqub.supabase.co/storage/v1/object/public/documents/applications/1766062745974_ktqxwa.jpg","name":"Scientific Thought Company.jpg","size":"371.66 KB","type":"image/jpeg","uploadDate":"١٨‏/١٢‏/٢٠٢٥"}],"document_7251fbc4-bad3-4a48-a8cb-c195b1d8bcfd":[{"url":"https://qaioxhpcyzmamcvdqqub.supabase.co/storage/v1/object/public/documents/applications/1766062745975_3tejod.jpg","name":"Scientific Thought Company.jpg","size":"371.66 KB","type":"image/jpeg","uploadDate":"١٨‏/١٢‏/٢٠٢٥"}],"document_fb75b7af-ea73-4d1d-b593-ed6908efe9db":[{"url":"https://qaioxhpcyzmamcvdqqub.supabase.co/storage/v1/object/public/documents/applications/1766062745975_09feh.jpg","name":"Scientific Thought Company.jpg","size":"371.66 KB","type":"image/jpeg","uploadDate":"١٨‏/١٢‏/٢٠٢٥"}],"document_3eaf5b7a-e4fc-43b4-8610-6a8595cb0093_label":"الشهادة الثانوية (للمعيدين)","document_70c303f2-38c2-41b8-970a-549194c2e881_label":"الشهادة المتوسطة أو ما يعادلها","document_7251fbc4-bad3-4a48-a8cb-c195b1d8bcfd_label":"الرقم الوطني / الجواز","document_fb75b7af-ea73-4d1d-b593-ed6908efe9db_label":"صورة شخصية حديثة"}'::jsonb, 'submitted', '2025-12-18T12:59:11.044+00:00', NULL, '2025-12-18T12:59:11.160203+00:00', '2025-12-18T12:59:11.160203+00:00', NULL, 'منطقة الرياض', '0587249642', 'ahmed.test@example.com'),
  ('9796e8c8-f074-4a6d-8f82-65a71357c344', 'REF-20251218-0004', 'Secondary2', 'امتحانات الشهادة الثانوية ادبي', '{"dob":"1990-05-15","city":"الرياض","email":"ahmed.test@example.com","notes":"هذه بيانات تجريبية للاختبار فقط","gender":"female","region":"منطقة الرياض","address":"شارع الملك فهد، حي العليا، الرياض 12345","isAdult":"yes","district":"العليا","fullName":"أحمد محمد السعيد الخليفة","agentName":"عبدالله محمد أحمد","birthDate":"1990-05-15","workplace":"شركة التقنية المتقدمة","birthPlace":"الخرطوم","fatherName":"محمد السعيد","motherName":"فاطمة أحمد","nationalId":"P3403227","profession":"مهندس برمجيات","schoolName":"قيمة تجريبية لـ اسم المدرسة","dateOfBirth":"2025-01-15","nationality":"non-sudanese","phoneNumber":"0527464804","serviceSlug":"Secondary2","specialCase":"","examLanguage":"arabic","mobileNumber":"0501234567","passportType":"ordinary","purposeOfPOA":"إنهاء معاملات حكومية","guardianPhone":"0501234567","maritalStatus":"married","paymentMethod":"card","travelPurpose":"work","educationLevel":"university","passportNumber":"A12345678","agentNationalId":"A98765432","electiveSubject":"arts_design","grandFatherName":"السعيد الخليفة","priorSeatNumber":"قيمة تجريبية لـ رقم الجلوس الذي جلست به للمؤهل","guardianRelation":"father","agentRelationship":"أخ","guardianWorkplace":"قيمة تجريبية لـ مكان العمل","passportIssueDate":"2020-01-15","qualificationType":"basic","passportExpiryDate":"2030-01-15","field_1765906974395":"قيمة تجريبية لـ اسم الطالب","field_1765907437811":"قيمة تجريبية لـ اسم الأب","field_1765907523211":"قيمة تجريبية لـ اسم الجد","field_1765907582816":"قيمة تجريبية لـ اسم الجد الثاني","field_1765908263072":"قيمة تجريبية لـ اسم الطالب كامل","field_1765909055036":"قيمة تجريبية لـ الولاية","field_1765909599220":"قيمة تجريبية لـ اسم ولي الامر","field_1765913096316":"2025-01-15","specificNationality":"قيمة تجريبية لـ نوع الجنسية","currentPassportNumber":"A98765432","specialCaseDescription":"قيمة تجريبية لـ وصف الحالة الخاصة","document_03e9a5cd-a349-436c-b558-591285e9dfac":[{"url":"https://qaioxhpcyzmamcvdqqub.supabase.co/storage/v1/object/public/documents/applications/1766084263928_2fd7cn.png","name":"Screenshot 2025-12-18 131136.png","size":"107.47 KB","type":"image/png","uploadDate":"٢٧‏/٦‏/١٤٤٧ هـ"}],"document_4081d578-6bf9-4858-8471-c2c87bf70a8c":[{"url":"https://qaioxhpcyzmamcvdqqub.supabase.co/storage/v1/object/public/documents/applications/1766084263928_hay8jl.png","name":"Screenshot 2025-12-18 131136.png","size":"107.47 KB","type":"image/png","uploadDate":"٢٧‏/٦‏/١٤٤٧ هـ"}],"document_440ce414-20ba-4e0a-880e-c6a3b9fe7047":[{"url":"https://qaioxhpcyzmamcvdqqub.supabase.co/storage/v1/object/public/documents/applications/1766084263927_l2r479.png","name":"Screenshot 2025-12-18 131136.png","size":"107.47 KB","type":"image/png","uploadDate":"٢٧‏/٦‏/١٤٤٧ هـ"}],"document_a590b215-9735-48fb-8cdd-abd3418cce78":[{"url":"https://qaioxhpcyzmamcvdqqub.supabase.co/storage/v1/object/public/documents/applications/1766084263925_l0knkj.png","name":"Screenshot 2025-12-18 131136.png","size":"107.47 KB","type":"image/png","uploadDate":"٢٧‏/٦‏/١٤٤٧ هـ"}],"document_cbc6c127-e9f8-4244-86de-acc1ca980571":[{"url":"https://qaioxhpcyzmamcvdqqub.supabase.co/storage/v1/object/public/documents/applications/1766084263928_v4xtzs.png","name":"Screenshot 2025-12-18 131136.png","size":"107.47 KB","type":"image/png","uploadDate":"٢٧‏/٦‏/١٤٤٧ هـ"}],"document_03e9a5cd-a349-436c-b558-591285e9dfac_label":"صورة شخصية حديثة","document_4081d578-6bf9-4858-8471-c2c87bf70a8c_label":"الرقم الوطني او الجواز لغير السودانين","document_440ce414-20ba-4e0a-880e-c6a3b9fe7047_label":"الشهادة الثانوية (للمعيدين)","document_a590b215-9735-48fb-8cdd-abd3418cce78_label":"الشهادة المتوسطة مر عليها ثلاث سنوات او مادون","document_cbc6c127-e9f8-4244-86de-acc1ca980571_label":"الشهادة للمرحلة الاساس 2022 أو ما يعادلها"}'::jsonb, 'submitted', '2025-12-18T18:57:54.196+00:00', NULL, '2025-12-18T18:57:55.266938+00:00', '2025-12-18T18:57:55.266938+00:00', NULL, 'منطقة الرياض', '0527464804', 'ahmed.test@example.com'),
  ('00d7b5e0-89ac-454e-9045-7c162fc3b720', 'REF-20251218-0005', 'secondary', 'امتحانات الشهادة الثانوية المثاق العلمي', '{"dob":"1990-05-15","city":"الرياض","year":"قيمة تجريبية لـ سنة المؤاهل","email":"ahmed.test@example.com","notes":"هذه بيانات تجريبية للاختبار فقط","gender":"female","region":"منطقة الرياض","address":"شارع الملك فهد، حي العليا، الرياض 12345","isAdult":"yes","district":"العليا","fullName":"لمياء محمد السعيد الخليفة","agentName":"عبدالله محمد أحمد","birthDate":"1990-05-15","workplace":"شركة التقنية المتقدمة","birthPlace":"الخرطوم","fatherName":"محمد السعيد","motherName":"فاطمة أحمد","nationalId":"P8890929","profession":"مهندس برمجيات","schoolName":"قيمة تجريبية لـ اسم المدرسة","dateOfBirth":"2025-01-15","nationality":"non-sudanese","phoneNumber":"0564263239","serviceSlug":"secondary","specialCase":"","examLanguage":"arabic","mobileNumber":"0501234567","passportType":"ordinary","purposeOfPOA":"إنهاء معاملات حكومية","guardianPhone":"0501234567","maritalStatus":"married","paymentMethod":"card","travelPurpose":"work","educationLevel":"university","passportNumber":"A12345678","agentNationalId":"A98765432","electiveSubject":"islamic_studies","grandFatherName":"السعيد الخليفة","priorSeatNumber":"قيمة تجريبية لـ رقم الجلوس الذي جلست به للمؤهل","guardianRelation":"father","agentRelationship":"أخ","guardianWorkplace":"قيمة تجريبية لـ مكان العمل","passportIssueDate":"2020-01-15","qualificationType":"basic","passportExpiryDate":"2030-01-15","field_1765957550914":"قيمة تجريبية لـ اسم الطالب","field_1765957614466":"قيمة تجريبية لـ اسم الاب","field_1765957659544":"قيمة تجريبية لـ اسم الجد","field_1765988432756":"قيمة تجريبية لـ اسم الجد الثاني","field_1765988759015":"قيمة تجريبية لـ الولاية","field_1765989929642":"قيمة تجريبية لـ Input","field_1765989931981":"قيمة تجريبية لـ اسم ولي الامر","specificNationality":"عراقية","currentPassportNumber":"A98765432","specialCaseDescription":"قيمة تجريبية لـ وصف الحالة الخاصة","document_3eaf5b7a-e4fc-43b4-8610-6a8595cb0093":[{"url":"https://qaioxhpcyzmamcvdqqub.supabase.co/storage/v1/object/public/documents/applications/1766084424721_eh0ni.png","name":"Screenshot 2025-12-18 131136.png","size":"107.47 KB","type":"image/png","uploadDate":"٢٧‏/٦‏/١٤٤٧ هـ"}],"document_70c303f2-38c2-41b8-970a-549194c2e881":[{"url":"https://qaioxhpcyzmamcvdqqub.supabase.co/storage/v1/object/public/documents/applications/1766084424719_ghdq0f.png","name":"Screenshot 2025-12-18 131136.png","size":"107.47 KB","type":"image/png","uploadDate":"٢٧‏/٦‏/١٤٤٧ هـ"}],"document_7251fbc4-bad3-4a48-a8cb-c195b1d8bcfd":[{"url":"https://qaioxhpcyzmamcvdqqub.supabase.co/storage/v1/object/public/documents/applications/1766084424722_f6wo6k.png","name":"Screenshot 2025-12-18 131136.png","size":"107.47 KB","type":"image/png","uploadDate":"٢٧‏/٦‏/١٤٤٧ هـ"}],"document_fb75b7af-ea73-4d1d-b593-ed6908efe9db":[{"url":"https://qaioxhpcyzmamcvdqqub.supabase.co/storage/v1/object/public/documents/applications/1766084424721_k3br4.png","name":"Screenshot 2025-12-18 131136.png","size":"107.47 KB","type":"image/png","uploadDate":"٢٧‏/٦‏/١٤٤٧ هـ"}],"document_3eaf5b7a-e4fc-43b4-8610-6a8595cb0093_label":"الشهادة الثانوية (للمعيدين)","document_70c303f2-38c2-41b8-970a-549194c2e881_label":"الشهادة المتوسطة أو ما يعادلها","document_7251fbc4-bad3-4a48-a8cb-c195b1d8bcfd_label":"الرقم الوطني / الجواز","document_fb75b7af-ea73-4d1d-b593-ed6908efe9db_label":"صورة شخصية حديثة"}'::jsonb, 'submitted', '2025-12-18T19:00:35.395+00:00', NULL, '2025-12-18T19:00:36.332018+00:00', '2025-12-18T19:00:36.332018+00:00', NULL, 'منطقة الرياض', '0564263239', 'ahmed.test@example.com'),
  ('99e166a3-46b5-44f5-a6e6-e5f4b1f5c44b', 'REF-20251221-0001', 'passports', 'جوازات السفر', '{"dob":"1990-05-15","city":"الرياض","email":"ahmed.test@example.com","notes":"هذه بيانات تجريبية للاختبار فقط","gender":"male","height":"123","region":"منطقة الرياض","address":"شارع الملك فهد، حي العليا، الرياض 12345","isAdult":"yes","district":"العليا","eyeColor":"black","fullName":"أحمد محمد السعيد الخليفة","agentName":"عبدالله محمد أحمد","birthDate":"1990-05-15","hairColor":"black","workplace":"شركة التقنية المتقدمة","birthPlace":"الخرطوم","fatherName":"محمد السعيد","motherName":"فاطمة أحمد","nationalId":"P8042700","profession":"مهندس برمجيات","arrivalDate":"2025-01-15","nationality":"سوداني","phoneNumber":"0515630200","serviceSlug":"passports","lossLocation":"قيمة تجريبية لـ مكان الفقدان","passportType":"new","purposeOfPOA":"إنهاء معاملات حكومية","maritalStatus":"married","parentConsent":"yes","paymentMethod":"card","travelPurpose":"work","educationLevel":"university","passportNumber":"A12345678","agentNationalId":"A98765432","emergencyReason":"قيمة تجريبية لـ سبب طلب وثيقة السفر الاضطرارية","grandFatherName":"السعيد الخليفة","distinctiveMarks":"قيمة تجريبية لـ العلامات المميزة","agentRelationship":"أخ","oldPassportNumber":"قيمة تجريبية لـ رقم الجواز القديم","passportIssueDate":"2020-01-15","passportExpiryDate":"2030-01-15","currentPassportNumber":"A98765432","document_e1f9c246-a267-43c5-84c5-2da11aa8ae61":[{"url":"https://qaioxhpcyzmamcvdqqub.supabase.co/storage/v1/object/public/documents/applications/1766304121300_xjmohc.jpeg","name":"WhatsApp Image 2025-10-14 at 7.45.55 PM - Copy.jpeg","size":"100.42 KB","type":"image/jpeg","uploadDate":"٢١‏/١٢‏/٢٠٢٥"}],"document_e1f9c246-a267-43c5-84c5-2da11aa8ae61_label":"صورة شخصية"}'::jsonb, 'payment_completed', '2025-12-21T08:02:02.632+00:00', NULL, '2025-12-21T08:02:00.673106+00:00', '2025-12-21T08:03:22.622+00:00', NULL, 'منطقة الرياض', '0515630200', 'ahmed.test@example.com'),
  ('fea1987d-1548-4456-a928-692740502534', 'REF-20251221-0002', 'passports', 'جوازات السفر', '{"dob":"1990-05-15","city":"الرياض","email":"ahmed.test@example.com","notes":"هذه بيانات تجريبية للاختبار فقط","gender":"male","height":"123","region":"منطقة الرياض","address":"شارع الملك فهد، حي العليا، الرياض 12345","isAdult":"yes","district":"العليا","eyeColor":"black","fullName":"أحمد محمد السعيد الخليفة","agentName":"عبدالله محمد أحمد","birthDate":"1990-05-15","hairColor":"black","workplace":"شركة التقنية المتقدمة","birthPlace":"الخرطوم","fatherName":"محمد السعيد","motherName":"فاطمة أحمد","nationalId":"P8274258","profession":"مهندس برمجيات","arrivalDate":"2025-01-15","nationality":"سوداني","phoneNumber":"0563818554","serviceSlug":"passports","lossLocation":"قيمة تجريبية لـ مكان الفقدان","passportType":"new","purposeOfPOA":"إنهاء معاملات حكومية","maritalStatus":"married","parentConsent":"yes","paymentMethod":"card","travelPurpose":"work","educationLevel":"university","passportNumber":"A12345678","agentNationalId":"A98765432","emergencyReason":"قيمة تجريبية لـ سبب طلب وثيقة السفر الاضطرارية","grandFatherName":"السعيد الخليفة","distinctiveMarks":"قيمة تجريبية لـ العلامات المميزة","agentRelationship":"أخ","oldPassportNumber":"قيمة تجريبية لـ رقم الجواز القديم","passportIssueDate":"2020-01-15","passportExpiryDate":"2030-01-15","currentPassportNumber":"A98765432","document_e1f9c246-a267-43c5-84c5-2da11aa8ae61":[{"url":"https://qaioxhpcyzmamcvdqqub.supabase.co/storage/v1/object/public/documents/applications/1766307407696_79abie.jpg","name":"47074207_2836810863017448_2589509617541185536_n.jpg","size":"42.54 KB","type":"image/jpeg","uploadDate":"٢١‏/١٢‏/٢٠٢٥"}],"document_e1f9c246-a267-43c5-84c5-2da11aa8ae61_label":"صورة شخصية"}'::jsonb, 'appointment_confirmed', '2025-12-21T08:56:48.611+00:00', NULL, '2025-12-21T08:56:46.566954+00:00', '2025-12-21T09:06:50.233+00:00', NULL, 'منطقة الرياض', '0563818554', 'ahmed.test@example.com'),
  ('826cd7b5-1bf1-4997-b171-ac17d90b3e60', 'REF-20251224-0001', 'khartoum-bank', 'بنك الخرطوم', '{"dob":"2022-11-14","city":"جدة","email":"limiamohamed1@gmail.com","region":"makkah","address":"منطقة مكة المكرمة جدة الربوة","district":"الصفا","fullName":"لمياء محمد حسن","workplace":"جدة","nationalId":"968455","profession":"سودانية","phoneNumber":"500948196","serviceSlug":"khartoum-bank","serviceType":"bankak","accountNumber":"34464564","document_12c6befa-9465-4b75-ba4f-eb179750d894":[{"url":"https://qaioxhpcyzmamcvdqqub.supabase.co/storage/v1/object/public/documents/applications/1766570284026_uthmy.png","name":"1.png","size":"893.11 KB","type":"image/png","uploadDate":"٤‏/٧‏/١٤٤٧ هـ"}],"document_12c6befa-9465-4b75-ba4f-eb179750d894_label":"صورة من الجواز"}'::jsonb, 'submitted', '2025-12-24T09:58:05.973+00:00', NULL, '2025-12-24T09:58:07.612987+00:00', '2025-12-24T09:58:07.612987+00:00', NULL, 'makkah', '500948196', 'limiamohamed1@gmail.com'),
  ('aff0091b-363e-4420-a667-d38281cf6e1a', 'REF-20251225-0001', 'passports', 'جوازات السفر', '{"dob":"1990-05-15","city":"الرياض","email":"ahmed.test@example.com","notes":"هذه بيانات تجريبية للاختبار فقط","gender":"male","height":"123","region":"منطقة الرياض","address":"شارع الملك فهد، حي العليا، الرياض 12345","isAdult":"yes","district":"العليا","eyeColor":"black","fullName":"أحمد محمد السعيد الخليفة","agentName":"عبدالله محمد أحمد","birthDate":"1990-05-15","hairColor":"black","workplace":"شركة التقنية المتقدمة","birthPlace":"الخرطوم","fatherName":"محمد السعيد","motherName":"فاطمة أحمد","nationalId":"P1776100","profession":"مهندس برمجيات","arrivalDate":"2025-01-15","nationality":"سوداني","phoneNumber":"0579422939","serviceSlug":"passports","lossLocation":"قيمة تجريبية لـ مكان الفقدان","passportType":"new","purposeOfPOA":"إنهاء معاملات حكومية","maritalStatus":"married","parentConsent":"yes","paymentMethod":"card","travelPurpose":"work","educationLevel":"university","passportNumber":"A12345678","agentNationalId":"A98765432","emergencyReason":"قيمة تجريبية لـ سبب طلب وثيقة السفر الاضطرارية","grandFatherName":"السعيد الخليفة","distinctiveMarks":"قيمة تجريبية لـ العلامات المميزة","agentRelationship":"أخ","oldPassportNumber":"قيمة تجريبية لـ رقم الجواز القديم","passportIssueDate":"2020-01-15","passportExpiryDate":"2030-01-15","currentPassportNumber":"A98765432","document_e1f9c246-a267-43c5-84c5-2da11aa8ae61_label":"صورة شخصية"}'::jsonb, 'appointment_confirmed', '2025-12-25T15:21:01.301+00:00', NULL, '2025-12-25T15:21:02.111857+00:00', '2025-12-25T15:52:28.869+00:00', NULL, 'منطقة الرياض', '0579422939', 'ahmed.test@example.com')
ON CONFLICT DO NOTHING;

-- No data in application_notes

-- Data for table: application_statuses
-- Rows: 16

INSERT INTO public.application_statuses (status_key, label_ar, label_en, color, icon, order_index, category, description_ar, is_active, created_at, updated_at)
VALUES
  ('submitted', 'تم التقديم', 'Submitted', 'bg-blue-100 text-blue-800', 'FileText', 1, 'submission', 'تم تقديم الطلب بنجاح وفي انتظار المراجعة', true, '2025-12-10T15:19:16.094102+00:00', '2025-12-10T15:19:16.094102+00:00'),
  ('in_review', 'قيد المراجعة', 'In Review', 'bg-yellow-100 text-yellow-800', 'Search', 2, 'review', 'الطلب قيد المراجعة من قبل الموظفين', true, '2025-12-10T15:19:16.094102+00:00', '2025-12-10T15:19:16.094102+00:00'),
  ('approved', 'تمت الموافقة', 'Approved', 'bg-green-100 text-green-800', 'CheckCircle', 3, 'review', 'تمت الموافقة على الطلب', true, '2025-12-10T15:19:16.094102+00:00', '2025-12-10T15:19:16.094102+00:00'),
  ('payment_pending', 'في انتظار الدفع', 'Payment Pending', 'bg-orange-100 text-orange-800', 'DollarSign', 4, 'payment', 'في انتظار إتمام عملية الدفع', true, '2025-12-10T15:19:16.094102+00:00', '2025-12-10T15:19:16.094102+00:00'),
  ('payment_completed', 'تم الدفع', 'Payment Completed', 'bg-green-100 text-green-800', 'CheckCircle', 5, 'payment', 'تم إتمام الدفع بنجاح', true, '2025-12-10T15:19:16.094102+00:00', '2025-12-10T15:19:16.094102+00:00'),
  ('appointment_required', 'يتطلب حجز موعد', 'Appointment Required', 'bg-purple-100 text-purple-800', 'Calendar', 6, 'appointment', 'يجب حجز موعد لإكمال الإجراءات', true, '2025-12-10T15:19:16.094102+00:00', '2025-12-10T15:19:16.094102+00:00'),
  ('appointment_booked', 'تم حجز الموعد', 'Appointment Booked', 'bg-purple-100 text-purple-800', 'Calendar', 7, 'appointment', 'تم حجز الموعد بنجاح', true, '2025-12-10T15:19:16.094102+00:00', '2025-12-10T15:19:16.094102+00:00'),
  ('processing', 'قيد المعالجة', 'Processing', 'bg-blue-100 text-blue-800', 'Clock', 8, 'processing', 'الطلب قيد المعالجة', true, '2025-12-10T15:19:16.094102+00:00', '2025-12-10T15:19:16.094102+00:00'),
  ('ready', 'جاهز للاستلام', 'Ready', 'bg-green-100 text-green-800', 'CheckCircle', 9, 'processing', 'الطلب جاهز للاستلام', true, '2025-12-10T15:19:16.094102+00:00', '2025-12-10T15:19:16.094102+00:00'),
  ('shipping', 'جاري الشحن', 'Shipping', 'bg-indigo-100 text-indigo-800', 'MapPin', 10, 'shipping', 'جاري شحن الطلب', true, '2025-12-10T15:19:16.094102+00:00', '2025-12-10T15:19:16.094102+00:00'),
  ('shipped', 'تم الشحن', 'Shipped', 'bg-indigo-100 text-indigo-800', 'MapPin', 11, 'shipping', 'تم شحن الطلب', true, '2025-12-10T15:19:16.094102+00:00', '2025-12-10T15:19:16.094102+00:00'),
  ('delivered', 'تم التوصيل', 'Delivered', 'bg-green-100 text-green-800', 'CheckCircle', 12, 'shipping', 'تم توصيل الطلب بنجاح', true, '2025-12-10T15:19:16.094102+00:00', '2025-12-10T15:19:16.094102+00:00'),
  ('completed', 'مكتمل', 'Completed', 'bg-gray-100 text-gray-800', 'CheckCircle', 13, 'completion', 'تم إكمال الطلب بنجاح', true, '2025-12-10T15:19:16.094102+00:00', '2025-12-10T15:19:16.094102+00:00'),
  ('rejected', 'مرفوض', 'Rejected', 'bg-red-100 text-red-800', 'XCircle', 14, 'rejection', 'تم رفض الطلب', true, '2025-12-10T15:19:16.094102+00:00', '2025-12-10T15:19:16.094102+00:00'),
  ('cancelled', 'ملغي', 'Cancelled', 'bg-gray-100 text-gray-800', 'XCircle', 15, 'rejection', 'تم إلغاء الطلب', true, '2025-12-10T15:19:16.094102+00:00', '2025-12-10T15:19:16.094102+00:00'),
  ('appointment_confirmed', 'تم حجز موعد', 'Appointment Confirmed', 'bg-green-100 text-green-800', 'CheckCircle', 6, 'processing', 'تم حجز موعد للقنصلية بنجاح', true, '2025-12-10T18:29:26.56775+00:00', '2025-12-10T18:29:26.56775+00:00')
ON CONFLICT DO NOTHING;

-- Data for table: status_history
-- Rows: 28

INSERT INTO public.status_history (id, application_id, old_status, new_status, changed_by, notes, created_at, staff_id, old_status_label, new_status_label, changed_at)
VALUES
  ('dd8a7c75-5788-4b45-a4ad-2901e11888c8', 'd8afe655-ce74-405d-951a-0eead29b7961', 'submitted', 'appointment_required', NULL, 'Status updated', '2025-12-10T15:57:55.785702+00:00', NULL, NULL, NULL, '2025-12-10T18:23:02.914633+00:00'),
  ('28e3ed20-ff72-457e-b744-5a60d753ea90', 'bccd283e-337e-494a-bbaa-cec113d51b2b', 'submitted', 'payment_completed', 'مدير النظام', 'تم تحديث حالة الطلب', '2025-12-12T09:42:17.441558+00:00', 'afb75e30-093a-4cb9-bab8-cabb78288899', 'تم التقديم', 'تم الدفع', '2025-12-12T09:42:17.441558+00:00'),
  ('bff9b8c3-6e03-45b2-b88f-f5fdbe06b261', 'bccd283e-337e-494a-bbaa-cec113d51b2b', 'payment_completed', 'in_review', 'مدير النظام', 'تم تحديث حالة الطلب', '2025-12-12T09:57:06.306472+00:00', 'afb75e30-093a-4cb9-bab8-cabb78288899', 'تم الدفع', 'قيد المراجعة', '2025-12-12T09:57:06.306472+00:00'),
  ('307f14e4-7796-41cd-944c-86840bcd96ed', 'bccd283e-337e-494a-bbaa-cec113d51b2b', 'in_review', 'payment_completed', 'مدير النظام', 'تم تحديث حالة الطلب', '2025-12-12T09:57:27.049013+00:00', 'afb75e30-093a-4cb9-bab8-cabb78288899', 'قيد المراجعة', 'تم الدفع', '2025-12-12T09:57:27.049013+00:00'),
  ('2a8e438a-488b-4b88-b60f-75f73afcc0c4', 'bccd283e-337e-494a-bbaa-cec113d51b2b', 'payment_completed', 'in_review', 'مدير النظام', 'تم تحديث حالة الطلب', '2025-12-12T09:57:45.8193+00:00', 'afb75e30-093a-4cb9-bab8-cabb78288899', 'تم الدفع', 'قيد المراجعة', '2025-12-12T09:57:45.8193+00:00'),
  ('afbfd2ef-0ec6-4a44-b004-ad1f2975067b', 'bccd283e-337e-494a-bbaa-cec113d51b2b', 'in_review', 'payment_completed', 'مدير النظام', 'تم تحديث حالة الطلب', '2025-12-12T09:57:55.199197+00:00', 'afb75e30-093a-4cb9-bab8-cabb78288899', 'قيد المراجعة', 'تم الدفع', '2025-12-12T09:57:55.199197+00:00'),
  ('7ba824e2-f958-4850-8fc6-1a71fd58aea8', 'bccd283e-337e-494a-bbaa-cec113d51b2b', 'payment_completed', 'in_review', 'مدير النظام', 'تم تحديث حالة الطلب', '2025-12-12T10:01:46.206464+00:00', 'afb75e30-093a-4cb9-bab8-cabb78288899', 'تم الدفع', 'قيد المراجعة', '2025-12-12T10:01:46.206464+00:00'),
  ('be897c48-5b1e-42b7-a85f-bb37d01f41e4', 'bccd283e-337e-494a-bbaa-cec113d51b2b', 'in_review', 'payment_completed', 'مدير النظام', 'تم تحديث حالة الطلب', '2025-12-12T10:02:19.941698+00:00', 'afb75e30-093a-4cb9-bab8-cabb78288899', 'قيد المراجعة', 'تم الدفع', '2025-12-12T10:02:19.941698+00:00'),
  ('030c519c-a20e-4912-8f13-95b6436342ae', 'bccd283e-337e-494a-bbaa-cec113d51b2b', 'payment_completed', 'in_review', 'مدير النظام', 'تم تحديث حالة الطلب', '2025-12-12T10:09:04.190777+00:00', 'afb75e30-093a-4cb9-bab8-cabb78288899', 'تم الدفع', 'قيد المراجعة', '2025-12-12T10:09:04.190777+00:00'),
  ('9ffb0c30-5f4c-4f7e-abee-5a407f248fad', 'bccd283e-337e-494a-bbaa-cec113d51b2b', 'in_review', 'payment_completed', 'مدير النظام', 'تم تحديث حالة الطلب', '2025-12-12T10:09:15.956259+00:00', 'afb75e30-093a-4cb9-bab8-cabb78288899', 'قيد المراجعة', 'تم الدفع', '2025-12-12T10:09:15.956259+00:00'),
  ('5b76a271-3284-468a-8e17-292e981928ea', 'deeb4d81-0554-4f50-b525-225125d7a6f6', 'card_created', 'payment_completed', 'مدير النظام', 'تم تحديث حالة الطلب', '2025-12-12T10:10:43.51565+00:00', 'afb75e30-093a-4cb9-bab8-cabb78288899', 'card_created', 'تم الدفع', '2025-12-12T10:10:43.51565+00:00'),
  ('3d2db467-2a82-4db4-ba93-bc2130c6905f', '969530bc-1269-467f-aebc-ef8e681c4dbf', 'submitted', 'in_review', 'سعد عادل عادل', 'تم تحديث حالة الطلب', '2025-12-12T18:09:09.947621+00:00', '708ccc1c-b4d9-44c3-9477-3b198fe6f86c', 'تم التقديم', 'قيد المراجعة', '2025-12-12T18:09:09.947621+00:00'),
  ('ac8f1f32-2a61-434d-b223-c3d67c681d65', '969530bc-1269-467f-aebc-ef8e681c4dbf', 'in_review', 'payment_completed', 'سعد عادل عادل', 'تم تحديث حالة الطلب', '2025-12-12T18:10:52.329778+00:00', '708ccc1c-b4d9-44c3-9477-3b198fe6f86c', 'قيد المراجعة', 'تم الدفع', '2025-12-12T18:10:52.329778+00:00'),
  ('a941a1b5-04d6-46f6-bf41-caa020b1ef49', '69f91b59-3048-4dea-8ad1-a884a0159390', 'submitted', 'payment_completed', 'مدير النظام', 'تم تحديث حالة الطلب', '2025-12-13T20:01:43.778803+00:00', 'afb75e30-093a-4cb9-bab8-cabb78288899', 'تم التقديم', 'تم الدفع', '2025-12-13T20:01:43.778803+00:00'),
  ('8a4fa4a6-0d7d-483a-91a1-cbd31e2678d6', '69f91b59-3048-4dea-8ad1-a884a0159390', 'payment_completed', 'payment_pending', 'مدير النظام', 'تم تحديث حالة الطلب', '2025-12-13T20:02:25.546283+00:00', 'afb75e30-093a-4cb9-bab8-cabb78288899', 'تم الدفع', 'في انتظار الدفع', '2025-12-13T20:02:25.546283+00:00'),
  ('f0fad4d2-7b29-4796-887a-0d84121f8577', '69f91b59-3048-4dea-8ad1-a884a0159390', 'payment_completed', 'payment_pending', 'مدير النظام', 'تم تحديث حالة الطلب', '2025-12-13T20:02:25.649084+00:00', 'afb75e30-093a-4cb9-bab8-cabb78288899', 'تم الدفع', 'في انتظار الدفع', '2025-12-13T20:02:25.649084+00:00'),
  ('796034b3-079a-4b5c-bea1-3e94da3e5683', '69f91b59-3048-4dea-8ad1-a884a0159390', 'payment_completed', 'payment_pending', 'مدير النظام', 'تم تحديث حالة الطلب', '2025-12-13T20:02:25.90232+00:00', 'afb75e30-093a-4cb9-bab8-cabb78288899', 'تم الدفع', 'في انتظار الدفع', '2025-12-13T20:02:25.90232+00:00'),
  ('ddb97b15-1925-4155-88c3-9265116a127c', '69f91b59-3048-4dea-8ad1-a884a0159390', 'payment_pending', 'payment_completed', 'مدير النظام', 'تم تحديث حالة الطلب', '2025-12-13T20:02:36.28317+00:00', 'afb75e30-093a-4cb9-bab8-cabb78288899', 'في انتظار الدفع', 'تم الدفع', '2025-12-13T20:02:36.28317+00:00'),
  ('c056c33f-3bf4-40fb-8dc9-7983493e94fc', '69f91b59-3048-4dea-8ad1-a884a0159390', 'payment_completed', 'appointment_required', 'مدير النظام', 'تم تحديث حالة الطلب', '2025-12-13T20:49:00.507582+00:00', 'afb75e30-093a-4cb9-bab8-cabb78288899', 'تم الدفع', 'يتطلب حجز موعد', '2025-12-13T20:49:00.507582+00:00'),
  ('9ab71396-be64-4bd1-9ddc-32b606f082ee', '95300fb1-3c4f-4dec-8dca-2056c9660b7d', 'submitted', 'shipping', 'مدير النظام', 'تم تحديث حالة الطلب', '2025-12-13T21:01:01.194922+00:00', 'afb75e30-093a-4cb9-bab8-cabb78288899', 'تم التقديم', 'جاري الشحن', '2025-12-13T21:01:01.194922+00:00'),
  ('c6981358-2e27-46da-9a03-dd70c5d70986', '52819d83-49c5-458e-85ec-cd90f6cf7886', 'submitted', 'payment_completed', 'مدير النظام', 'تم تحديث حالة الطلب', '2025-12-15T21:10:25.966477+00:00', 'afb75e30-093a-4cb9-bab8-cabb78288899', 'تم التقديم', 'تم الدفع', '2025-12-15T21:10:25.966477+00:00'),
  ('30732905-7670-474e-acae-99c991f67dbf', '52819d83-49c5-458e-85ec-cd90f6cf7886', 'payment_completed', 'appointment_confirmed', 'مدير النظام', 'تم تحديث حالة الطلب', '2025-12-15T21:12:55.131807+00:00', 'afb75e30-093a-4cb9-bab8-cabb78288899', 'تم الدفع', 'تم حجز موعد', '2025-12-15T21:12:55.131807+00:00'),
  ('391e26c0-1df1-45da-a844-c449a60aa08a', '9c3be041-0ce1-45bd-99e7-f168658b76a6', 'submitted', 'rejected', 'خالد الدومة محمد', 'السبب عدم ادراج كافة المستندات نرجو انشاء طلب جديد مكتمل المستندات الصحيحه حيث ان جودة الصوره المرفقه رديئه ', '2025-12-17T19:10:28.3155+00:00', '749ff7e1-e655-4fb2-826e-e4e7f2674ea8', 'تم التقديم', 'مرفوض', '2025-12-17T19:10:28.3155+00:00'),
  ('b2fe83c6-5d66-4c91-b905-eb9f12b3869c', 'deeb4d81-0554-4f50-b525-225125d7a6f6', 'payment_completed', 'approved', 'خالد الدومة محمد', 'تم تحديث حالة الطلب', '2025-12-17T19:14:42.055038+00:00', '749ff7e1-e655-4fb2-826e-e4e7f2674ea8', 'تم الدفع', 'تمت الموافقة', '2025-12-17T19:14:42.055038+00:00'),
  ('5971f1db-fda6-42a9-8349-19c493e4751f', '99e166a3-46b5-44f5-a6e6-e5f4b1f5c44b', 'submitted', 'payment_completed', 'مدير النظام', 'تم تحديث حالة الطلب', '2025-12-21T08:03:20.927582+00:00', 'afb75e30-093a-4cb9-bab8-cabb78288899', 'تم التقديم', 'تم الدفع', '2025-12-21T08:03:20.927582+00:00'),
  ('db9ab83b-a9c8-4b5c-8ea0-799232b29831', 'fea1987d-1548-4456-a928-692740502534', 'submitted', 'payment_completed', 'مدير النظام', 'تم تحديث حالة الطلب', '2025-12-21T09:04:41.773921+00:00', 'afb75e30-093a-4cb9-bab8-cabb78288899', 'تم التقديم', 'تم الدفع', '2025-12-21T09:04:41.773921+00:00'),
  ('bbf55257-4314-416b-bc4b-ca865c1d4343', 'fea1987d-1548-4456-a928-692740502534', 'payment_completed', 'appointment_required', 'مدير النظام', 'تم تحديث حالة الطلب', '2025-12-21T09:06:17.120763+00:00', 'afb75e30-093a-4cb9-bab8-cabb78288899', 'تم الدفع', 'يتطلب حجز موعد', '2025-12-21T09:06:17.120763+00:00'),
  ('9f6ae327-47b2-449f-ba0b-a767d5245801', 'aff0091b-363e-4420-a667-d38281cf6e1a', 'submitted', 'payment_pending', 'مدير النظام', 'تم تحديث حالة الطلب', '2025-12-25T15:31:37.11586+00:00', 'afb75e30-093a-4cb9-bab8-cabb78288899', 'تم التقديم', 'في انتظار الدفع', '2025-12-25T15:31:37.11586+00:00')
ON CONFLICT DO NOTHING;

-- Data for table: otp_verifications
-- Rows: 2

INSERT INTO public.otp_verifications (id, phone_number, otp_code, application_id, verified, attempts, expires_at, created_at, verified_at)
VALUES
  ('362da194-48cc-42d4-82b0-b1738e8a7115', '0501234567', '349674', NULL, false, 0, '2025-10-09T09:55:04.440544+00:00', '2025-10-09T09:50:04.440544+00:00', NULL),
  ('1019218e-06c6-4fd9-bfca-582571748de5', '0507654321', '254679', NULL, false, 0, '2025-10-09T09:55:10.527161+00:00', '2025-10-09T09:50:10.527161+00:00', NULL)
ON CONFLICT DO NOTHING;

-- Data for table: payments
-- Rows: 1

INSERT INTO public.payments (id, application_id, amount, currency, payment_method, payment_status, transaction_id, payment_gateway, payment_date, receipt_url, created_at)
VALUES
  ('5effb4a3-ae18-4122-995d-79a9e28c6044', 'aff0091b-363e-4420-a667-d38281cf6e1a', 0, 'SAR', 'credit_card', 'completed', 'TXN-1766677211809-dinlg783g', 'Visa/MasterCard', '2025-12-25T15:40:11.809+00:00', NULL, '2025-12-25T15:40:12.764087+00:00')
ON CONFLICT DO NOTHING;

-- No data in rejection_details

-- No data in application_pricing_items

-- No data in application_pricing_summary

-- No data in invoices

-- Data for table: appointment_settings
-- Rows: 1

INSERT INTO public.appointment_settings (id, max_appointments_per_day, weekend_days, booking_advance_days, booking_cutoff_hours, allow_same_day_booking, created_at, updated_at)
VALUES
  ('038b662c-6b83-4fc8-9b0c-f8542114150a', 20, '[5,4]'::jsonb, 30, 24, false, '2025-12-10T16:04:53.697812+00:00', '2025-12-13T20:50:53.325564+00:00')
ON CONFLICT DO NOTHING;

-- Data for table: appointment_slots
-- Rows: 1000

INSERT INTO public.appointment_slots (id, date, time_slot, available_slots, total_slots, region, created_at)
VALUES
  ('ef53d622-e054-4bc6-add2-a5699b5f7c22', '2025-12-11', '09:00-09:30', 10, 10, 'riyadh', '2025-12-10T14:54:16.475373+00:00'),
  ('7b087e03-d227-4abd-b93d-63f418c67c50', '2025-12-11', '09:00-09:30', 10, 10, 'jeddah', '2025-12-10T14:54:16.475373+00:00'),
  ('8cb79815-43d5-4715-964f-c84e47508e1e', '2025-12-11', '09:00-09:30', 10, 10, 'dammam', '2025-12-10T14:54:16.475373+00:00'),
  ('7511f546-b9b5-4029-b78d-a66c6d39465c', '2025-12-11', '09:00-09:30', 10, 10, 'makkah', '2025-12-10T14:54:16.475373+00:00'),
  ('c755494e-3fff-4cd3-8d9f-ffe090d88699', '2025-12-11', '09:00-09:30', 10, 10, 'madinah', '2025-12-10T14:54:16.475373+00:00'),
  ('697f8ebb-b127-4f9b-9c50-2d93565e0722', '2025-12-11', '09:30-10:00', 10, 10, 'riyadh', '2025-12-10T14:54:16.475373+00:00'),
  ('0c5866cd-7ba0-42bf-939a-58380712d345', '2025-12-11', '09:30-10:00', 10, 10, 'jeddah', '2025-12-10T14:54:16.475373+00:00'),
  ('9a8b7bbc-25d6-43fb-a00c-c3fd9eedca91', '2025-12-11', '09:30-10:00', 10, 10, 'dammam', '2025-12-10T14:54:16.475373+00:00'),
  ('1a7c8cc5-0dd9-4ab0-b733-8f1013e1cdae', '2025-12-11', '09:30-10:00', 10, 10, 'makkah', '2025-12-10T14:54:16.475373+00:00'),
  ('bb53e683-7ae0-4896-9d6f-c126a43b222f', '2025-12-11', '09:30-10:00', 10, 10, 'madinah', '2025-12-10T14:54:16.475373+00:00'),
  ('5e3139b0-f0f2-4565-8e05-8fe438898c63', '2025-12-11', '10:00-10:30', 10, 10, 'riyadh', '2025-12-10T14:54:16.475373+00:00'),
  ('40b5364e-a4f3-4e0e-85f8-0cfc0ff305ed', '2025-12-11', '10:00-10:30', 10, 10, 'jeddah', '2025-12-10T14:54:16.475373+00:00'),
  ('c44e38c5-5b90-4015-9b4b-33c752593a09', '2025-12-11', '10:00-10:30', 10, 10, 'dammam', '2025-12-10T14:54:16.475373+00:00'),
  ('c1b8ff49-1020-4078-aba5-227ee523291e', '2025-12-11', '10:00-10:30', 10, 10, 'makkah', '2025-12-10T14:54:16.475373+00:00'),
  ('31715281-09f3-4de9-b830-e8e13ab9579a', '2025-12-11', '10:00-10:30', 10, 10, 'madinah', '2025-12-10T14:54:16.475373+00:00'),
  ('d41d319a-ee37-4ac0-9f60-4bd27d72c8d5', '2025-12-11', '10:30-11:00', 10, 10, 'riyadh', '2025-12-10T14:54:16.475373+00:00'),
  ('86ea7e26-c0a1-4b4a-8e13-6ad04fafff1c', '2025-12-11', '10:30-11:00', 10, 10, 'jeddah', '2025-12-10T14:54:16.475373+00:00'),
  ('f2996dcf-041d-4fac-b1f3-c2b067761a4e', '2025-12-11', '10:30-11:00', 10, 10, 'dammam', '2025-12-10T14:54:16.475373+00:00'),
  ('04491b92-280b-4334-9083-ae3a2b3e18a4', '2025-12-11', '10:30-11:00', 10, 10, 'makkah', '2025-12-10T14:54:16.475373+00:00'),
  ('c63a8a6e-46d8-4526-8004-3a68abdab160', '2025-12-11', '10:30-11:00', 10, 10, 'madinah', '2025-12-10T14:54:16.475373+00:00'),
  ('4f544953-bbf3-4388-90ee-2c1949a1ccdc', '2025-12-11', '11:00-11:30', 10, 10, 'riyadh', '2025-12-10T14:54:16.475373+00:00'),
  ('86e32c5c-df5a-4fa5-8014-9792da272765', '2025-12-11', '11:00-11:30', 10, 10, 'jeddah', '2025-12-10T14:54:16.475373+00:00'),
  ('eff020e4-ceb8-4697-b873-62bd54ace41b', '2025-12-11', '11:00-11:30', 10, 10, 'dammam', '2025-12-10T14:54:16.475373+00:00'),
  ('f8f23ca0-5390-4661-b519-a88c4fac10b5', '2025-12-11', '11:00-11:30', 10, 10, 'makkah', '2025-12-10T14:54:16.475373+00:00'),
  ('5127a2ff-958e-4b78-b889-fa6bf92721e2', '2025-12-11', '11:00-11:30', 10, 10, 'madinah', '2025-12-10T14:54:16.475373+00:00'),
  ('15ee203c-5e83-4e42-84a3-34676e7c4c58', '2025-12-11', '11:30-12:00', 10, 10, 'riyadh', '2025-12-10T14:54:16.475373+00:00'),
  ('04489cdc-5898-4ce6-b6d0-b68b4e1caa59', '2025-12-11', '11:30-12:00', 10, 10, 'jeddah', '2025-12-10T14:54:16.475373+00:00'),
  ('fcb90f7e-92c1-4ad6-b9c2-c0efcec005f7', '2025-12-11', '11:30-12:00', 10, 10, 'dammam', '2025-12-10T14:54:16.475373+00:00'),
  ('89b017d8-1de2-4b26-a09d-81a292a288b1', '2025-12-11', '11:30-12:00', 10, 10, 'makkah', '2025-12-10T14:54:16.475373+00:00'),
  ('fb470d74-1dac-4688-bef9-c88dd6d8ba73', '2025-12-11', '11:30-12:00', 10, 10, 'madinah', '2025-12-10T14:54:16.475373+00:00'),
  ('e9554209-195b-417e-bc6b-1f29333c04ba', '2025-12-11', '13:00-13:30', 10, 10, 'riyadh', '2025-12-10T14:54:16.475373+00:00'),
  ('5ebe5b70-9531-49ce-8a9c-5e980a455a4b', '2025-12-11', '13:00-13:30', 10, 10, 'jeddah', '2025-12-10T14:54:16.475373+00:00'),
  ('107f1309-962e-4b72-8d36-d2f180d9c2b7', '2025-12-11', '13:00-13:30', 10, 10, 'dammam', '2025-12-10T14:54:16.475373+00:00'),
  ('7bb04e5f-6efd-4b4e-bb95-b3cc7761e6e0', '2025-12-11', '13:00-13:30', 10, 10, 'makkah', '2025-12-10T14:54:16.475373+00:00'),
  ('c7c1c356-3a7d-4c76-8cea-4eb2bfcb013c', '2025-12-11', '13:00-13:30', 10, 10, 'madinah', '2025-12-10T14:54:16.475373+00:00'),
  ('0368286e-1a80-43f5-8e20-ac9ae82cd294', '2025-12-11', '13:30-14:00', 10, 10, 'riyadh', '2025-12-10T14:54:16.475373+00:00'),
  ('deb65cb8-0868-4293-a455-df063373972c', '2025-12-11', '13:30-14:00', 10, 10, 'jeddah', '2025-12-10T14:54:16.475373+00:00'),
  ('36e24581-2332-4c09-88f9-7de9dd5a2896', '2025-12-11', '13:30-14:00', 10, 10, 'dammam', '2025-12-10T14:54:16.475373+00:00'),
  ('8097160a-8dc3-4e50-8e79-0fecaac81488', '2025-12-11', '13:30-14:00', 10, 10, 'makkah', '2025-12-10T14:54:16.475373+00:00'),
  ('915272f0-c35a-422a-8c9c-d709a15a924a', '2025-12-11', '13:30-14:00', 10, 10, 'madinah', '2025-12-10T14:54:16.475373+00:00'),
  ('32c07a04-eaac-4c98-a98b-5068818a46b8', '2025-12-11', '14:00-14:30', 10, 10, 'riyadh', '2025-12-10T14:54:16.475373+00:00'),
  ('ca726b8d-a864-43b6-92a5-3d1709f280a7', '2025-12-11', '14:00-14:30', 10, 10, 'jeddah', '2025-12-10T14:54:16.475373+00:00'),
  ('256ae295-49ac-4cd0-812e-55177dee52c3', '2025-12-11', '14:00-14:30', 10, 10, 'dammam', '2025-12-10T14:54:16.475373+00:00'),
  ('2d98b0da-e23f-4fe4-a877-204294e26b22', '2025-12-11', '14:00-14:30', 10, 10, 'makkah', '2025-12-10T14:54:16.475373+00:00'),
  ('add1f67f-4633-40ee-807a-552bf0ac6dcf', '2025-12-11', '14:00-14:30', 10, 10, 'madinah', '2025-12-10T14:54:16.475373+00:00'),
  ('4176e422-6a6d-4802-a9d7-3c59295de638', '2025-12-11', '14:30-15:00', 10, 10, 'riyadh', '2025-12-10T14:54:16.475373+00:00'),
  ('ffa03e83-7d07-4631-9607-529cc2c18453', '2025-12-11', '14:30-15:00', 10, 10, 'jeddah', '2025-12-10T14:54:16.475373+00:00'),
  ('87e8c66c-d8f1-4f37-b059-3a35e4d42a79', '2025-12-11', '14:30-15:00', 10, 10, 'dammam', '2025-12-10T14:54:16.475373+00:00'),
  ('c29131d4-62f3-410e-9462-b53b5765d979', '2025-12-11', '14:30-15:00', 10, 10, 'makkah', '2025-12-10T14:54:16.475373+00:00'),
  ('7cd42018-0984-4660-94a9-adf5b4bcf44e', '2025-12-11', '14:30-15:00', 10, 10, 'madinah', '2025-12-10T14:54:16.475373+00:00'),
  ('3789d2ff-f557-4ce4-9181-905435c7375e', '2025-12-11', '15:00-15:30', 10, 10, 'riyadh', '2025-12-10T14:54:16.475373+00:00'),
  ('5123324e-2ce9-41ce-840d-a7efc1c6f427', '2025-12-11', '15:00-15:30', 10, 10, 'jeddah', '2025-12-10T14:54:16.475373+00:00'),
  ('ed70e13b-2a6a-493e-8537-1b2bf4553116', '2025-12-11', '15:00-15:30', 10, 10, 'dammam', '2025-12-10T14:54:16.475373+00:00'),
  ('3239ce75-d9be-4cb1-8bc4-ef2da39706e4', '2025-12-11', '15:00-15:30', 10, 10, 'makkah', '2025-12-10T14:54:16.475373+00:00'),
  ('e7bc7b32-a88a-4e27-a851-20900ca229be', '2025-12-11', '15:00-15:30', 10, 10, 'madinah', '2025-12-10T14:54:16.475373+00:00'),
  ('dd6efb14-3a06-4643-9723-95f696c449ce', '2025-12-11', '15:30-16:00', 10, 10, 'riyadh', '2025-12-10T14:54:16.475373+00:00'),
  ('90966fd4-79b8-48d6-9fa0-233d66c4f671', '2025-12-11', '15:30-16:00', 10, 10, 'jeddah', '2025-12-10T14:54:16.475373+00:00'),
  ('f91cad21-c7d0-4351-800e-fdaa43067b01', '2025-12-11', '15:30-16:00', 10, 10, 'dammam', '2025-12-10T14:54:16.475373+00:00'),
  ('4776568b-de32-42f4-a762-4146faa8b952', '2025-12-11', '15:30-16:00', 10, 10, 'makkah', '2025-12-10T14:54:16.475373+00:00'),
  ('1d832a06-e2a2-42ac-b349-f732dc5716f0', '2025-12-11', '15:30-16:00', 10, 10, 'madinah', '2025-12-10T14:54:16.475373+00:00'),
  ('588ee1e2-f156-4d34-b8c3-c860659c4c48', '2025-12-14', '09:00-09:30', 10, 10, 'riyadh', '2025-12-10T14:54:16.475373+00:00'),
  ('a77b621f-bf01-4b84-84c0-ba29a6a46864', '2025-12-14', '09:00-09:30', 10, 10, 'jeddah', '2025-12-10T14:54:16.475373+00:00'),
  ('9749ef4d-8ade-4bd9-8a69-e711f26562a4', '2025-12-14', '09:00-09:30', 10, 10, 'dammam', '2025-12-10T14:54:16.475373+00:00'),
  ('a6109ae7-adc7-4ff7-bc1f-50fb74dba5c2', '2025-12-14', '09:00-09:30', 10, 10, 'makkah', '2025-12-10T14:54:16.475373+00:00'),
  ('af7ee9c3-c14f-4442-b471-c42307148e64', '2025-12-14', '09:00-09:30', 10, 10, 'madinah', '2025-12-10T14:54:16.475373+00:00'),
  ('65c61858-4c81-495a-833d-183bfddfa898', '2025-12-14', '09:30-10:00', 10, 10, 'riyadh', '2025-12-10T14:54:16.475373+00:00'),
  ('c5bdc905-a13e-4e82-a92b-8693ff9ecf3b', '2025-12-14', '09:30-10:00', 10, 10, 'jeddah', '2025-12-10T14:54:16.475373+00:00'),
  ('b0ea1b00-0521-420e-acc5-6dad467c0641', '2025-12-14', '09:30-10:00', 10, 10, 'dammam', '2025-12-10T14:54:16.475373+00:00'),
  ('65d35f81-bbec-46bf-a5ac-b14b31742a39', '2025-12-14', '09:30-10:00', 10, 10, 'makkah', '2025-12-10T14:54:16.475373+00:00'),
  ('32741b4e-8628-4109-b52b-23779fb2fab1', '2025-12-14', '09:30-10:00', 10, 10, 'madinah', '2025-12-10T14:54:16.475373+00:00'),
  ('f4e09190-9e7b-4592-bedf-1e8ad4601ae8', '2025-12-14', '10:00-10:30', 10, 10, 'riyadh', '2025-12-10T14:54:16.475373+00:00'),
  ('45ea0436-e82f-4b9a-9a23-9c77736b562a', '2025-12-14', '10:00-10:30', 10, 10, 'jeddah', '2025-12-10T14:54:16.475373+00:00'),
  ('60298dec-e202-4724-a078-bdca228ba70b', '2025-12-14', '10:00-10:30', 10, 10, 'dammam', '2025-12-10T14:54:16.475373+00:00'),
  ('9012397f-2644-42d5-80f7-9788596c5c4c', '2025-12-14', '10:00-10:30', 10, 10, 'makkah', '2025-12-10T14:54:16.475373+00:00'),
  ('f074786b-2ffd-4973-8306-21642c583e26', '2025-12-14', '10:00-10:30', 10, 10, 'madinah', '2025-12-10T14:54:16.475373+00:00'),
  ('8c6d383a-1f41-442f-829f-4cb9b9fe9a78', '2025-12-14', '10:30-11:00', 10, 10, 'riyadh', '2025-12-10T14:54:16.475373+00:00'),
  ('b0b5528e-4881-4735-8227-020450e0dfef', '2025-12-14', '10:30-11:00', 10, 10, 'jeddah', '2025-12-10T14:54:16.475373+00:00'),
  ('2083bb3f-79ad-43b5-8956-d2a6906912a9', '2025-12-14', '10:30-11:00', 10, 10, 'dammam', '2025-12-10T14:54:16.475373+00:00'),
  ('314fd32b-adeb-4b79-ba3c-b594b5155144', '2025-12-14', '10:30-11:00', 10, 10, 'makkah', '2025-12-10T14:54:16.475373+00:00'),
  ('68a868d6-e776-4ca6-acf3-633dfa56c312', '2025-12-14', '10:30-11:00', 10, 10, 'madinah', '2025-12-10T14:54:16.475373+00:00'),
  ('3529a953-7db8-4bba-b593-d9b3f726cabd', '2025-12-14', '11:00-11:30', 10, 10, 'riyadh', '2025-12-10T14:54:16.475373+00:00'),
  ('54040511-7483-4e71-8734-c2887037229b', '2025-12-14', '11:00-11:30', 10, 10, 'jeddah', '2025-12-10T14:54:16.475373+00:00'),
  ('209b705f-bcf7-472f-864c-fbd78335a5b5', '2025-12-14', '11:00-11:30', 10, 10, 'dammam', '2025-12-10T14:54:16.475373+00:00'),
  ('a8e987cb-a917-46c3-9a36-d23ae8080a02', '2025-12-14', '11:00-11:30', 10, 10, 'makkah', '2025-12-10T14:54:16.475373+00:00'),
  ('3c845404-3132-48b7-a0fe-e56b1f17487c', '2025-12-14', '11:00-11:30', 10, 10, 'madinah', '2025-12-10T14:54:16.475373+00:00'),
  ('be727ab5-a6c6-40b6-a6d2-e610db396f38', '2025-12-14', '11:30-12:00', 10, 10, 'riyadh', '2025-12-10T14:54:16.475373+00:00'),
  ('95dfa5a8-888a-4f28-a37b-5d1ff1633505', '2025-12-14', '11:30-12:00', 10, 10, 'jeddah', '2025-12-10T14:54:16.475373+00:00'),
  ('de4ae552-cd50-40c5-9504-0e93614bd083', '2025-12-14', '11:30-12:00', 10, 10, 'dammam', '2025-12-10T14:54:16.475373+00:00'),
  ('ece198fd-11e2-45fc-a715-7068ac6dc9b8', '2025-12-14', '11:30-12:00', 10, 10, 'makkah', '2025-12-10T14:54:16.475373+00:00'),
  ('2edef7b0-8260-40ba-93f4-02d13cd16793', '2025-12-14', '11:30-12:00', 10, 10, 'madinah', '2025-12-10T14:54:16.475373+00:00'),
  ('55e4b9d7-1a71-4f90-af1d-505d78183887', '2025-12-14', '13:00-13:30', 10, 10, 'riyadh', '2025-12-10T14:54:16.475373+00:00'),
  ('58ed503c-8556-420d-86b1-36fa4c4bb6ef', '2025-12-14', '13:00-13:30', 10, 10, 'jeddah', '2025-12-10T14:54:16.475373+00:00'),
  ('153fbcb1-fed7-4664-a929-72e0cf443df6', '2025-12-14', '13:00-13:30', 10, 10, 'dammam', '2025-12-10T14:54:16.475373+00:00'),
  ('7dc3d51d-923d-4370-ac72-13251ceaaa9f', '2025-12-14', '13:00-13:30', 10, 10, 'makkah', '2025-12-10T14:54:16.475373+00:00'),
  ('b15b8ead-7a12-40fc-8920-59ff574dac15', '2025-12-14', '13:00-13:30', 10, 10, 'madinah', '2025-12-10T14:54:16.475373+00:00'),
  ('a78369cf-a5b1-4c44-b80c-570bf086eece', '2025-12-14', '13:30-14:00', 10, 10, 'riyadh', '2025-12-10T14:54:16.475373+00:00'),
  ('4d91db6d-dfb4-49e7-b8d6-bf90061f9ba6', '2025-12-14', '13:30-14:00', 10, 10, 'jeddah', '2025-12-10T14:54:16.475373+00:00'),
  ('54043ec8-7768-4e6a-ba3b-4594a148f06e', '2025-12-14', '13:30-14:00', 10, 10, 'dammam', '2025-12-10T14:54:16.475373+00:00'),
  ('e9b73d7b-0953-47ac-9561-ec8ef0079a1c', '2025-12-14', '13:30-14:00', 10, 10, 'makkah', '2025-12-10T14:54:16.475373+00:00'),
  ('e7836911-f27b-4c9b-b747-9453ae1b76d4', '2025-12-14', '13:30-14:00', 10, 10, 'madinah', '2025-12-10T14:54:16.475373+00:00')
ON CONFLICT DO NOTHING;

INSERT INTO public.appointment_slots (id, date, time_slot, available_slots, total_slots, region, created_at)
VALUES
  ('d1de2829-b3c9-4c12-a868-48016a021711', '2025-12-14', '14:00-14:30', 10, 10, 'riyadh', '2025-12-10T14:54:16.475373+00:00'),
  ('11d1e371-71b3-4028-8270-67768732e177', '2025-12-14', '14:00-14:30', 10, 10, 'jeddah', '2025-12-10T14:54:16.475373+00:00'),
  ('a00a84e2-ba6f-42ed-aa54-2efe5f99a0fc', '2025-12-14', '14:00-14:30', 10, 10, 'dammam', '2025-12-10T14:54:16.475373+00:00'),
  ('70fd0e9f-4b62-4abb-a12d-719d2f1ddd54', '2025-12-14', '14:00-14:30', 10, 10, 'makkah', '2025-12-10T14:54:16.475373+00:00'),
  ('ed201a38-dce8-4ac3-8784-1850db1ec9a5', '2025-12-14', '14:00-14:30', 10, 10, 'madinah', '2025-12-10T14:54:16.475373+00:00'),
  ('57a98577-5a5f-47c7-8d31-70759f853443', '2025-12-14', '14:30-15:00', 10, 10, 'riyadh', '2025-12-10T14:54:16.475373+00:00'),
  ('84ed2412-7c20-4bba-a58d-1b16cebc09a2', '2025-12-14', '14:30-15:00', 10, 10, 'jeddah', '2025-12-10T14:54:16.475373+00:00'),
  ('c2aadbf6-b0c3-4677-9031-01689b62ff15', '2025-12-14', '14:30-15:00', 10, 10, 'dammam', '2025-12-10T14:54:16.475373+00:00'),
  ('973f6f88-b422-4966-aec7-38943d259c48', '2025-12-14', '14:30-15:00', 10, 10, 'makkah', '2025-12-10T14:54:16.475373+00:00'),
  ('bb621bed-a9d9-4727-a50b-7d7ec30b88d2', '2025-12-14', '14:30-15:00', 10, 10, 'madinah', '2025-12-10T14:54:16.475373+00:00'),
  ('cb6dfd21-56e8-4899-b5e8-3195cea5017b', '2025-12-14', '15:00-15:30', 10, 10, 'riyadh', '2025-12-10T14:54:16.475373+00:00'),
  ('43910bb2-f3ac-4b05-bf41-878a2399dadc', '2025-12-14', '15:00-15:30', 10, 10, 'jeddah', '2025-12-10T14:54:16.475373+00:00'),
  ('d7ca04a4-3acb-4ac9-9a8d-37a3d3a7d543', '2025-12-14', '15:00-15:30', 10, 10, 'dammam', '2025-12-10T14:54:16.475373+00:00'),
  ('b494dc9a-1905-4a7d-a7b4-267409432632', '2025-12-14', '15:00-15:30', 10, 10, 'makkah', '2025-12-10T14:54:16.475373+00:00'),
  ('6610dbc1-f2fd-45f8-92d9-7d3e73bd4500', '2025-12-14', '15:00-15:30', 10, 10, 'madinah', '2025-12-10T14:54:16.475373+00:00'),
  ('5958683a-8bfc-49a3-afaf-332d453344ff', '2025-12-14', '15:30-16:00', 10, 10, 'riyadh', '2025-12-10T14:54:16.475373+00:00'),
  ('da97b865-e9c8-435b-a261-d22fc7e1740c', '2025-12-14', '15:30-16:00', 10, 10, 'jeddah', '2025-12-10T14:54:16.475373+00:00'),
  ('e33c94d8-3c58-4199-b370-2dbf1f5f15cf', '2025-12-14', '15:30-16:00', 10, 10, 'dammam', '2025-12-10T14:54:16.475373+00:00'),
  ('742a1020-7c88-4641-8bb7-cdfe0a66a51b', '2025-12-14', '15:30-16:00', 10, 10, 'makkah', '2025-12-10T14:54:16.475373+00:00'),
  ('a62efde8-e7a0-44ed-bede-dc1ff87e80e2', '2025-12-14', '15:30-16:00', 10, 10, 'madinah', '2025-12-10T14:54:16.475373+00:00'),
  ('985e4613-4f54-493a-8fe9-173125fe70ef', '2025-12-15', '09:00-09:30', 10, 10, 'riyadh', '2025-12-10T14:54:16.475373+00:00'),
  ('e2ab6f22-cce8-41c4-9288-84ffcd2087ab', '2025-12-15', '09:00-09:30', 10, 10, 'jeddah', '2025-12-10T14:54:16.475373+00:00'),
  ('82e00afc-cd09-46ed-ba5a-e59f6843dfdd', '2025-12-15', '09:00-09:30', 10, 10, 'dammam', '2025-12-10T14:54:16.475373+00:00'),
  ('c4badd45-0e28-40d9-929c-4c093946f48b', '2025-12-15', '09:00-09:30', 10, 10, 'makkah', '2025-12-10T14:54:16.475373+00:00'),
  ('ba491ff3-be5c-4d21-b244-23eb316e5d22', '2025-12-15', '09:00-09:30', 10, 10, 'madinah', '2025-12-10T14:54:16.475373+00:00'),
  ('5f86c192-6c19-47bf-a94c-b296cc5b0bb6', '2025-12-15', '09:30-10:00', 10, 10, 'riyadh', '2025-12-10T14:54:16.475373+00:00'),
  ('917cfed5-a5e3-4ef0-a25b-fc2623fbc025', '2025-12-15', '09:30-10:00', 10, 10, 'jeddah', '2025-12-10T14:54:16.475373+00:00'),
  ('800e9dbd-2341-41ae-9700-40826a675b51', '2025-12-15', '09:30-10:00', 10, 10, 'dammam', '2025-12-10T14:54:16.475373+00:00'),
  ('5c1d2bca-44fb-4f18-b1d2-7f6cd753cf54', '2025-12-15', '09:30-10:00', 10, 10, 'makkah', '2025-12-10T14:54:16.475373+00:00'),
  ('a1b12069-51c5-4d05-bb6f-caa4cf9a5f89', '2025-12-15', '09:30-10:00', 10, 10, 'madinah', '2025-12-10T14:54:16.475373+00:00'),
  ('bc41bd81-ed1c-41b2-933e-1cb3946b1d6a', '2025-12-15', '10:00-10:30', 10, 10, 'riyadh', '2025-12-10T14:54:16.475373+00:00'),
  ('050248eb-501a-44d8-9670-f25a4f05a272', '2025-12-15', '10:00-10:30', 10, 10, 'jeddah', '2025-12-10T14:54:16.475373+00:00'),
  ('cee756b5-50ec-4c90-b460-64c409bdf89e', '2025-12-15', '10:00-10:30', 10, 10, 'dammam', '2025-12-10T14:54:16.475373+00:00'),
  ('a6746273-4b09-4b0e-817f-b62fb29a13d1', '2025-12-15', '10:00-10:30', 10, 10, 'makkah', '2025-12-10T14:54:16.475373+00:00'),
  ('e7f82843-c5aa-4678-8741-e016329a86be', '2025-12-15', '10:00-10:30', 10, 10, 'madinah', '2025-12-10T14:54:16.475373+00:00'),
  ('9611bbf7-8d09-43a5-92a5-7cf0014d3e5d', '2025-12-15', '10:30-11:00', 10, 10, 'riyadh', '2025-12-10T14:54:16.475373+00:00'),
  ('fdda3c0b-dfa5-4279-a8b5-04f94f86f65f', '2025-12-15', '10:30-11:00', 10, 10, 'jeddah', '2025-12-10T14:54:16.475373+00:00'),
  ('74955ae4-73be-4b9e-88fc-338461579f87', '2025-12-15', '10:30-11:00', 10, 10, 'dammam', '2025-12-10T14:54:16.475373+00:00'),
  ('df1efa79-f66f-4e42-88b6-b7f9dd6069cf', '2025-12-15', '10:30-11:00', 10, 10, 'makkah', '2025-12-10T14:54:16.475373+00:00'),
  ('a063d1fe-bced-45d4-83cd-88624ea5dfbf', '2025-12-15', '10:30-11:00', 10, 10, 'madinah', '2025-12-10T14:54:16.475373+00:00'),
  ('585642cf-0c58-42c9-a0a3-4833e0aabc31', '2025-12-15', '11:00-11:30', 10, 10, 'riyadh', '2025-12-10T14:54:16.475373+00:00'),
  ('ed4f7e69-01d8-4437-b0a2-efb10142b811', '2025-12-15', '11:00-11:30', 10, 10, 'jeddah', '2025-12-10T14:54:16.475373+00:00'),
  ('2c2ed7fd-0edf-42fa-b38b-2d5ada1eae0c', '2025-12-15', '11:00-11:30', 10, 10, 'dammam', '2025-12-10T14:54:16.475373+00:00'),
  ('dffa39d2-15d2-461f-868d-b33d76901273', '2025-12-15', '11:00-11:30', 10, 10, 'makkah', '2025-12-10T14:54:16.475373+00:00'),
  ('1b407981-454a-4af9-85b0-96ae00366fc5', '2025-12-15', '11:00-11:30', 10, 10, 'madinah', '2025-12-10T14:54:16.475373+00:00'),
  ('5781ca57-e8c3-4c49-be42-db921934e4e3', '2025-12-15', '11:30-12:00', 10, 10, 'riyadh', '2025-12-10T14:54:16.475373+00:00'),
  ('49d0bb2b-a263-49fb-968b-21fa2b0e33ef', '2025-12-15', '11:30-12:00', 10, 10, 'jeddah', '2025-12-10T14:54:16.475373+00:00'),
  ('388526ff-62a5-449b-bbcd-fb5f07510bd0', '2025-12-15', '11:30-12:00', 10, 10, 'dammam', '2025-12-10T14:54:16.475373+00:00'),
  ('46b4e690-f671-4bf7-bd99-f16430dad8fa', '2025-12-15', '11:30-12:00', 10, 10, 'makkah', '2025-12-10T14:54:16.475373+00:00'),
  ('f4bd99de-43bd-476b-b32a-82802551237d', '2025-12-15', '11:30-12:00', 10, 10, 'madinah', '2025-12-10T14:54:16.475373+00:00'),
  ('7eb9e31d-95a2-4f40-99aa-d3925cb470f3', '2025-12-15', '13:00-13:30', 10, 10, 'riyadh', '2025-12-10T14:54:16.475373+00:00'),
  ('afc7c265-f812-47f3-b6bd-c499df247070', '2025-12-15', '13:00-13:30', 10, 10, 'jeddah', '2025-12-10T14:54:16.475373+00:00'),
  ('32f04773-3633-461a-9581-6aac83159591', '2025-12-15', '13:00-13:30', 10, 10, 'dammam', '2025-12-10T14:54:16.475373+00:00'),
  ('ce0a66d6-eef1-47aa-add9-8a99bc3c384e', '2025-12-15', '13:00-13:30', 10, 10, 'makkah', '2025-12-10T14:54:16.475373+00:00'),
  ('56c1cd22-30b4-4f6b-996f-15d766b30005', '2025-12-15', '13:00-13:30', 10, 10, 'madinah', '2025-12-10T14:54:16.475373+00:00'),
  ('b1de892a-6f56-4bca-a657-6cefc4b29174', '2025-12-15', '13:30-14:00', 10, 10, 'riyadh', '2025-12-10T14:54:16.475373+00:00'),
  ('d55fc09b-508d-47de-96c7-54a4278225fe', '2025-12-15', '13:30-14:00', 10, 10, 'jeddah', '2025-12-10T14:54:16.475373+00:00'),
  ('12c1c3cb-6b47-4987-a823-ff28b611d829', '2025-12-15', '13:30-14:00', 10, 10, 'dammam', '2025-12-10T14:54:16.475373+00:00'),
  ('796c1109-780c-4707-99af-a3cb678c9a9f', '2025-12-15', '13:30-14:00', 10, 10, 'makkah', '2025-12-10T14:54:16.475373+00:00'),
  ('7b3e8548-95d7-4eb3-8a93-a6eafadcf87a', '2025-12-15', '13:30-14:00', 10, 10, 'madinah', '2025-12-10T14:54:16.475373+00:00'),
  ('cd2b32a9-5f2b-4e2b-a910-7ae8b3c33a5a', '2025-12-15', '14:00-14:30', 10, 10, 'riyadh', '2025-12-10T14:54:16.475373+00:00'),
  ('f8fe80fd-1029-435b-8c17-4d1877242f4b', '2025-12-15', '14:00-14:30', 10, 10, 'jeddah', '2025-12-10T14:54:16.475373+00:00'),
  ('2771a9d9-14ca-46da-9e52-1a9ee0e116ae', '2025-12-15', '14:00-14:30', 10, 10, 'dammam', '2025-12-10T14:54:16.475373+00:00'),
  ('6a40bba9-dc03-46fc-8b40-ac523f9bf88d', '2025-12-15', '14:00-14:30', 10, 10, 'makkah', '2025-12-10T14:54:16.475373+00:00'),
  ('3b6497eb-0a3b-441c-af99-0bfac5cfd064', '2025-12-15', '14:00-14:30', 10, 10, 'madinah', '2025-12-10T14:54:16.475373+00:00'),
  ('659b328d-01a2-44d3-8707-34cf02e70ed1', '2025-12-15', '14:30-15:00', 10, 10, 'riyadh', '2025-12-10T14:54:16.475373+00:00'),
  ('6ff0e7a2-5a38-4fd5-8907-6465a76a962f', '2025-12-15', '14:30-15:00', 10, 10, 'jeddah', '2025-12-10T14:54:16.475373+00:00'),
  ('6d596707-95c7-45e4-b826-a68df7fa34d0', '2025-12-15', '14:30-15:00', 10, 10, 'dammam', '2025-12-10T14:54:16.475373+00:00'),
  ('34a36792-ec1b-4119-b9c3-08e68ee19622', '2025-12-15', '14:30-15:00', 10, 10, 'makkah', '2025-12-10T14:54:16.475373+00:00'),
  ('e6f64c84-9515-4b09-ae76-d991e36ecf49', '2025-12-15', '14:30-15:00', 10, 10, 'madinah', '2025-12-10T14:54:16.475373+00:00'),
  ('50d308be-e097-443f-8246-fe8e5659c0d6', '2025-12-15', '15:00-15:30', 10, 10, 'riyadh', '2025-12-10T14:54:16.475373+00:00'),
  ('0aee9b05-48d4-48f9-864e-012b06f2601a', '2025-12-15', '15:00-15:30', 10, 10, 'jeddah', '2025-12-10T14:54:16.475373+00:00'),
  ('d5afc0b6-17d5-49e2-bde5-fda8496d85c5', '2025-12-15', '15:00-15:30', 10, 10, 'dammam', '2025-12-10T14:54:16.475373+00:00'),
  ('b1c3363c-2f1b-4a69-a874-150eff7abf18', '2025-12-15', '15:00-15:30', 10, 10, 'makkah', '2025-12-10T14:54:16.475373+00:00'),
  ('07f73934-8285-4aec-b2b3-8b8ef4826a01', '2025-12-15', '15:00-15:30', 10, 10, 'madinah', '2025-12-10T14:54:16.475373+00:00'),
  ('4bfca991-bc2d-4981-aaba-9b2d3ecedd41', '2025-12-15', '15:30-16:00', 10, 10, 'riyadh', '2025-12-10T14:54:16.475373+00:00'),
  ('10216b9a-4bac-4551-bb89-52153b77cb74', '2025-12-15', '15:30-16:00', 10, 10, 'jeddah', '2025-12-10T14:54:16.475373+00:00'),
  ('3159a826-9c4b-41c5-b05a-afb585d00c6e', '2025-12-15', '15:30-16:00', 10, 10, 'dammam', '2025-12-10T14:54:16.475373+00:00'),
  ('57c45097-9a01-4f32-acb0-1215157c20c4', '2025-12-15', '15:30-16:00', 10, 10, 'makkah', '2025-12-10T14:54:16.475373+00:00'),
  ('884572c9-f43d-4db3-90e6-395811d9ceb2', '2025-12-15', '15:30-16:00', 10, 10, 'madinah', '2025-12-10T14:54:16.475373+00:00'),
  ('0f5ed2f9-e342-49c7-a45f-09951d2ce51e', '2025-12-16', '09:00-09:30', 10, 10, 'riyadh', '2025-12-10T14:54:16.475373+00:00'),
  ('42af9a07-bd2a-44df-90ed-95a96a592674', '2025-12-16', '09:00-09:30', 10, 10, 'jeddah', '2025-12-10T14:54:16.475373+00:00'),
  ('c386ba29-5cdd-4ff9-9576-3c64d8e9c891', '2025-12-16', '09:00-09:30', 10, 10, 'dammam', '2025-12-10T14:54:16.475373+00:00'),
  ('6a9bbffc-3fa3-473d-8f0b-ae1766ca2553', '2025-12-16', '09:00-09:30', 10, 10, 'makkah', '2025-12-10T14:54:16.475373+00:00'),
  ('85009875-a913-4c21-a3fa-f234e91ff14b', '2025-12-16', '09:00-09:30', 10, 10, 'madinah', '2025-12-10T14:54:16.475373+00:00'),
  ('922c7fab-854c-450f-ad04-56dfe9c23c1c', '2025-12-16', '09:30-10:00', 10, 10, 'riyadh', '2025-12-10T14:54:16.475373+00:00'),
  ('d807419c-410a-4337-8d34-489fbd73ef8f', '2025-12-16', '09:30-10:00', 10, 10, 'jeddah', '2025-12-10T14:54:16.475373+00:00'),
  ('a6d37cb0-7cf4-46fe-9b08-61a1fe5e6d9f', '2025-12-16', '09:30-10:00', 10, 10, 'dammam', '2025-12-10T14:54:16.475373+00:00'),
  ('f1e5a44f-67ae-4fd7-8a33-36818e929f28', '2025-12-16', '09:30-10:00', 10, 10, 'makkah', '2025-12-10T14:54:16.475373+00:00'),
  ('57d80fe9-52b1-4c47-99e0-7142643900c6', '2025-12-16', '09:30-10:00', 10, 10, 'madinah', '2025-12-10T14:54:16.475373+00:00'),
  ('a1675c87-fe6c-485a-b3b9-deb757986fcd', '2025-12-16', '10:00-10:30', 10, 10, 'riyadh', '2025-12-10T14:54:16.475373+00:00'),
  ('8748af6c-d56f-4eaa-81f5-a6ac4bf13435', '2025-12-16', '10:00-10:30', 10, 10, 'jeddah', '2025-12-10T14:54:16.475373+00:00'),
  ('6ae43bed-37f2-430f-b996-e07293585f56', '2025-12-16', '10:00-10:30', 10, 10, 'dammam', '2025-12-10T14:54:16.475373+00:00'),
  ('19e1b802-2516-4ab2-9291-d12cec6b2e89', '2025-12-16', '10:00-10:30', 10, 10, 'makkah', '2025-12-10T14:54:16.475373+00:00'),
  ('b2926885-c1ec-4e6c-bb7a-391f42c82149', '2025-12-16', '10:00-10:30', 10, 10, 'madinah', '2025-12-10T14:54:16.475373+00:00'),
  ('28d7f325-304b-44fe-887d-cf6529dfc8da', '2025-12-16', '10:30-11:00', 10, 10, 'riyadh', '2025-12-10T14:54:16.475373+00:00'),
  ('e3973319-ce29-42c4-ab7a-4b5c360e0ab4', '2025-12-16', '10:30-11:00', 10, 10, 'jeddah', '2025-12-10T14:54:16.475373+00:00'),
  ('87ca42cd-4f70-419b-b6c3-53151698746e', '2025-12-16', '10:30-11:00', 10, 10, 'dammam', '2025-12-10T14:54:16.475373+00:00'),
  ('b754e0ea-6af2-4d73-8253-a9daa8b6adc9', '2025-12-16', '10:30-11:00', 10, 10, 'makkah', '2025-12-10T14:54:16.475373+00:00'),
  ('ffc19b06-0ceb-470d-ab58-bdb2bafb56e7', '2025-12-16', '10:30-11:00', 10, 10, 'madinah', '2025-12-10T14:54:16.475373+00:00')
ON CONFLICT DO NOTHING;

INSERT INTO public.appointment_slots (id, date, time_slot, available_slots, total_slots, region, created_at)
VALUES
  ('d431538d-ba54-43f4-b642-a1634a0032bf', '2025-12-16', '11:00-11:30', 10, 10, 'riyadh', '2025-12-10T14:54:16.475373+00:00'),
  ('a1858cba-8b2f-4309-8524-d4052179854a', '2025-12-16', '11:00-11:30', 10, 10, 'jeddah', '2025-12-10T14:54:16.475373+00:00'),
  ('3423103c-8440-472e-b45d-66902955ce63', '2025-12-16', '11:00-11:30', 10, 10, 'dammam', '2025-12-10T14:54:16.475373+00:00'),
  ('19b979b9-3ad7-40c8-92be-5d38304d97fa', '2025-12-16', '11:00-11:30', 10, 10, 'makkah', '2025-12-10T14:54:16.475373+00:00'),
  ('277800fd-9acd-4f8d-9e63-da6e12c6caa5', '2025-12-16', '11:00-11:30', 10, 10, 'madinah', '2025-12-10T14:54:16.475373+00:00'),
  ('27506941-a033-4e12-bca2-a784baf6e977', '2025-12-16', '11:30-12:00', 10, 10, 'riyadh', '2025-12-10T14:54:16.475373+00:00'),
  ('f80bfdae-4b0c-4bb7-8f52-e797f62b1fc9', '2025-12-16', '11:30-12:00', 10, 10, 'jeddah', '2025-12-10T14:54:16.475373+00:00'),
  ('305cb268-7afc-4fdd-88fc-5702f899cf31', '2025-12-16', '11:30-12:00', 10, 10, 'dammam', '2025-12-10T14:54:16.475373+00:00'),
  ('172c1b40-0e94-4249-a18e-ca2e79697a7b', '2025-12-16', '11:30-12:00', 10, 10, 'makkah', '2025-12-10T14:54:16.475373+00:00'),
  ('0999cb72-a4cc-4793-924c-7dab1325cb07', '2025-12-16', '11:30-12:00', 10, 10, 'madinah', '2025-12-10T14:54:16.475373+00:00'),
  ('ec794e07-b721-43d0-a002-63c259869c94', '2025-12-16', '13:00-13:30', 10, 10, 'riyadh', '2025-12-10T14:54:16.475373+00:00'),
  ('1a23a9d1-63f0-4091-9673-74fb5f80685c', '2025-12-16', '13:00-13:30', 10, 10, 'jeddah', '2025-12-10T14:54:16.475373+00:00'),
  ('64dc46ab-8602-49b2-8870-1efff67dd35f', '2025-12-16', '13:00-13:30', 10, 10, 'dammam', '2025-12-10T14:54:16.475373+00:00'),
  ('122cbfec-ec90-4792-b859-afa31f3de48f', '2025-12-16', '13:00-13:30', 10, 10, 'makkah', '2025-12-10T14:54:16.475373+00:00'),
  ('23a20b6a-88ce-4231-a8b8-34c576c03294', '2025-12-16', '13:00-13:30', 10, 10, 'madinah', '2025-12-10T14:54:16.475373+00:00'),
  ('89f82186-d5b7-444e-b275-b14a8bb35252', '2025-12-16', '13:30-14:00', 10, 10, 'riyadh', '2025-12-10T14:54:16.475373+00:00'),
  ('7e2fc6cc-44d4-4694-841d-4b01be1f530e', '2025-12-16', '13:30-14:00', 10, 10, 'jeddah', '2025-12-10T14:54:16.475373+00:00'),
  ('34eef172-36da-42c3-b8c9-93210f0ca2e9', '2025-12-16', '13:30-14:00', 10, 10, 'dammam', '2025-12-10T14:54:16.475373+00:00'),
  ('6b4554a7-a40f-4ef1-a97d-b14b3c2bb508', '2025-12-16', '13:30-14:00', 10, 10, 'makkah', '2025-12-10T14:54:16.475373+00:00'),
  ('77f7ace5-aa5e-4926-8d19-191a341afb14', '2025-12-16', '13:30-14:00', 10, 10, 'madinah', '2025-12-10T14:54:16.475373+00:00'),
  ('85c4de59-c590-4775-a6cc-97496684d8a9', '2025-12-16', '14:00-14:30', 10, 10, 'riyadh', '2025-12-10T14:54:16.475373+00:00'),
  ('cfbd7dae-a673-44ff-b933-ecf78e447a4c', '2025-12-16', '14:00-14:30', 10, 10, 'jeddah', '2025-12-10T14:54:16.475373+00:00'),
  ('99fbb34d-272a-4adf-aede-e24f674d09a5', '2025-12-16', '14:00-14:30', 10, 10, 'dammam', '2025-12-10T14:54:16.475373+00:00'),
  ('e58b299a-c099-414c-91f5-e4105bd8bdca', '2025-12-16', '14:00-14:30', 10, 10, 'makkah', '2025-12-10T14:54:16.475373+00:00'),
  ('6b412390-1702-435e-baa2-cb880a86dca3', '2025-12-16', '14:00-14:30', 10, 10, 'madinah', '2025-12-10T14:54:16.475373+00:00'),
  ('6d606be8-b490-45f9-936d-98b746a24389', '2025-12-16', '14:30-15:00', 10, 10, 'riyadh', '2025-12-10T14:54:16.475373+00:00'),
  ('32368839-9921-4127-961a-5d3ad3e7dff1', '2025-12-16', '14:30-15:00', 10, 10, 'jeddah', '2025-12-10T14:54:16.475373+00:00'),
  ('b0778ae2-7b82-40ac-b66e-14a6ea86b3ca', '2025-12-16', '14:30-15:00', 10, 10, 'dammam', '2025-12-10T14:54:16.475373+00:00'),
  ('4b77d846-2836-4ac9-9dda-d38822d222eb', '2025-12-16', '14:30-15:00', 10, 10, 'makkah', '2025-12-10T14:54:16.475373+00:00'),
  ('736ca275-2df3-4d08-95ed-ae0c811ab31e', '2025-12-16', '14:30-15:00', 10, 10, 'madinah', '2025-12-10T14:54:16.475373+00:00'),
  ('8f7a7b53-457f-48d6-856e-955876de35c0', '2025-12-16', '15:00-15:30', 10, 10, 'riyadh', '2025-12-10T14:54:16.475373+00:00'),
  ('822a7313-4263-44ed-a71b-6bf1e2c5d992', '2025-12-16', '15:00-15:30', 10, 10, 'jeddah', '2025-12-10T14:54:16.475373+00:00'),
  ('241a3cea-caf0-468b-924f-bc73330f48a0', '2025-12-16', '15:00-15:30', 10, 10, 'dammam', '2025-12-10T14:54:16.475373+00:00'),
  ('8a8bb929-3d6e-4a5c-bed7-33b27e9a0e01', '2025-12-16', '15:00-15:30', 10, 10, 'makkah', '2025-12-10T14:54:16.475373+00:00'),
  ('fba047a0-29db-4ab1-9e27-7f4910350a30', '2025-12-16', '15:00-15:30', 10, 10, 'madinah', '2025-12-10T14:54:16.475373+00:00'),
  ('1a157383-05a0-4e70-8889-63cf6f0d2228', '2025-12-16', '15:30-16:00', 10, 10, 'riyadh', '2025-12-10T14:54:16.475373+00:00'),
  ('a95c12d7-82d0-4493-8e94-dbc252a3ab45', '2025-12-16', '15:30-16:00', 10, 10, 'jeddah', '2025-12-10T14:54:16.475373+00:00'),
  ('85cab622-f74d-4a7f-b88d-fb8c6f875d01', '2025-12-16', '15:30-16:00', 10, 10, 'dammam', '2025-12-10T14:54:16.475373+00:00'),
  ('68efe6cd-c5db-4742-89ca-7bbb94d2496e', '2025-12-16', '15:30-16:00', 10, 10, 'makkah', '2025-12-10T14:54:16.475373+00:00'),
  ('0ef45a01-60c5-45e6-9260-360bd208aa54', '2025-12-16', '15:30-16:00', 10, 10, 'madinah', '2025-12-10T14:54:16.475373+00:00'),
  ('e3464a27-f8c6-4c1f-988a-90ac5f0c2b56', '2025-12-17', '09:00-09:30', 10, 10, 'riyadh', '2025-12-10T14:54:16.475373+00:00'),
  ('e95e52e6-ef1d-4c0e-8bf8-78feec094baf', '2025-12-17', '09:00-09:30', 10, 10, 'jeddah', '2025-12-10T14:54:16.475373+00:00'),
  ('8f41d3b2-e392-43a9-bbe6-75e66cbb4be9', '2025-12-17', '09:00-09:30', 10, 10, 'dammam', '2025-12-10T14:54:16.475373+00:00'),
  ('70b71d77-8a0d-4ddb-827f-de3f4faf05ff', '2025-12-17', '09:00-09:30', 10, 10, 'makkah', '2025-12-10T14:54:16.475373+00:00'),
  ('fcc2d695-94d5-4d18-be34-dddf999c4233', '2025-12-17', '09:00-09:30', 10, 10, 'madinah', '2025-12-10T14:54:16.475373+00:00'),
  ('0d2cbf50-9362-44eb-bce6-1a741b131939', '2025-12-17', '09:30-10:00', 10, 10, 'riyadh', '2025-12-10T14:54:16.475373+00:00'),
  ('fe37e8e7-0a38-4fbc-ba88-71f528d7fbc8', '2025-12-17', '09:30-10:00', 10, 10, 'jeddah', '2025-12-10T14:54:16.475373+00:00'),
  ('7f4542f8-c71c-447c-a8fb-8183c9ce8621', '2025-12-17', '09:30-10:00', 10, 10, 'dammam', '2025-12-10T14:54:16.475373+00:00'),
  ('e5dcdebc-4db5-41e3-a6d8-963567815edc', '2025-12-17', '09:30-10:00', 10, 10, 'makkah', '2025-12-10T14:54:16.475373+00:00'),
  ('9bb2549f-fed3-4028-b609-41ba9d1e8963', '2025-12-17', '09:30-10:00', 10, 10, 'madinah', '2025-12-10T14:54:16.475373+00:00'),
  ('9e5f3202-96f6-4430-9890-fa2d3cfb963f', '2025-12-17', '10:00-10:30', 10, 10, 'riyadh', '2025-12-10T14:54:16.475373+00:00'),
  ('b6139af4-49da-4ab7-9c18-6204cdcaa488', '2025-12-17', '10:00-10:30', 10, 10, 'jeddah', '2025-12-10T14:54:16.475373+00:00'),
  ('03debf82-be7d-4b9f-bdd5-0cc2c4ed9d93', '2025-12-17', '10:00-10:30', 10, 10, 'dammam', '2025-12-10T14:54:16.475373+00:00'),
  ('2ead8278-0114-474f-8550-16910c3c6d50', '2025-12-17', '10:00-10:30', 10, 10, 'makkah', '2025-12-10T14:54:16.475373+00:00'),
  ('ef05ad50-fc14-4b74-bf09-4e4a739b23e3', '2025-12-17', '10:00-10:30', 10, 10, 'madinah', '2025-12-10T14:54:16.475373+00:00'),
  ('ab66bd52-64bf-4175-ae63-f1be19d35b93', '2025-12-17', '10:30-11:00', 10, 10, 'riyadh', '2025-12-10T14:54:16.475373+00:00'),
  ('65777ed6-e96e-4cc8-8b3c-b0ed3b2d5364', '2025-12-17', '10:30-11:00', 10, 10, 'jeddah', '2025-12-10T14:54:16.475373+00:00'),
  ('30af55af-04af-4e21-8429-77d52936fae0', '2025-12-17', '10:30-11:00', 10, 10, 'dammam', '2025-12-10T14:54:16.475373+00:00'),
  ('70889da5-acd1-456c-b672-eb7a3886960b', '2025-12-17', '10:30-11:00', 10, 10, 'makkah', '2025-12-10T14:54:16.475373+00:00'),
  ('a9a07040-21e4-4250-96eb-c19a7fe5c959', '2025-12-17', '10:30-11:00', 10, 10, 'madinah', '2025-12-10T14:54:16.475373+00:00'),
  ('89cbde95-8145-4ae0-82ea-27118da95fa4', '2025-12-17', '11:00-11:30', 10, 10, 'riyadh', '2025-12-10T14:54:16.475373+00:00'),
  ('6a572267-d545-4196-8858-da6648765f0c', '2025-12-17', '11:00-11:30', 10, 10, 'jeddah', '2025-12-10T14:54:16.475373+00:00'),
  ('dba561a1-d1d4-460d-a6f2-ab4d238a1d03', '2025-12-17', '11:00-11:30', 10, 10, 'dammam', '2025-12-10T14:54:16.475373+00:00'),
  ('1a2b84d1-bd6c-4187-b747-7441e7f0980f', '2025-12-17', '11:00-11:30', 10, 10, 'makkah', '2025-12-10T14:54:16.475373+00:00'),
  ('22f3f80b-0fb2-49b2-8f0e-72273a68cf19', '2025-12-17', '11:00-11:30', 10, 10, 'madinah', '2025-12-10T14:54:16.475373+00:00'),
  ('91f979ba-f959-45f0-a4ee-1039764850ec', '2025-12-17', '11:30-12:00', 10, 10, 'riyadh', '2025-12-10T14:54:16.475373+00:00'),
  ('c8d32c97-47dd-417b-8779-9526c4623e56', '2025-12-17', '11:30-12:00', 10, 10, 'jeddah', '2025-12-10T14:54:16.475373+00:00'),
  ('3defe90f-d733-4ae9-b370-15025abe6260', '2025-12-17', '11:30-12:00', 10, 10, 'dammam', '2025-12-10T14:54:16.475373+00:00'),
  ('b6381f1f-701f-43d8-9847-29c3d05d2d51', '2025-12-17', '11:30-12:00', 10, 10, 'makkah', '2025-12-10T14:54:16.475373+00:00'),
  ('5cc3d2db-ebb0-4d1d-a4ea-33c204411a59', '2025-12-17', '11:30-12:00', 10, 10, 'madinah', '2025-12-10T14:54:16.475373+00:00'),
  ('0624edf5-fd1e-4c92-9ec9-e2ea27c946d3', '2025-12-17', '13:00-13:30', 10, 10, 'riyadh', '2025-12-10T14:54:16.475373+00:00'),
  ('55e2b2dd-b889-49a7-913e-75ab6fe6bc9b', '2025-12-17', '13:00-13:30', 10, 10, 'jeddah', '2025-12-10T14:54:16.475373+00:00'),
  ('8eaa76e4-a773-4cce-9c38-46807ffc5dfb', '2025-12-17', '13:00-13:30', 10, 10, 'dammam', '2025-12-10T14:54:16.475373+00:00'),
  ('32b3adb6-2c13-4cba-a342-73281ddd2d5b', '2025-12-17', '13:00-13:30', 10, 10, 'makkah', '2025-12-10T14:54:16.475373+00:00'),
  ('4d2fc64e-c90f-49f1-8efa-571ad9155f38', '2025-12-17', '13:00-13:30', 10, 10, 'madinah', '2025-12-10T14:54:16.475373+00:00'),
  ('79e95407-01cb-411c-b218-7cc319dbf821', '2025-12-17', '13:30-14:00', 10, 10, 'riyadh', '2025-12-10T14:54:16.475373+00:00'),
  ('293f5b94-35de-426d-8536-3116397b29cc', '2025-12-17', '13:30-14:00', 10, 10, 'jeddah', '2025-12-10T14:54:16.475373+00:00'),
  ('ee7a81ba-3f1c-411a-a714-ad4eac4500ab', '2025-12-17', '13:30-14:00', 10, 10, 'dammam', '2025-12-10T14:54:16.475373+00:00'),
  ('4edeabad-37c6-4431-ae6b-742b2e7d2ef7', '2025-12-17', '13:30-14:00', 10, 10, 'makkah', '2025-12-10T14:54:16.475373+00:00'),
  ('887f597d-1b08-42fa-b4a7-d2fad58e5855', '2025-12-17', '13:30-14:00', 10, 10, 'madinah', '2025-12-10T14:54:16.475373+00:00'),
  ('6ff78b85-9ad6-44c5-b8da-6f3d02efaf17', '2025-12-17', '14:00-14:30', 10, 10, 'riyadh', '2025-12-10T14:54:16.475373+00:00'),
  ('19c956ca-e8b6-4afc-9d69-f5adf223909f', '2025-12-17', '14:00-14:30', 10, 10, 'jeddah', '2025-12-10T14:54:16.475373+00:00'),
  ('1ece0c96-2557-461f-b28c-3eff0ca34b68', '2025-12-17', '14:00-14:30', 10, 10, 'dammam', '2025-12-10T14:54:16.475373+00:00'),
  ('c5209f19-79f8-446f-98a8-92dfac46c9a9', '2025-12-17', '14:00-14:30', 10, 10, 'makkah', '2025-12-10T14:54:16.475373+00:00'),
  ('921b2048-ac39-46ea-a4c0-dd227bd923cb', '2025-12-17', '14:00-14:30', 10, 10, 'madinah', '2025-12-10T14:54:16.475373+00:00'),
  ('7387e6aa-ffe9-4fd1-9c32-7e6937af8289', '2025-12-17', '14:30-15:00', 10, 10, 'riyadh', '2025-12-10T14:54:16.475373+00:00'),
  ('62729d5e-ef4a-4d10-8de9-b5f5073bfcc6', '2025-12-17', '14:30-15:00', 10, 10, 'jeddah', '2025-12-10T14:54:16.475373+00:00'),
  ('4d00b253-c26d-4bc6-aa0e-4734fef9ff2a', '2025-12-17', '14:30-15:00', 10, 10, 'dammam', '2025-12-10T14:54:16.475373+00:00'),
  ('6c21c4af-a5ce-4ff1-8d61-785599f2ac6c', '2025-12-17', '14:30-15:00', 10, 10, 'makkah', '2025-12-10T14:54:16.475373+00:00'),
  ('c9aad721-2430-41fd-a93b-93e67458f28b', '2025-12-17', '14:30-15:00', 10, 10, 'madinah', '2025-12-10T14:54:16.475373+00:00'),
  ('57cd6e61-285b-44e8-bd0e-03298135b2de', '2025-12-17', '15:00-15:30', 10, 10, 'riyadh', '2025-12-10T14:54:16.475373+00:00'),
  ('74ea8a3d-1866-4282-8423-f1f2fb48f3db', '2025-12-17', '15:00-15:30', 10, 10, 'jeddah', '2025-12-10T14:54:16.475373+00:00'),
  ('76ea81bd-03e4-45a9-bd77-44c144c86d53', '2025-12-17', '15:00-15:30', 10, 10, 'dammam', '2025-12-10T14:54:16.475373+00:00'),
  ('e5fd59ad-bd3a-4c72-9b29-852b245ddfeb', '2025-12-17', '15:00-15:30', 10, 10, 'makkah', '2025-12-10T14:54:16.475373+00:00'),
  ('ae563262-7a02-4414-a4af-386e7264dc2e', '2025-12-17', '15:00-15:30', 10, 10, 'madinah', '2025-12-10T14:54:16.475373+00:00'),
  ('5fda02f6-c3ee-4b2c-b050-f235d32085e9', '2025-12-17', '15:30-16:00', 10, 10, 'riyadh', '2025-12-10T14:54:16.475373+00:00'),
  ('2b7b3c42-b89c-468c-b0ed-4b621125bcf0', '2025-12-17', '15:30-16:00', 10, 10, 'jeddah', '2025-12-10T14:54:16.475373+00:00'),
  ('6b5a7733-aa05-4786-adb9-fb5c0c56c22e', '2025-12-17', '15:30-16:00', 10, 10, 'dammam', '2025-12-10T14:54:16.475373+00:00'),
  ('ae2fa4ed-217d-4e06-adcf-7887a3fa0e89', '2025-12-17', '15:30-16:00', 10, 10, 'makkah', '2025-12-10T14:54:16.475373+00:00'),
  ('7838e7a2-a17b-45d7-accf-e83b0a2eeafb', '2025-12-17', '15:30-16:00', 10, 10, 'madinah', '2025-12-10T14:54:16.475373+00:00')
ON CONFLICT DO NOTHING;

INSERT INTO public.appointment_slots (id, date, time_slot, available_slots, total_slots, region, created_at)
VALUES
  ('ed7adafa-bd09-4cd3-a81e-ea93bc293e5e', '2025-12-18', '09:00-09:30', 10, 10, 'riyadh', '2025-12-10T14:54:16.475373+00:00'),
  ('9df0e535-4733-4c4b-a4ea-1d0208bd0b6e', '2025-12-18', '09:00-09:30', 10, 10, 'jeddah', '2025-12-10T14:54:16.475373+00:00'),
  ('3d8fbc0a-c2b3-45bd-9503-a1a411157800', '2025-12-18', '09:00-09:30', 10, 10, 'dammam', '2025-12-10T14:54:16.475373+00:00'),
  ('da56d174-5bc0-4f41-9fb2-6795b76b2b46', '2025-12-18', '09:00-09:30', 10, 10, 'makkah', '2025-12-10T14:54:16.475373+00:00'),
  ('8b3b9d06-61e0-47d6-95e5-a62d717b18b4', '2025-12-18', '09:00-09:30', 10, 10, 'madinah', '2025-12-10T14:54:16.475373+00:00'),
  ('cc3c4a76-bcab-4a08-8c31-c2de82825666', '2025-12-18', '09:30-10:00', 10, 10, 'riyadh', '2025-12-10T14:54:16.475373+00:00'),
  ('ef459fe9-f34a-4c9b-9c51-860661fe4c24', '2025-12-18', '09:30-10:00', 10, 10, 'jeddah', '2025-12-10T14:54:16.475373+00:00'),
  ('a81a46ba-32a6-42ef-a314-7ef0fb6af590', '2025-12-18', '09:30-10:00', 10, 10, 'dammam', '2025-12-10T14:54:16.475373+00:00'),
  ('ea81b3f5-73dd-414b-96c1-3fb37a80b09d', '2025-12-18', '09:30-10:00', 10, 10, 'makkah', '2025-12-10T14:54:16.475373+00:00'),
  ('e09ce624-4940-4613-b756-23d26210ca47', '2025-12-18', '09:30-10:00', 10, 10, 'madinah', '2025-12-10T14:54:16.475373+00:00'),
  ('cb32f317-1da4-4d26-96f6-8f2187fb816d', '2025-12-18', '10:00-10:30', 10, 10, 'riyadh', '2025-12-10T14:54:16.475373+00:00'),
  ('a03c537b-fe38-4653-8829-bd09ac59fad8', '2025-12-18', '10:00-10:30', 10, 10, 'jeddah', '2025-12-10T14:54:16.475373+00:00'),
  ('7900f2d1-3062-4bce-b3e0-528e2a6d4806', '2025-12-18', '10:00-10:30', 10, 10, 'dammam', '2025-12-10T14:54:16.475373+00:00'),
  ('6a1c89be-3fe2-4863-a1f3-38ace82f68fd', '2025-12-18', '10:00-10:30', 10, 10, 'makkah', '2025-12-10T14:54:16.475373+00:00'),
  ('6dfb0c1b-dbf4-4611-b28b-f0cf835b4ef1', '2025-12-18', '10:00-10:30', 10, 10, 'madinah', '2025-12-10T14:54:16.475373+00:00'),
  ('c9cd90b3-7487-4ec5-91fd-2bf68bf1d979', '2025-12-18', '10:30-11:00', 10, 10, 'riyadh', '2025-12-10T14:54:16.475373+00:00'),
  ('f41aa3da-e8ff-43b1-8f88-37bcc92c5524', '2025-12-18', '10:30-11:00', 10, 10, 'jeddah', '2025-12-10T14:54:16.475373+00:00'),
  ('0a95cfd4-f115-4cfa-83ab-617d81bb6010', '2025-12-18', '10:30-11:00', 10, 10, 'dammam', '2025-12-10T14:54:16.475373+00:00'),
  ('5760c795-fcd6-401d-b6c2-e1c4e922be47', '2025-12-18', '10:30-11:00', 10, 10, 'makkah', '2025-12-10T14:54:16.475373+00:00'),
  ('b8ec431b-7718-4b98-8069-8f776d97d351', '2025-12-18', '10:30-11:00', 10, 10, 'madinah', '2025-12-10T14:54:16.475373+00:00'),
  ('fed877a4-9467-4e4f-9810-a720569e2938', '2025-12-18', '11:00-11:30', 10, 10, 'riyadh', '2025-12-10T14:54:16.475373+00:00'),
  ('5868d957-7062-460a-bec5-8e61862a4054', '2025-12-18', '11:00-11:30', 10, 10, 'jeddah', '2025-12-10T14:54:16.475373+00:00'),
  ('397039dd-920e-4259-b89b-e6f9dadf827b', '2025-12-18', '11:00-11:30', 10, 10, 'dammam', '2025-12-10T14:54:16.475373+00:00'),
  ('4aa5dfd3-4d90-4649-bbb6-b518530dd61f', '2025-12-18', '11:00-11:30', 10, 10, 'makkah', '2025-12-10T14:54:16.475373+00:00'),
  ('fdb51f49-f8e4-46bb-b315-1c67714a3dc8', '2025-12-18', '11:00-11:30', 10, 10, 'madinah', '2025-12-10T14:54:16.475373+00:00'),
  ('0eea416a-a014-4939-a3ce-7342de28fe53', '2025-12-18', '11:30-12:00', 10, 10, 'riyadh', '2025-12-10T14:54:16.475373+00:00'),
  ('a4ad37d4-982d-4c80-aa7a-bc247fd0c359', '2025-12-18', '11:30-12:00', 10, 10, 'jeddah', '2025-12-10T14:54:16.475373+00:00'),
  ('3fee4379-dfd0-4311-aa7a-b989568a36d0', '2025-12-18', '11:30-12:00', 10, 10, 'dammam', '2025-12-10T14:54:16.475373+00:00'),
  ('d7dbac6f-bd0e-4fff-9943-b7b0d5cae643', '2025-12-18', '11:30-12:00', 10, 10, 'makkah', '2025-12-10T14:54:16.475373+00:00'),
  ('ff291c46-4f8c-4e72-b538-9bb841648ad5', '2025-12-18', '11:30-12:00', 10, 10, 'madinah', '2025-12-10T14:54:16.475373+00:00'),
  ('be6b8e41-c8d8-4261-9f6b-fe5fdead7a4c', '2025-12-18', '13:00-13:30', 10, 10, 'riyadh', '2025-12-10T14:54:16.475373+00:00'),
  ('25097576-4597-4856-bf01-4c64ff17a1a9', '2025-12-18', '13:00-13:30', 10, 10, 'jeddah', '2025-12-10T14:54:16.475373+00:00'),
  ('4b5fa59c-134e-4e63-8df3-cd83badf5d2a', '2025-12-18', '13:00-13:30', 10, 10, 'dammam', '2025-12-10T14:54:16.475373+00:00'),
  ('b20f94b3-6ff7-48ac-8083-aa3596089ebe', '2025-12-18', '13:00-13:30', 10, 10, 'makkah', '2025-12-10T14:54:16.475373+00:00'),
  ('0507de2c-a21a-44fd-9b84-9c11434a6cb3', '2025-12-18', '13:00-13:30', 10, 10, 'madinah', '2025-12-10T14:54:16.475373+00:00'),
  ('c08d0e95-f46b-4276-a818-460b61792d6b', '2025-12-18', '13:30-14:00', 10, 10, 'riyadh', '2025-12-10T14:54:16.475373+00:00'),
  ('52fe67be-adaf-4508-a31d-0556d1c28dac', '2025-12-18', '13:30-14:00', 10, 10, 'jeddah', '2025-12-10T14:54:16.475373+00:00'),
  ('e24ca241-d565-4d0b-914a-c5ab698b21b6', '2025-12-18', '13:30-14:00', 10, 10, 'dammam', '2025-12-10T14:54:16.475373+00:00'),
  ('dcf29ac6-ee7f-4269-9315-1b6f18a62172', '2025-12-18', '13:30-14:00', 10, 10, 'makkah', '2025-12-10T14:54:16.475373+00:00'),
  ('5b9fe1ba-a8fe-4477-945c-03b1e25cc240', '2025-12-18', '13:30-14:00', 10, 10, 'madinah', '2025-12-10T14:54:16.475373+00:00'),
  ('91e86cf2-f297-4f79-a476-4145d5209790', '2025-12-18', '14:00-14:30', 10, 10, 'riyadh', '2025-12-10T14:54:16.475373+00:00'),
  ('41685cb3-6e3c-4fba-bdd2-9d9ce34bab25', '2025-12-18', '14:00-14:30', 10, 10, 'jeddah', '2025-12-10T14:54:16.475373+00:00'),
  ('7011220c-d597-4f3c-bc4d-1a8dd2410e9b', '2025-12-18', '14:00-14:30', 10, 10, 'dammam', '2025-12-10T14:54:16.475373+00:00'),
  ('2c7d39e8-f467-4fa0-9de9-a4ff19cfb04f', '2025-12-18', '14:00-14:30', 10, 10, 'makkah', '2025-12-10T14:54:16.475373+00:00'),
  ('ec1b6dbf-f8e1-4cce-8219-b09ceea0ac9e', '2025-12-18', '14:00-14:30', 10, 10, 'madinah', '2025-12-10T14:54:16.475373+00:00'),
  ('00981983-f3e9-4e1b-96db-5c957d4b1338', '2025-12-18', '14:30-15:00', 10, 10, 'riyadh', '2025-12-10T14:54:16.475373+00:00'),
  ('d0062908-0158-4978-8c4b-e56e60116209', '2025-12-18', '14:30-15:00', 10, 10, 'jeddah', '2025-12-10T14:54:16.475373+00:00'),
  ('ca0d0de2-cd7c-4b06-ade7-8e2a75d7e3c9', '2025-12-18', '14:30-15:00', 10, 10, 'dammam', '2025-12-10T14:54:16.475373+00:00'),
  ('822f4363-b493-4260-b085-c2827d23c649', '2025-12-18', '14:30-15:00', 10, 10, 'makkah', '2025-12-10T14:54:16.475373+00:00'),
  ('eb258ce9-7fb0-4344-aa06-826b79b72e7e', '2025-12-18', '14:30-15:00', 10, 10, 'madinah', '2025-12-10T14:54:16.475373+00:00'),
  ('5beb960c-c801-4933-a7cc-90b0518100eb', '2025-12-18', '15:00-15:30', 10, 10, 'riyadh', '2025-12-10T14:54:16.475373+00:00'),
  ('37671967-0f24-46cf-a8ff-76c74e78b0dd', '2025-12-18', '15:00-15:30', 10, 10, 'jeddah', '2025-12-10T14:54:16.475373+00:00'),
  ('bc1ccf2b-1e17-4d74-8925-28c14d5c7af4', '2025-12-18', '15:00-15:30', 10, 10, 'dammam', '2025-12-10T14:54:16.475373+00:00'),
  ('8ffbba56-227b-4a08-b4a4-2c40fa697f18', '2025-12-18', '15:00-15:30', 10, 10, 'makkah', '2025-12-10T14:54:16.475373+00:00'),
  ('c2de3686-e5e5-4b43-9f97-79b68c95f034', '2025-12-18', '15:00-15:30', 10, 10, 'madinah', '2025-12-10T14:54:16.475373+00:00'),
  ('2002de28-0ffb-41bc-bcc6-a2521e783c5a', '2025-12-18', '15:30-16:00', 10, 10, 'riyadh', '2025-12-10T14:54:16.475373+00:00'),
  ('1797ecec-0e76-4eea-aedc-a3d449e59af9', '2025-12-18', '15:30-16:00', 10, 10, 'jeddah', '2025-12-10T14:54:16.475373+00:00'),
  ('ccfb8808-fb29-454d-9c7e-74ac5f5fce04', '2025-12-18', '15:30-16:00', 10, 10, 'dammam', '2025-12-10T14:54:16.475373+00:00'),
  ('2d505412-850d-45c0-b57a-df24c1bcaf7b', '2025-12-18', '15:30-16:00', 10, 10, 'makkah', '2025-12-10T14:54:16.475373+00:00'),
  ('be291cc7-5616-41cd-a00e-e88a87e10bbd', '2025-12-18', '15:30-16:00', 10, 10, 'madinah', '2025-12-10T14:54:16.475373+00:00'),
  ('57831186-2495-4582-94e2-9a99a3691573', '2025-12-21', '09:00-09:30', 10, 10, 'riyadh', '2025-12-10T14:54:16.475373+00:00'),
  ('e4ab3a85-bd93-4bc5-ba57-73f8b10c89dd', '2025-12-21', '09:00-09:30', 10, 10, 'jeddah', '2025-12-10T14:54:16.475373+00:00'),
  ('dd57a3a2-7f08-4a25-bac6-f359e00bdf89', '2025-12-21', '09:00-09:30', 10, 10, 'dammam', '2025-12-10T14:54:16.475373+00:00'),
  ('552b987f-6d9f-412d-8f33-4676cc031585', '2025-12-21', '09:00-09:30', 10, 10, 'makkah', '2025-12-10T14:54:16.475373+00:00'),
  ('1a3154c4-1f56-4b0e-91bf-2e34de55ee0b', '2025-12-21', '09:00-09:30', 10, 10, 'madinah', '2025-12-10T14:54:16.475373+00:00'),
  ('f6c8735e-b4a0-4a92-a061-1940b57727d5', '2025-12-21', '09:30-10:00', 10, 10, 'riyadh', '2025-12-10T14:54:16.475373+00:00'),
  ('c7e8b65c-7c15-4079-a41a-fbda4f3d3485', '2025-12-21', '09:30-10:00', 10, 10, 'jeddah', '2025-12-10T14:54:16.475373+00:00'),
  ('c3393622-e973-4474-bb4a-9a06db5083b9', '2025-12-21', '09:30-10:00', 10, 10, 'dammam', '2025-12-10T14:54:16.475373+00:00'),
  ('95e3c1ae-3b75-454e-afcd-c83bd534315f', '2025-12-21', '09:30-10:00', 10, 10, 'makkah', '2025-12-10T14:54:16.475373+00:00'),
  ('e43bd550-afb6-4bff-972f-bdc0db7375aa', '2025-12-21', '09:30-10:00', 10, 10, 'madinah', '2025-12-10T14:54:16.475373+00:00'),
  ('4c3a0871-a721-4e5f-b7a7-6a0855863785', '2025-12-21', '10:00-10:30', 10, 10, 'riyadh', '2025-12-10T14:54:16.475373+00:00'),
  ('9f9fd290-6620-4a84-8a34-629cc201251b', '2025-12-21', '10:00-10:30', 10, 10, 'jeddah', '2025-12-10T14:54:16.475373+00:00'),
  ('15ca2191-ed76-433b-a101-89abae2264c4', '2025-12-21', '10:00-10:30', 10, 10, 'dammam', '2025-12-10T14:54:16.475373+00:00'),
  ('b9e42d1d-b265-4114-b975-2acbd0a9c1cf', '2025-12-21', '10:00-10:30', 10, 10, 'makkah', '2025-12-10T14:54:16.475373+00:00'),
  ('17d64c5d-ad37-44b6-8a03-4934b467e74f', '2025-12-21', '10:00-10:30', 10, 10, 'madinah', '2025-12-10T14:54:16.475373+00:00'),
  ('638b71d5-72f8-44f9-a613-27af5ce10d13', '2025-12-21', '10:30-11:00', 10, 10, 'riyadh', '2025-12-10T14:54:16.475373+00:00'),
  ('7271fad4-302c-4537-8b44-59b6b22cfecd', '2025-12-21', '10:30-11:00', 10, 10, 'jeddah', '2025-12-10T14:54:16.475373+00:00'),
  ('599fa1e0-cd87-417c-bc70-ae532dce017f', '2025-12-21', '10:30-11:00', 10, 10, 'dammam', '2025-12-10T14:54:16.475373+00:00'),
  ('ee7dd13f-9774-472d-93d3-3bc5297cd463', '2025-12-21', '10:30-11:00', 10, 10, 'makkah', '2025-12-10T14:54:16.475373+00:00'),
  ('38e5e6a4-01b7-4c6c-85ae-04357867a237', '2025-12-21', '10:30-11:00', 10, 10, 'madinah', '2025-12-10T14:54:16.475373+00:00'),
  ('3bee3ebb-9b76-4927-ad51-5dbf7c9532d6', '2025-12-21', '11:00-11:30', 10, 10, 'riyadh', '2025-12-10T14:54:16.475373+00:00'),
  ('019a8a47-d77a-4b34-a7d9-2654a52f78fb', '2025-12-21', '11:00-11:30', 10, 10, 'jeddah', '2025-12-10T14:54:16.475373+00:00'),
  ('d1e695ae-38de-4477-a61f-b83aae9e4f4c', '2025-12-21', '11:00-11:30', 10, 10, 'dammam', '2025-12-10T14:54:16.475373+00:00'),
  ('bcde7944-3f4b-42f9-ac60-046d92df0c59', '2025-12-21', '11:00-11:30', 10, 10, 'makkah', '2025-12-10T14:54:16.475373+00:00'),
  ('ee093651-dfdb-4000-8ed6-13452b23b422', '2025-12-21', '11:00-11:30', 10, 10, 'madinah', '2025-12-10T14:54:16.475373+00:00'),
  ('543f2191-549b-4044-85f5-de3cf34d9db3', '2025-12-21', '11:30-12:00', 10, 10, 'riyadh', '2025-12-10T14:54:16.475373+00:00'),
  ('e0c0deb1-5d92-4f7e-8118-6588e33f77ac', '2025-12-21', '11:30-12:00', 10, 10, 'jeddah', '2025-12-10T14:54:16.475373+00:00'),
  ('97eea0e6-8cc1-4b8f-b998-e86b10d137d0', '2025-12-21', '11:30-12:00', 10, 10, 'dammam', '2025-12-10T14:54:16.475373+00:00'),
  ('af1208d1-37b8-4d74-aa84-25dc3d2d462a', '2025-12-21', '11:30-12:00', 10, 10, 'makkah', '2025-12-10T14:54:16.475373+00:00'),
  ('42148559-1dd6-4870-81d7-09d68a8e507a', '2025-12-21', '11:30-12:00', 10, 10, 'madinah', '2025-12-10T14:54:16.475373+00:00'),
  ('3c62ff0c-5013-4a76-a8a6-45c80b1d4ba9', '2025-12-21', '13:00-13:30', 10, 10, 'riyadh', '2025-12-10T14:54:16.475373+00:00'),
  ('ec28df11-0cec-4274-92b9-69c0632dc86f', '2025-12-21', '13:00-13:30', 10, 10, 'jeddah', '2025-12-10T14:54:16.475373+00:00'),
  ('96c2715e-7b76-446c-9633-b7ef94612665', '2025-12-21', '13:00-13:30', 10, 10, 'dammam', '2025-12-10T14:54:16.475373+00:00'),
  ('67949d23-1f67-4b1e-9fd4-1d125fc198e2', '2025-12-21', '13:00-13:30', 10, 10, 'makkah', '2025-12-10T14:54:16.475373+00:00'),
  ('d9156eb8-933c-42e5-a2ad-51db074f2db4', '2025-12-21', '13:00-13:30', 10, 10, 'madinah', '2025-12-10T14:54:16.475373+00:00'),
  ('224494e8-c5cd-4d7d-b9f7-12cdbf3d5eaf', '2025-12-21', '13:30-14:00', 10, 10, 'riyadh', '2025-12-10T14:54:16.475373+00:00'),
  ('337ddafb-1396-4b1e-9bf8-7785a9644b84', '2025-12-21', '13:30-14:00', 10, 10, 'jeddah', '2025-12-10T14:54:16.475373+00:00'),
  ('d05af124-463e-448d-b86b-40595c2224f9', '2025-12-21', '13:30-14:00', 10, 10, 'dammam', '2025-12-10T14:54:16.475373+00:00'),
  ('898829c0-5a03-4d28-a0c7-fb28b7be8f17', '2025-12-21', '13:30-14:00', 10, 10, 'makkah', '2025-12-10T14:54:16.475373+00:00'),
  ('b675a8de-78bd-4280-9f6c-d6e4d9ed4da1', '2025-12-21', '13:30-14:00', 10, 10, 'madinah', '2025-12-10T14:54:16.475373+00:00')
ON CONFLICT DO NOTHING;

INSERT INTO public.appointment_slots (id, date, time_slot, available_slots, total_slots, region, created_at)
VALUES
  ('f1863420-2694-47a8-b47b-4980f5f5ccdd', '2025-12-21', '14:00-14:30', 10, 10, 'riyadh', '2025-12-10T14:54:16.475373+00:00'),
  ('2a0cc1d9-587c-47fd-a4e2-9d64a5158c3c', '2025-12-21', '14:00-14:30', 10, 10, 'jeddah', '2025-12-10T14:54:16.475373+00:00'),
  ('b7c89de4-dea6-4fe1-9d20-4d2e283ac324', '2025-12-21', '14:00-14:30', 10, 10, 'dammam', '2025-12-10T14:54:16.475373+00:00'),
  ('5ca52b09-9c1e-43a7-9827-a1fa05974ab1', '2025-12-21', '14:00-14:30', 10, 10, 'makkah', '2025-12-10T14:54:16.475373+00:00'),
  ('18ac5c5f-59a6-487c-a600-6d1f3e8b5409', '2025-12-21', '14:00-14:30', 10, 10, 'madinah', '2025-12-10T14:54:16.475373+00:00'),
  ('7ed6269d-d045-4957-a4e5-9941ad4b9920', '2025-12-21', '14:30-15:00', 10, 10, 'riyadh', '2025-12-10T14:54:16.475373+00:00'),
  ('8632c350-dc97-4ba6-abb6-bb499c77839a', '2025-12-21', '14:30-15:00', 10, 10, 'jeddah', '2025-12-10T14:54:16.475373+00:00'),
  ('ba44a4df-304f-4064-bdd7-3b13eafe2da7', '2025-12-21', '14:30-15:00', 10, 10, 'dammam', '2025-12-10T14:54:16.475373+00:00'),
  ('f3cb7fcd-6efd-4e92-9dd9-7a4a7b88799d', '2025-12-21', '14:30-15:00', 10, 10, 'makkah', '2025-12-10T14:54:16.475373+00:00'),
  ('c668f226-551d-4db0-b29a-0c76d32a7796', '2025-12-21', '14:30-15:00', 10, 10, 'madinah', '2025-12-10T14:54:16.475373+00:00'),
  ('b4029030-04cf-41fc-85e4-4070c76a00b2', '2025-12-21', '15:00-15:30', 10, 10, 'riyadh', '2025-12-10T14:54:16.475373+00:00'),
  ('47096215-8399-47c1-8298-a6c5a597a8fc', '2025-12-21', '15:00-15:30', 10, 10, 'jeddah', '2025-12-10T14:54:16.475373+00:00'),
  ('c762088e-bf06-48c9-bd8c-5f849ff4b30e', '2025-12-21', '15:00-15:30', 10, 10, 'dammam', '2025-12-10T14:54:16.475373+00:00'),
  ('d2f8bada-583f-4eb4-885d-b14f7ba93132', '2025-12-21', '15:00-15:30', 10, 10, 'makkah', '2025-12-10T14:54:16.475373+00:00'),
  ('82dae08e-cff8-4557-a970-5030e2da7dab', '2025-12-21', '15:00-15:30', 10, 10, 'madinah', '2025-12-10T14:54:16.475373+00:00'),
  ('eaafafa8-ea2c-4b97-8cc8-0d224dac2a1a', '2025-12-21', '15:30-16:00', 10, 10, 'riyadh', '2025-12-10T14:54:16.475373+00:00'),
  ('fad003f6-f31a-46be-904a-d155e7b52476', '2025-12-21', '15:30-16:00', 10, 10, 'jeddah', '2025-12-10T14:54:16.475373+00:00'),
  ('0bcd1f58-b6b9-4640-9101-3777c92157e3', '2025-12-21', '15:30-16:00', 10, 10, 'dammam', '2025-12-10T14:54:16.475373+00:00'),
  ('e69a21e9-69da-4b59-8242-51c5ccd02a36', '2025-12-21', '15:30-16:00', 10, 10, 'makkah', '2025-12-10T14:54:16.475373+00:00'),
  ('a0644781-d4f9-40e3-b69e-cb6c72f93630', '2025-12-21', '15:30-16:00', 10, 10, 'madinah', '2025-12-10T14:54:16.475373+00:00'),
  ('1520e03c-7875-4e46-8a8d-091a4d89b193', '2025-12-22', '09:00-09:30', 10, 10, 'riyadh', '2025-12-10T14:54:16.475373+00:00'),
  ('501b9d44-5b27-4d57-94e9-40de449f6f3f', '2025-12-22', '09:00-09:30', 10, 10, 'jeddah', '2025-12-10T14:54:16.475373+00:00'),
  ('cece4979-2fdd-4273-b1a3-c6fcac7ca3af', '2025-12-22', '09:00-09:30', 10, 10, 'dammam', '2025-12-10T14:54:16.475373+00:00'),
  ('4be7b5c7-08b2-4f3e-bcd2-57e3f287695d', '2025-12-22', '09:00-09:30', 10, 10, 'makkah', '2025-12-10T14:54:16.475373+00:00'),
  ('428008d3-e48a-4da7-8abb-b81ef4d56c4c', '2025-12-22', '09:00-09:30', 10, 10, 'madinah', '2025-12-10T14:54:16.475373+00:00'),
  ('931c7e45-d981-4e71-9df8-88a58d20b2eb', '2025-12-22', '09:30-10:00', 10, 10, 'riyadh', '2025-12-10T14:54:16.475373+00:00'),
  ('8f365029-13a8-4768-9070-ac9228c7913a', '2025-12-22', '09:30-10:00', 10, 10, 'jeddah', '2025-12-10T14:54:16.475373+00:00'),
  ('6b6cb5fe-d29e-422d-a77b-fce23aad2eec', '2025-12-22', '09:30-10:00', 10, 10, 'dammam', '2025-12-10T14:54:16.475373+00:00'),
  ('690172ab-d098-4810-9fc2-006e2fc6c2cc', '2025-12-22', '09:30-10:00', 10, 10, 'makkah', '2025-12-10T14:54:16.475373+00:00'),
  ('c0927162-b3c8-48cc-87fe-cf396834fd3e', '2025-12-22', '09:30-10:00', 10, 10, 'madinah', '2025-12-10T14:54:16.475373+00:00'),
  ('2aa7ce6b-78d4-4db4-8bfd-21ba179d535e', '2025-12-22', '10:00-10:30', 10, 10, 'riyadh', '2025-12-10T14:54:16.475373+00:00'),
  ('0910f65f-b26a-4699-90af-a60b19844a81', '2025-12-22', '10:00-10:30', 10, 10, 'jeddah', '2025-12-10T14:54:16.475373+00:00'),
  ('5287f52f-6ebc-4883-aa61-c2aae68edcf4', '2025-12-22', '10:00-10:30', 10, 10, 'dammam', '2025-12-10T14:54:16.475373+00:00'),
  ('c0ce0707-ad63-40a9-accd-c373102e8023', '2025-12-22', '10:00-10:30', 10, 10, 'makkah', '2025-12-10T14:54:16.475373+00:00'),
  ('31d6f5a1-2b00-48d0-a72c-e00ee14e604e', '2025-12-22', '10:00-10:30', 10, 10, 'madinah', '2025-12-10T14:54:16.475373+00:00'),
  ('bcb50402-a739-4773-99fc-4f0d4948f5c3', '2025-12-22', '10:30-11:00', 10, 10, 'riyadh', '2025-12-10T14:54:16.475373+00:00'),
  ('93c5d022-3cf2-4591-8caa-fdc9b05b06d9', '2025-12-22', '10:30-11:00', 10, 10, 'jeddah', '2025-12-10T14:54:16.475373+00:00'),
  ('f2535d61-9114-456d-b3dc-20c8060240ea', '2025-12-22', '10:30-11:00', 10, 10, 'dammam', '2025-12-10T14:54:16.475373+00:00'),
  ('73bc2138-6f88-45eb-a5e8-ad0429468e15', '2025-12-22', '10:30-11:00', 10, 10, 'makkah', '2025-12-10T14:54:16.475373+00:00'),
  ('bc5d8dc9-d847-4d5d-859f-8f4e14008624', '2025-12-22', '10:30-11:00', 10, 10, 'madinah', '2025-12-10T14:54:16.475373+00:00'),
  ('6e695180-f578-474e-9614-2e01466dc83b', '2025-12-22', '11:00-11:30', 10, 10, 'riyadh', '2025-12-10T14:54:16.475373+00:00'),
  ('56d6976b-2280-4da1-940e-c38f11d73198', '2025-12-22', '11:00-11:30', 10, 10, 'jeddah', '2025-12-10T14:54:16.475373+00:00'),
  ('942d306c-ceb8-4b77-bd92-4a46f4d9fb54', '2025-12-22', '11:00-11:30', 10, 10, 'dammam', '2025-12-10T14:54:16.475373+00:00'),
  ('19c94015-24cd-4abd-a0e6-60ff768d63ff', '2025-12-22', '11:00-11:30', 10, 10, 'makkah', '2025-12-10T14:54:16.475373+00:00'),
  ('fe992c80-4c99-401e-ad12-f23cb9ce6b03', '2025-12-22', '11:00-11:30', 10, 10, 'madinah', '2025-12-10T14:54:16.475373+00:00'),
  ('643470c5-333a-4d70-b31a-1a72cef92eda', '2025-12-22', '11:30-12:00', 10, 10, 'riyadh', '2025-12-10T14:54:16.475373+00:00'),
  ('4d424174-095d-4af2-94cd-a3c552409d13', '2025-12-22', '11:30-12:00', 10, 10, 'jeddah', '2025-12-10T14:54:16.475373+00:00'),
  ('ed95ff96-2794-49f7-8004-fdf229fff54c', '2025-12-22', '11:30-12:00', 10, 10, 'dammam', '2025-12-10T14:54:16.475373+00:00'),
  ('1d2eed8e-ab3c-4d39-86e2-848f25b8e38e', '2025-12-22', '11:30-12:00', 10, 10, 'makkah', '2025-12-10T14:54:16.475373+00:00'),
  ('e7eb7840-d609-483c-ae58-d8a44d904a1c', '2025-12-22', '11:30-12:00', 10, 10, 'madinah', '2025-12-10T14:54:16.475373+00:00'),
  ('fd255b5e-771a-4817-afb0-2635f74fdc38', '2025-12-22', '13:00-13:30', 10, 10, 'riyadh', '2025-12-10T14:54:16.475373+00:00'),
  ('e2a005c0-cf83-4e35-b236-e4c65ec99109', '2025-12-22', '13:00-13:30', 10, 10, 'jeddah', '2025-12-10T14:54:16.475373+00:00'),
  ('0d186e66-14c6-4948-b6f0-4c5731f0daed', '2025-12-22', '13:00-13:30', 10, 10, 'dammam', '2025-12-10T14:54:16.475373+00:00'),
  ('4f27b329-04a0-4bd7-b30c-ee31d5ea0ee4', '2025-12-22', '13:00-13:30', 10, 10, 'makkah', '2025-12-10T14:54:16.475373+00:00'),
  ('9ac889df-2eb0-4e05-b3aa-ade3c8d3903c', '2025-12-22', '13:00-13:30', 10, 10, 'madinah', '2025-12-10T14:54:16.475373+00:00'),
  ('bb50a777-b5e8-40c0-a2d6-413cff57ee7e', '2025-12-22', '13:30-14:00', 10, 10, 'riyadh', '2025-12-10T14:54:16.475373+00:00'),
  ('fcbe5842-7977-493b-8a5f-f3efe6f41e93', '2025-12-22', '13:30-14:00', 10, 10, 'jeddah', '2025-12-10T14:54:16.475373+00:00'),
  ('b6c05f20-930f-4be3-a4df-be8a9bcca57b', '2025-12-22', '13:30-14:00', 10, 10, 'dammam', '2025-12-10T14:54:16.475373+00:00'),
  ('99b6d571-6d01-4399-aafa-8523c4748c36', '2025-12-22', '13:30-14:00', 10, 10, 'makkah', '2025-12-10T14:54:16.475373+00:00'),
  ('b6dd14a1-6c97-4d5c-a5a1-74a118903d13', '2025-12-22', '13:30-14:00', 10, 10, 'madinah', '2025-12-10T14:54:16.475373+00:00'),
  ('0c2b523f-b2e3-44a3-8534-3255fe637b9a', '2025-12-22', '14:00-14:30', 10, 10, 'riyadh', '2025-12-10T14:54:16.475373+00:00'),
  ('3e75dde8-74bc-43e5-abc6-3ca8fe93b86b', '2025-12-22', '14:00-14:30', 10, 10, 'jeddah', '2025-12-10T14:54:16.475373+00:00'),
  ('1ebd5508-f55d-4b43-ac51-7de0f82a7524', '2025-12-22', '14:00-14:30', 10, 10, 'dammam', '2025-12-10T14:54:16.475373+00:00'),
  ('ab613db5-7a60-4573-bb0d-785f5a0005d8', '2025-12-22', '14:00-14:30', 10, 10, 'makkah', '2025-12-10T14:54:16.475373+00:00'),
  ('3e649830-d317-4a1a-ab23-7a71c36e0683', '2025-12-22', '14:00-14:30', 10, 10, 'madinah', '2025-12-10T14:54:16.475373+00:00'),
  ('a6b709f0-5fba-48ac-8976-bc73dbb54502', '2025-12-22', '14:30-15:00', 10, 10, 'riyadh', '2025-12-10T14:54:16.475373+00:00'),
  ('339e768a-0056-4b71-83ee-8bd28d3f5b15', '2025-12-22', '14:30-15:00', 10, 10, 'jeddah', '2025-12-10T14:54:16.475373+00:00'),
  ('8ef9fa65-8f75-4600-aac3-83bad9eea00c', '2025-12-22', '14:30-15:00', 10, 10, 'dammam', '2025-12-10T14:54:16.475373+00:00'),
  ('301cec78-fc5e-4710-8a49-d49ab80e4120', '2025-12-22', '14:30-15:00', 10, 10, 'makkah', '2025-12-10T14:54:16.475373+00:00'),
  ('e7bd44c7-19b7-4f39-a6c2-6f57bb0b57c7', '2025-12-22', '14:30-15:00', 10, 10, 'madinah', '2025-12-10T14:54:16.475373+00:00'),
  ('7e471e04-d613-4b22-b68f-f9d04c1a1272', '2025-12-22', '15:00-15:30', 10, 10, 'riyadh', '2025-12-10T14:54:16.475373+00:00'),
  ('7397f9dc-3a29-432a-a180-88029eb7b67b', '2025-12-22', '15:00-15:30', 10, 10, 'jeddah', '2025-12-10T14:54:16.475373+00:00'),
  ('8b2047a1-904b-45cf-899c-67e556fa68d5', '2025-12-22', '15:00-15:30', 10, 10, 'dammam', '2025-12-10T14:54:16.475373+00:00'),
  ('a24a83ec-1097-44f1-8f7a-c09e57f2e18d', '2025-12-22', '15:00-15:30', 10, 10, 'makkah', '2025-12-10T14:54:16.475373+00:00'),
  ('50600339-05ca-4971-856b-b0c58494f0d4', '2025-12-22', '15:00-15:30', 10, 10, 'madinah', '2025-12-10T14:54:16.475373+00:00'),
  ('3ba31095-4027-44c5-bbb5-4799692b408b', '2025-12-22', '15:30-16:00', 10, 10, 'riyadh', '2025-12-10T14:54:16.475373+00:00'),
  ('2e15808f-3d61-4cd2-b897-1c8e3d484ba6', '2025-12-22', '15:30-16:00', 10, 10, 'jeddah', '2025-12-10T14:54:16.475373+00:00'),
  ('80c1bfd8-0c07-4a32-b88b-ae6dedaff1a9', '2025-12-22', '15:30-16:00', 10, 10, 'dammam', '2025-12-10T14:54:16.475373+00:00'),
  ('5905a604-ee1e-4cad-80ff-5c7bf7b5d494', '2025-12-22', '15:30-16:00', 10, 10, 'makkah', '2025-12-10T14:54:16.475373+00:00'),
  ('844830d1-7b50-46ee-9da0-91afe07d9f7c', '2025-12-22', '15:30-16:00', 10, 10, 'madinah', '2025-12-10T14:54:16.475373+00:00'),
  ('945f8b67-6de7-47ad-85d7-50b7cc27ed7f', '2025-12-23', '09:00-09:30', 10, 10, 'riyadh', '2025-12-10T14:54:16.475373+00:00'),
  ('b189acb1-c4d3-48ec-a228-915d845f72ca', '2025-12-23', '09:00-09:30', 10, 10, 'jeddah', '2025-12-10T14:54:16.475373+00:00'),
  ('90d4936f-66b8-4241-906f-e8267a319884', '2025-12-23', '09:00-09:30', 10, 10, 'dammam', '2025-12-10T14:54:16.475373+00:00'),
  ('5f1d4a06-92a2-40d1-8105-604798693205', '2025-12-23', '09:00-09:30', 10, 10, 'makkah', '2025-12-10T14:54:16.475373+00:00'),
  ('4dad8bfa-74f2-4cd1-b3dd-faf2a2fde4ec', '2025-12-23', '09:00-09:30', 10, 10, 'madinah', '2025-12-10T14:54:16.475373+00:00'),
  ('c8f9e15c-886b-446f-840d-6ed6f3b34adc', '2025-12-23', '09:30-10:00', 10, 10, 'riyadh', '2025-12-10T14:54:16.475373+00:00'),
  ('f2c024c0-b6b1-41aa-b78c-74568674ef0b', '2025-12-23', '09:30-10:00', 10, 10, 'jeddah', '2025-12-10T14:54:16.475373+00:00'),
  ('f35954ce-22c3-4749-8fb5-cf35a35ac1f7', '2025-12-23', '09:30-10:00', 10, 10, 'dammam', '2025-12-10T14:54:16.475373+00:00'),
  ('2efc9761-f1b6-4b5b-92d6-2534b9ab5ba7', '2025-12-23', '09:30-10:00', 10, 10, 'makkah', '2025-12-10T14:54:16.475373+00:00'),
  ('cccacf56-f6ae-422a-bd73-725eb9040110', '2025-12-23', '09:30-10:00', 10, 10, 'madinah', '2025-12-10T14:54:16.475373+00:00'),
  ('d5b95c69-e51b-4738-860a-8f4ef69d3b5a', '2025-12-23', '10:00-10:30', 10, 10, 'riyadh', '2025-12-10T14:54:16.475373+00:00'),
  ('5bd6700f-49c1-4eaa-9a7a-eddc347caf76', '2025-12-23', '10:00-10:30', 10, 10, 'jeddah', '2025-12-10T14:54:16.475373+00:00'),
  ('acc69f77-2190-4373-858d-9fbfa9de5a46', '2025-12-23', '10:00-10:30', 10, 10, 'dammam', '2025-12-10T14:54:16.475373+00:00'),
  ('fcb894d4-dfc9-4f16-8f6a-e46e1062f140', '2025-12-23', '10:00-10:30', 10, 10, 'makkah', '2025-12-10T14:54:16.475373+00:00'),
  ('e5da42be-938c-4347-b7db-88e4115d2803', '2025-12-23', '10:00-10:30', 10, 10, 'madinah', '2025-12-10T14:54:16.475373+00:00'),
  ('0e4092b4-b206-48fb-9a3b-2b0a0a7b8d58', '2025-12-23', '10:30-11:00', 10, 10, 'riyadh', '2025-12-10T14:54:16.475373+00:00'),
  ('1cea8f5d-4275-4850-b487-c62f15962755', '2025-12-23', '10:30-11:00', 10, 10, 'jeddah', '2025-12-10T14:54:16.475373+00:00'),
  ('8c942c0b-c810-4970-9b2d-3503ddddb995', '2025-12-23', '10:30-11:00', 10, 10, 'dammam', '2025-12-10T14:54:16.475373+00:00'),
  ('9374bbde-77b1-4e2f-8321-33089264976a', '2025-12-23', '10:30-11:00', 10, 10, 'makkah', '2025-12-10T14:54:16.475373+00:00'),
  ('e0fc9a8c-aa72-46b3-9acb-f5d00f7d0794', '2025-12-23', '10:30-11:00', 10, 10, 'madinah', '2025-12-10T14:54:16.475373+00:00')
ON CONFLICT DO NOTHING;

INSERT INTO public.appointment_slots (id, date, time_slot, available_slots, total_slots, region, created_at)
VALUES
  ('cebef86e-1ab0-4533-83d6-3a900c1292e9', '2025-12-23', '11:00-11:30', 10, 10, 'riyadh', '2025-12-10T14:54:16.475373+00:00'),
  ('185e7116-4838-4b80-8257-49f5d73a3e11', '2025-12-23', '11:00-11:30', 10, 10, 'jeddah', '2025-12-10T14:54:16.475373+00:00'),
  ('a44807a0-9784-47d5-9a72-aebf6e687496', '2025-12-23', '11:00-11:30', 10, 10, 'dammam', '2025-12-10T14:54:16.475373+00:00'),
  ('cdde3035-6216-4306-81e4-038e1526677c', '2025-12-23', '11:00-11:30', 10, 10, 'makkah', '2025-12-10T14:54:16.475373+00:00'),
  ('83b389b8-a7d9-4ad2-8859-e1697b116e3c', '2025-12-23', '11:00-11:30', 10, 10, 'madinah', '2025-12-10T14:54:16.475373+00:00'),
  ('62e60102-649b-4dbc-a058-ce30c214fbe8', '2025-12-23', '11:30-12:00', 10, 10, 'riyadh', '2025-12-10T14:54:16.475373+00:00'),
  ('0e914118-e40f-43c3-a26a-16937e7b88bd', '2025-12-23', '11:30-12:00', 10, 10, 'jeddah', '2025-12-10T14:54:16.475373+00:00'),
  ('553bb245-7dd2-4576-a737-afeb6bdd346f', '2025-12-23', '11:30-12:00', 10, 10, 'dammam', '2025-12-10T14:54:16.475373+00:00'),
  ('771dca9e-2a7b-4b66-8ee7-4229b840e03a', '2025-12-23', '11:30-12:00', 10, 10, 'makkah', '2025-12-10T14:54:16.475373+00:00'),
  ('661004c7-79b0-4e40-8752-2f237a8d9718', '2025-12-23', '11:30-12:00', 10, 10, 'madinah', '2025-12-10T14:54:16.475373+00:00'),
  ('128668b6-0340-4d63-b4d1-103160dd1bea', '2025-12-23', '13:00-13:30', 10, 10, 'riyadh', '2025-12-10T14:54:16.475373+00:00'),
  ('bcfb29fa-309f-44fb-97e9-6a4c3fb19869', '2025-12-23', '13:00-13:30', 10, 10, 'jeddah', '2025-12-10T14:54:16.475373+00:00'),
  ('2ccb36f2-ba64-48f6-bf08-c3af831f0d55', '2025-12-23', '13:00-13:30', 10, 10, 'dammam', '2025-12-10T14:54:16.475373+00:00'),
  ('09b62419-2b8d-4c0e-a04a-e58a8ca42609', '2025-12-23', '13:00-13:30', 10, 10, 'makkah', '2025-12-10T14:54:16.475373+00:00'),
  ('da17f9af-1331-4001-80a0-80f265001b73', '2025-12-23', '13:00-13:30', 10, 10, 'madinah', '2025-12-10T14:54:16.475373+00:00'),
  ('c64cbd18-e9e4-4ff2-8cdd-297e56c23561', '2025-12-23', '13:30-14:00', 10, 10, 'riyadh', '2025-12-10T14:54:16.475373+00:00'),
  ('1b69b3d7-fe6e-40c2-9cc5-b8a50ccfd09d', '2025-12-23', '13:30-14:00', 10, 10, 'jeddah', '2025-12-10T14:54:16.475373+00:00'),
  ('a1b2d8e9-1404-4929-a0b1-736c06b27813', '2025-12-23', '13:30-14:00', 10, 10, 'dammam', '2025-12-10T14:54:16.475373+00:00'),
  ('4fa39d14-03ce-4113-8fcc-47447eeb0715', '2025-12-23', '13:30-14:00', 10, 10, 'makkah', '2025-12-10T14:54:16.475373+00:00'),
  ('7f56e5be-447d-45c7-b3b8-e25ce35f36f9', '2025-12-23', '13:30-14:00', 10, 10, 'madinah', '2025-12-10T14:54:16.475373+00:00'),
  ('c8b6ef61-df1d-4b29-a08e-4a4ca38d6f24', '2025-12-23', '14:00-14:30', 10, 10, 'riyadh', '2025-12-10T14:54:16.475373+00:00'),
  ('3d96fa12-8f5e-48e9-b694-52b3bf9ab04a', '2025-12-23', '14:00-14:30', 10, 10, 'jeddah', '2025-12-10T14:54:16.475373+00:00'),
  ('787efe01-a3ed-471f-b201-3fc316ce091e', '2025-12-23', '14:00-14:30', 10, 10, 'dammam', '2025-12-10T14:54:16.475373+00:00'),
  ('c5771670-58f1-459c-91f5-85be298e49a7', '2025-12-23', '14:00-14:30', 10, 10, 'makkah', '2025-12-10T14:54:16.475373+00:00'),
  ('814f4754-2245-43da-aa3e-18fe1a137fbd', '2025-12-23', '14:00-14:30', 10, 10, 'madinah', '2025-12-10T14:54:16.475373+00:00'),
  ('c0a28890-70f2-4100-93ab-ea015a5898b5', '2025-12-23', '14:30-15:00', 10, 10, 'riyadh', '2025-12-10T14:54:16.475373+00:00'),
  ('2db28bf7-3d9a-413e-a04f-3db00b8b36cd', '2025-12-23', '14:30-15:00', 10, 10, 'jeddah', '2025-12-10T14:54:16.475373+00:00'),
  ('eb51deea-133a-4630-81ef-5274fbc1db8c', '2025-12-23', '14:30-15:00', 10, 10, 'dammam', '2025-12-10T14:54:16.475373+00:00'),
  ('00e8bda3-ec8c-4dd5-aa7a-376e12ff2395', '2025-12-23', '14:30-15:00', 10, 10, 'makkah', '2025-12-10T14:54:16.475373+00:00'),
  ('536e9a82-3848-4e3b-8cc7-cf46baf79077', '2025-12-23', '14:30-15:00', 10, 10, 'madinah', '2025-12-10T14:54:16.475373+00:00'),
  ('2c3f3212-5791-49ab-9c73-5d69149565cd', '2025-12-23', '15:00-15:30', 10, 10, 'riyadh', '2025-12-10T14:54:16.475373+00:00'),
  ('5c1ca1a0-fea3-430e-86b1-d82d732f89b2', '2025-12-23', '15:00-15:30', 10, 10, 'jeddah', '2025-12-10T14:54:16.475373+00:00'),
  ('5f531d05-1ac1-4bdd-8543-33a278572824', '2025-12-23', '15:00-15:30', 10, 10, 'dammam', '2025-12-10T14:54:16.475373+00:00'),
  ('d0dcb8b9-5e6a-47c7-8d8c-8984d75e6811', '2025-12-23', '15:00-15:30', 10, 10, 'makkah', '2025-12-10T14:54:16.475373+00:00'),
  ('aa5c024b-cdd0-49fe-8b25-48db74c5a6b5', '2025-12-23', '15:00-15:30', 10, 10, 'madinah', '2025-12-10T14:54:16.475373+00:00'),
  ('6846ed1c-e558-4300-ae6a-bcabf9fe1f3a', '2025-12-23', '15:30-16:00', 10, 10, 'riyadh', '2025-12-10T14:54:16.475373+00:00'),
  ('c1a71bf2-cfb3-4188-aa0d-b9a425b508df', '2025-12-23', '15:30-16:00', 10, 10, 'jeddah', '2025-12-10T14:54:16.475373+00:00'),
  ('799ea3ec-969a-4eea-93ed-f8e50501c33b', '2025-12-23', '15:30-16:00', 10, 10, 'dammam', '2025-12-10T14:54:16.475373+00:00'),
  ('bbed77ad-53fb-4c6b-9830-d9401d3ef755', '2025-12-23', '15:30-16:00', 10, 10, 'makkah', '2025-12-10T14:54:16.475373+00:00'),
  ('d9665b70-a54f-4137-995b-ea85b13f1db4', '2025-12-23', '15:30-16:00', 10, 10, 'madinah', '2025-12-10T14:54:16.475373+00:00'),
  ('22ac189a-9e8c-4712-8ba0-5662c58f414b', '2025-12-24', '09:00-09:30', 10, 10, 'riyadh', '2025-12-10T14:54:16.475373+00:00'),
  ('9e62a3c0-e2ab-4087-9e02-0374335f9dc1', '2025-12-24', '09:00-09:30', 10, 10, 'jeddah', '2025-12-10T14:54:16.475373+00:00'),
  ('a4d5eaa9-bee7-43aa-a7f6-2eb6b07b0eb5', '2025-12-24', '09:00-09:30', 10, 10, 'dammam', '2025-12-10T14:54:16.475373+00:00'),
  ('2d6a1ee5-f1ff-4479-a255-7f356a401142', '2025-12-24', '09:00-09:30', 10, 10, 'makkah', '2025-12-10T14:54:16.475373+00:00'),
  ('bcdd9b5e-be0f-43dd-b783-329b99eff913', '2025-12-24', '09:00-09:30', 10, 10, 'madinah', '2025-12-10T14:54:16.475373+00:00'),
  ('fa89acae-beab-4ea0-8cea-388aae485749', '2025-12-24', '09:30-10:00', 10, 10, 'riyadh', '2025-12-10T14:54:16.475373+00:00'),
  ('254a60f0-f65e-41ea-89d0-47b43dcf5010', '2025-12-24', '09:30-10:00', 10, 10, 'jeddah', '2025-12-10T14:54:16.475373+00:00'),
  ('246a97e3-c1b8-4647-b66d-55fd10ced31a', '2025-12-24', '09:30-10:00', 10, 10, 'dammam', '2025-12-10T14:54:16.475373+00:00'),
  ('657c9426-86ad-4bfe-82cb-2fb1e8bc27bc', '2025-12-24', '09:30-10:00', 10, 10, 'makkah', '2025-12-10T14:54:16.475373+00:00'),
  ('d9e18203-9711-46e0-a444-e572bc686d4b', '2025-12-24', '09:30-10:00', 10, 10, 'madinah', '2025-12-10T14:54:16.475373+00:00'),
  ('5ea80d98-06df-4919-b2bc-39caa37fd788', '2025-12-24', '10:00-10:30', 10, 10, 'riyadh', '2025-12-10T14:54:16.475373+00:00'),
  ('0ce66afe-325c-42a7-8488-28dbab5382ec', '2025-12-24', '10:00-10:30', 10, 10, 'jeddah', '2025-12-10T14:54:16.475373+00:00'),
  ('bcdd62de-26e1-45b4-a311-3821e9d3da3e', '2025-12-24', '10:00-10:30', 10, 10, 'dammam', '2025-12-10T14:54:16.475373+00:00'),
  ('458d0322-0932-471d-9aec-5b7a673015e4', '2025-12-24', '10:00-10:30', 10, 10, 'makkah', '2025-12-10T14:54:16.475373+00:00'),
  ('901a8e04-c857-4841-9ba2-87583b4dbd16', '2025-12-24', '10:00-10:30', 10, 10, 'madinah', '2025-12-10T14:54:16.475373+00:00'),
  ('d30bcd5b-f424-40bb-aeba-bf21dfd7d94c', '2025-12-24', '10:30-11:00', 10, 10, 'riyadh', '2025-12-10T14:54:16.475373+00:00'),
  ('841a17f8-76c3-49e5-b414-4a3a28f01ab5', '2025-12-24', '10:30-11:00', 10, 10, 'jeddah', '2025-12-10T14:54:16.475373+00:00'),
  ('7c36555f-37e9-455a-a2d0-c16707d9fb89', '2025-12-24', '10:30-11:00', 10, 10, 'dammam', '2025-12-10T14:54:16.475373+00:00'),
  ('bdb5a8e6-2b79-43a1-8cf9-e44625a0c193', '2025-12-24', '10:30-11:00', 10, 10, 'makkah', '2025-12-10T14:54:16.475373+00:00'),
  ('e93dd010-cfa7-401e-a313-ee9f612191b8', '2025-12-24', '10:30-11:00', 10, 10, 'madinah', '2025-12-10T14:54:16.475373+00:00'),
  ('52547ee7-b5c2-4b66-b82f-1166b8968388', '2025-12-24', '11:00-11:30', 10, 10, 'riyadh', '2025-12-10T14:54:16.475373+00:00'),
  ('6608ef24-d285-4b1c-b99a-cc59ad400a19', '2025-12-24', '11:00-11:30', 10, 10, 'jeddah', '2025-12-10T14:54:16.475373+00:00'),
  ('aa146687-0ca3-4661-8810-8e15d672d192', '2025-12-24', '11:00-11:30', 10, 10, 'dammam', '2025-12-10T14:54:16.475373+00:00'),
  ('9a0b0d0c-0835-4e3d-a867-cf27a54faf35', '2025-12-24', '11:00-11:30', 10, 10, 'makkah', '2025-12-10T14:54:16.475373+00:00'),
  ('04ae0b8f-dd4d-48c9-8c75-7e1bb48e54c4', '2025-12-24', '11:00-11:30', 10, 10, 'madinah', '2025-12-10T14:54:16.475373+00:00'),
  ('5fe8ab75-f4a5-4e98-9c3b-04c139556c50', '2025-12-24', '11:30-12:00', 10, 10, 'riyadh', '2025-12-10T14:54:16.475373+00:00'),
  ('963e16d5-97cc-409c-903f-1c21ffab5a29', '2025-12-24', '11:30-12:00', 10, 10, 'jeddah', '2025-12-10T14:54:16.475373+00:00'),
  ('263d1293-9bf4-4b99-9d79-442a4cef2779', '2025-12-24', '11:30-12:00', 10, 10, 'dammam', '2025-12-10T14:54:16.475373+00:00'),
  ('5df0e381-30f2-4220-b3cf-6242c82af12e', '2025-12-24', '11:30-12:00', 10, 10, 'makkah', '2025-12-10T14:54:16.475373+00:00'),
  ('4bf0ae61-c25d-4c11-895f-6610e5fd347d', '2025-12-24', '11:30-12:00', 10, 10, 'madinah', '2025-12-10T14:54:16.475373+00:00'),
  ('0d5c2d0b-f3b4-43b0-ad98-22af8fa13c2d', '2025-12-24', '13:00-13:30', 10, 10, 'riyadh', '2025-12-10T14:54:16.475373+00:00'),
  ('38af8f90-9ea7-4779-b00e-4e1adb0d4f96', '2025-12-24', '13:00-13:30', 10, 10, 'jeddah', '2025-12-10T14:54:16.475373+00:00'),
  ('af2cdaa1-f939-43b1-ac5b-986dec86dcee', '2025-12-24', '13:00-13:30', 10, 10, 'dammam', '2025-12-10T14:54:16.475373+00:00'),
  ('fd0247bb-c55e-4cc0-9317-3c8a1072ab85', '2025-12-24', '13:00-13:30', 10, 10, 'makkah', '2025-12-10T14:54:16.475373+00:00'),
  ('b761a0ec-829b-4e6c-8905-43e458627bf2', '2025-12-24', '13:00-13:30', 10, 10, 'madinah', '2025-12-10T14:54:16.475373+00:00'),
  ('f703b3f8-fc91-461a-9f6b-e1bd3e6cb2ce', '2025-12-24', '13:30-14:00', 10, 10, 'riyadh', '2025-12-10T14:54:16.475373+00:00'),
  ('8b0ded24-ed41-4c5e-8b02-c7b3ddaa4d16', '2025-12-24', '13:30-14:00', 10, 10, 'jeddah', '2025-12-10T14:54:16.475373+00:00'),
  ('5fc7d4ed-1698-488f-a9de-7173c6260c99', '2025-12-24', '13:30-14:00', 10, 10, 'dammam', '2025-12-10T14:54:16.475373+00:00'),
  ('f215b461-b7b5-4cbc-93af-a766e131fab1', '2025-12-24', '13:30-14:00', 10, 10, 'makkah', '2025-12-10T14:54:16.475373+00:00'),
  ('2fd0ef96-cd55-4089-8546-e3dd2aa05764', '2025-12-24', '13:30-14:00', 10, 10, 'madinah', '2025-12-10T14:54:16.475373+00:00'),
  ('f4ae517d-e8eb-407d-9d7e-2c5e38e7df29', '2025-12-24', '14:00-14:30', 10, 10, 'riyadh', '2025-12-10T14:54:16.475373+00:00'),
  ('cd778d66-8d95-4b27-a60d-f9df5ac169f9', '2025-12-24', '14:00-14:30', 10, 10, 'jeddah', '2025-12-10T14:54:16.475373+00:00'),
  ('14e86c36-2e16-4abd-9d30-54f5a91446dc', '2025-12-24', '14:00-14:30', 10, 10, 'dammam', '2025-12-10T14:54:16.475373+00:00'),
  ('b080527b-2695-4ef9-8069-cfc800dc4602', '2025-12-24', '14:00-14:30', 10, 10, 'makkah', '2025-12-10T14:54:16.475373+00:00'),
  ('f730d15e-fccd-4c6d-9e7f-656bdce0e576', '2025-12-24', '14:00-14:30', 10, 10, 'madinah', '2025-12-10T14:54:16.475373+00:00'),
  ('9ffbc02e-c3d7-4cba-ba42-628e0829ec3c', '2025-12-24', '14:30-15:00', 10, 10, 'riyadh', '2025-12-10T14:54:16.475373+00:00'),
  ('721fc4fd-8bf2-4fca-910e-c22afa5cc840', '2025-12-24', '14:30-15:00', 10, 10, 'jeddah', '2025-12-10T14:54:16.475373+00:00'),
  ('ab2ef9e2-83ac-4c43-b246-06df3b0e8fd4', '2025-12-24', '14:30-15:00', 10, 10, 'dammam', '2025-12-10T14:54:16.475373+00:00'),
  ('04ed89bf-1bd0-4ba3-87c5-adc4957f76ad', '2025-12-24', '14:30-15:00', 10, 10, 'makkah', '2025-12-10T14:54:16.475373+00:00'),
  ('b4bf2a93-8e7c-4d5d-aae6-68627aef8471', '2025-12-24', '14:30-15:00', 10, 10, 'madinah', '2025-12-10T14:54:16.475373+00:00'),
  ('2adc3f55-7ba2-4c86-9ba8-159f6f70aa79', '2025-12-24', '15:00-15:30', 10, 10, 'riyadh', '2025-12-10T14:54:16.475373+00:00'),
  ('dee84932-d98b-4a7b-b801-9ffc76d27917', '2025-12-24', '15:00-15:30', 10, 10, 'jeddah', '2025-12-10T14:54:16.475373+00:00'),
  ('2966b904-d498-4002-a650-9de579ac374e', '2025-12-24', '15:00-15:30', 10, 10, 'dammam', '2025-12-10T14:54:16.475373+00:00'),
  ('e6be822a-c928-43fa-b6f5-cc03a0da145c', '2025-12-24', '15:00-15:30', 10, 10, 'makkah', '2025-12-10T14:54:16.475373+00:00'),
  ('d35a0012-3e19-402a-9640-e79964a00b97', '2025-12-24', '15:00-15:30', 10, 10, 'madinah', '2025-12-10T14:54:16.475373+00:00'),
  ('170c48e7-1ab9-4332-a6ee-6e65ccf08a10', '2025-12-24', '15:30-16:00', 10, 10, 'riyadh', '2025-12-10T14:54:16.475373+00:00'),
  ('8cea789e-25a1-42eb-b619-17cbc8ea5e7e', '2025-12-24', '15:30-16:00', 10, 10, 'jeddah', '2025-12-10T14:54:16.475373+00:00'),
  ('501862c1-6c1d-4142-8e4b-77e2c8cfe064', '2025-12-24', '15:30-16:00', 10, 10, 'dammam', '2025-12-10T14:54:16.475373+00:00'),
  ('56bb44c8-1373-44be-abbd-20cafe1df798', '2025-12-24', '15:30-16:00', 10, 10, 'makkah', '2025-12-10T14:54:16.475373+00:00'),
  ('482bac25-8a74-49b4-ac3d-ff2f0759b109', '2025-12-24', '15:30-16:00', 10, 10, 'madinah', '2025-12-10T14:54:16.475373+00:00')
ON CONFLICT DO NOTHING;

INSERT INTO public.appointment_slots (id, date, time_slot, available_slots, total_slots, region, created_at)
VALUES
  ('179b2b85-d65c-4c8c-b9ff-cef72dc60704', '2025-12-25', '09:00-09:30', 10, 10, 'riyadh', '2025-12-10T14:54:16.475373+00:00'),
  ('e89094b7-43ca-4161-9837-eb683ae1bcfa', '2025-12-25', '09:00-09:30', 10, 10, 'jeddah', '2025-12-10T14:54:16.475373+00:00'),
  ('e6c24648-8bb4-4116-99b7-4cf36d3a538a', '2025-12-25', '09:00-09:30', 10, 10, 'dammam', '2025-12-10T14:54:16.475373+00:00'),
  ('c233d603-26e8-48e5-ae3c-86e5dfddfe0a', '2025-12-25', '09:00-09:30', 10, 10, 'makkah', '2025-12-10T14:54:16.475373+00:00'),
  ('5201c3ec-a0fd-468b-bd57-6fef3f7a9625', '2025-12-25', '09:00-09:30', 10, 10, 'madinah', '2025-12-10T14:54:16.475373+00:00'),
  ('9d20fee9-33c2-446a-9fe9-a311ed235e4a', '2025-12-25', '09:30-10:00', 10, 10, 'riyadh', '2025-12-10T14:54:16.475373+00:00'),
  ('6af9dcfd-fa7f-4d38-838f-9229b139d1f1', '2025-12-25', '09:30-10:00', 10, 10, 'jeddah', '2025-12-10T14:54:16.475373+00:00'),
  ('855d48f4-9fd9-47eb-a6d6-dd5bc8ae81ec', '2025-12-25', '09:30-10:00', 10, 10, 'dammam', '2025-12-10T14:54:16.475373+00:00'),
  ('4e91c3aa-03a1-43ec-9a36-1ae93fab3879', '2025-12-25', '09:30-10:00', 10, 10, 'makkah', '2025-12-10T14:54:16.475373+00:00'),
  ('8d51ce8e-43fc-4ff5-b1ba-a8fe0a941376', '2025-12-25', '09:30-10:00', 10, 10, 'madinah', '2025-12-10T14:54:16.475373+00:00'),
  ('173d6e2e-1ba6-4cac-80d0-95694029233b', '2025-12-25', '10:00-10:30', 10, 10, 'riyadh', '2025-12-10T14:54:16.475373+00:00'),
  ('1ac711a7-a0cf-47ae-8f5b-6a3a4313402f', '2025-12-25', '10:00-10:30', 10, 10, 'jeddah', '2025-12-10T14:54:16.475373+00:00'),
  ('d300cbd5-f148-443a-8df1-9b86d4134e8c', '2025-12-25', '10:00-10:30', 10, 10, 'dammam', '2025-12-10T14:54:16.475373+00:00'),
  ('3de35ad7-b08b-48f8-b027-4aaf95d4dd90', '2025-12-25', '10:00-10:30', 10, 10, 'makkah', '2025-12-10T14:54:16.475373+00:00'),
  ('16715f98-2686-40c1-a598-533dde6ec0a5', '2025-12-25', '10:00-10:30', 10, 10, 'madinah', '2025-12-10T14:54:16.475373+00:00'),
  ('53c157f0-e75e-4a9a-8664-ff136f453938', '2025-12-25', '10:30-11:00', 10, 10, 'riyadh', '2025-12-10T14:54:16.475373+00:00'),
  ('1b26300e-f3ee-4547-9d00-763871d3e16e', '2025-12-25', '10:30-11:00', 10, 10, 'jeddah', '2025-12-10T14:54:16.475373+00:00'),
  ('9579cd1b-4d77-44b7-b21f-0790c383928d', '2025-12-25', '10:30-11:00', 10, 10, 'dammam', '2025-12-10T14:54:16.475373+00:00'),
  ('eb27665c-1322-4f57-a790-4227e1cbbfd9', '2025-12-25', '10:30-11:00', 10, 10, 'makkah', '2025-12-10T14:54:16.475373+00:00'),
  ('1827f6ee-66d9-472e-a17f-5b7891c0090b', '2025-12-25', '10:30-11:00', 10, 10, 'madinah', '2025-12-10T14:54:16.475373+00:00'),
  ('93230e5c-9026-43b9-aa76-3b3e99b3f977', '2025-12-25', '11:00-11:30', 10, 10, 'riyadh', '2025-12-10T14:54:16.475373+00:00'),
  ('9a16ea64-7bfe-4e25-a477-d6db642632c1', '2025-12-25', '11:00-11:30', 10, 10, 'jeddah', '2025-12-10T14:54:16.475373+00:00'),
  ('99f1cb92-3c84-493e-b4ba-8575342967f7', '2025-12-25', '11:00-11:30', 10, 10, 'dammam', '2025-12-10T14:54:16.475373+00:00'),
  ('c6b5e978-9b79-4841-8f50-b32353058ff9', '2025-12-25', '11:00-11:30', 10, 10, 'makkah', '2025-12-10T14:54:16.475373+00:00'),
  ('0c217f27-89be-4b88-b075-2ffa4e9c6679', '2025-12-25', '11:00-11:30', 10, 10, 'madinah', '2025-12-10T14:54:16.475373+00:00'),
  ('cdde531d-4fef-4d7c-80a5-f8134b671871', '2025-12-25', '11:30-12:00', 10, 10, 'riyadh', '2025-12-10T14:54:16.475373+00:00'),
  ('3621c3ab-9256-423f-8775-724add5d63c9', '2025-12-25', '11:30-12:00', 10, 10, 'jeddah', '2025-12-10T14:54:16.475373+00:00'),
  ('ae7da14b-33b6-487c-9205-cc09c13b7ac5', '2025-12-25', '11:30-12:00', 10, 10, 'dammam', '2025-12-10T14:54:16.475373+00:00'),
  ('c39cb74e-1a0b-43f5-9c94-f7e75f9d8d6e', '2025-12-25', '11:30-12:00', 10, 10, 'makkah', '2025-12-10T14:54:16.475373+00:00'),
  ('abf9fcef-e128-41c2-bff7-c365bf54c3b3', '2025-12-25', '11:30-12:00', 10, 10, 'madinah', '2025-12-10T14:54:16.475373+00:00'),
  ('cce39584-1272-4188-be4a-36d826aacd5e', '2025-12-25', '13:00-13:30', 10, 10, 'riyadh', '2025-12-10T14:54:16.475373+00:00'),
  ('e550c1f3-5736-4bf2-9f18-f75ac0fb5254', '2025-12-25', '13:00-13:30', 10, 10, 'jeddah', '2025-12-10T14:54:16.475373+00:00'),
  ('20ae83df-f94f-4505-92fe-8ee3c03807f8', '2025-12-25', '13:00-13:30', 10, 10, 'dammam', '2025-12-10T14:54:16.475373+00:00'),
  ('379e3675-44a8-4fa5-b0be-5285306cc6f4', '2025-12-25', '13:00-13:30', 10, 10, 'makkah', '2025-12-10T14:54:16.475373+00:00'),
  ('22d054ba-402d-405c-8c0e-f8603b450201', '2025-12-25', '13:00-13:30', 10, 10, 'madinah', '2025-12-10T14:54:16.475373+00:00'),
  ('218877ac-0837-4738-9fae-ee4f9293a222', '2025-12-25', '13:30-14:00', 10, 10, 'riyadh', '2025-12-10T14:54:16.475373+00:00'),
  ('b79534ab-1456-4344-a8ed-975fb9aaa02c', '2025-12-25', '13:30-14:00', 10, 10, 'jeddah', '2025-12-10T14:54:16.475373+00:00'),
  ('f23293e5-7b16-4f95-8cb4-e81d32e2cfcd', '2025-12-25', '13:30-14:00', 10, 10, 'dammam', '2025-12-10T14:54:16.475373+00:00'),
  ('f7355e61-15be-4782-9219-9bde8d727c0d', '2025-12-25', '13:30-14:00', 10, 10, 'makkah', '2025-12-10T14:54:16.475373+00:00'),
  ('f3d00042-d119-4086-9d80-f2c0d7c69b8b', '2025-12-25', '13:30-14:00', 10, 10, 'madinah', '2025-12-10T14:54:16.475373+00:00'),
  ('671423d0-4e34-4143-bb6f-1600243c39e1', '2025-12-25', '14:00-14:30', 10, 10, 'riyadh', '2025-12-10T14:54:16.475373+00:00'),
  ('efe113b2-87e0-4d80-8bf2-094c56e2aeca', '2025-12-25', '14:00-14:30', 10, 10, 'jeddah', '2025-12-10T14:54:16.475373+00:00'),
  ('6a46db70-6afb-40d6-ba2f-e0e77babdd02', '2025-12-25', '14:00-14:30', 10, 10, 'dammam', '2025-12-10T14:54:16.475373+00:00'),
  ('dd74d60c-12ef-4525-89fe-269c1066ab98', '2025-12-25', '14:00-14:30', 10, 10, 'makkah', '2025-12-10T14:54:16.475373+00:00'),
  ('f1bfaf63-9a92-4e90-835c-6e6e0f02193a', '2025-12-25', '14:00-14:30', 10, 10, 'madinah', '2025-12-10T14:54:16.475373+00:00'),
  ('9141012d-9115-4ec8-986b-63c15000dcdc', '2025-12-25', '14:30-15:00', 10, 10, 'riyadh', '2025-12-10T14:54:16.475373+00:00'),
  ('80dfb6e1-1520-4fa6-b2be-d50af7b8f88f', '2025-12-25', '14:30-15:00', 10, 10, 'jeddah', '2025-12-10T14:54:16.475373+00:00'),
  ('4b8f23b4-aae4-49c1-a30b-0ce3f7b2b823', '2025-12-25', '14:30-15:00', 10, 10, 'dammam', '2025-12-10T14:54:16.475373+00:00'),
  ('5bf4ec2f-d745-4928-88c3-f123a9dfbe67', '2025-12-25', '14:30-15:00', 10, 10, 'makkah', '2025-12-10T14:54:16.475373+00:00'),
  ('b1003e06-f172-4bc9-be0a-6d91a4485a9a', '2025-12-25', '14:30-15:00', 10, 10, 'madinah', '2025-12-10T14:54:16.475373+00:00'),
  ('f0a7fd43-1eaf-44f6-b98f-e2eefa96eb2e', '2025-12-25', '15:00-15:30', 10, 10, 'riyadh', '2025-12-10T14:54:16.475373+00:00'),
  ('94e026c5-e5ca-423f-9892-523d6481b2e3', '2025-12-25', '15:00-15:30', 10, 10, 'jeddah', '2025-12-10T14:54:16.475373+00:00'),
  ('25f0bf95-6940-4d60-bd7f-23eeffabc684', '2025-12-25', '15:00-15:30', 10, 10, 'dammam', '2025-12-10T14:54:16.475373+00:00'),
  ('dba5b096-a80b-4419-9c76-dae6d74ce1e0', '2025-12-25', '15:00-15:30', 10, 10, 'makkah', '2025-12-10T14:54:16.475373+00:00'),
  ('2f6eb07e-80b8-47cb-9990-d9b6395d6cfe', '2025-12-25', '15:00-15:30', 10, 10, 'madinah', '2025-12-10T14:54:16.475373+00:00'),
  ('fadfa74a-3217-41e4-ada5-176ea0c4ec39', '2025-12-25', '15:30-16:00', 10, 10, 'riyadh', '2025-12-10T14:54:16.475373+00:00'),
  ('51c56b48-42de-4189-a3fa-e9de1fa3fff3', '2025-12-25', '15:30-16:00', 10, 10, 'jeddah', '2025-12-10T14:54:16.475373+00:00'),
  ('7cb5076c-6871-48da-b7f8-a8122ef608dc', '2025-12-25', '15:30-16:00', 10, 10, 'dammam', '2025-12-10T14:54:16.475373+00:00'),
  ('5e0addca-928c-4360-90e3-7de7da8533c7', '2025-12-25', '15:30-16:00', 10, 10, 'makkah', '2025-12-10T14:54:16.475373+00:00'),
  ('573bc44b-e986-4520-bc9d-5c3024f4eaf1', '2025-12-25', '15:30-16:00', 10, 10, 'madinah', '2025-12-10T14:54:16.475373+00:00'),
  ('458affb8-537f-461c-95bc-1c7c71478909', '2025-12-28', '09:00-09:30', 10, 10, 'riyadh', '2025-12-10T14:54:16.475373+00:00'),
  ('0b49f89b-56f3-4151-bbde-1f5c2b169e33', '2025-12-28', '09:00-09:30', 10, 10, 'jeddah', '2025-12-10T14:54:16.475373+00:00'),
  ('58f8cd51-670a-4c97-96bd-c01640ad5d10', '2025-12-28', '09:00-09:30', 10, 10, 'dammam', '2025-12-10T14:54:16.475373+00:00'),
  ('e000a1dd-d975-447e-82f8-354d2fa1d491', '2025-12-28', '09:00-09:30', 10, 10, 'makkah', '2025-12-10T14:54:16.475373+00:00'),
  ('677348e2-ba9c-4775-a7ec-ea03df042574', '2025-12-28', '09:00-09:30', 10, 10, 'madinah', '2025-12-10T14:54:16.475373+00:00'),
  ('47cb89e7-8ecc-4663-8011-d2b0ba5d5a5e', '2025-12-28', '09:30-10:00', 10, 10, 'riyadh', '2025-12-10T14:54:16.475373+00:00'),
  ('cb1b65ea-180f-4812-934f-78cc848e9590', '2025-12-28', '09:30-10:00', 10, 10, 'jeddah', '2025-12-10T14:54:16.475373+00:00'),
  ('2b070184-dfeb-4d23-aab9-27ac87864c48', '2025-12-28', '09:30-10:00', 10, 10, 'dammam', '2025-12-10T14:54:16.475373+00:00'),
  ('18d60079-c7d9-43a7-822c-751917e1bf38', '2025-12-28', '09:30-10:00', 10, 10, 'makkah', '2025-12-10T14:54:16.475373+00:00'),
  ('2c4e4ae0-d440-4987-909f-3b2bbe2eabf3', '2025-12-28', '09:30-10:00', 10, 10, 'madinah', '2025-12-10T14:54:16.475373+00:00'),
  ('7798c110-ca67-4b34-b897-b1a8208d06ed', '2025-12-28', '10:00-10:30', 10, 10, 'riyadh', '2025-12-10T14:54:16.475373+00:00'),
  ('750d6444-01a1-405e-bb92-fbf7291d5b52', '2025-12-28', '10:00-10:30', 10, 10, 'jeddah', '2025-12-10T14:54:16.475373+00:00'),
  ('256bdedf-38aa-4e11-a0b7-0cdfb8fdf885', '2025-12-28', '10:00-10:30', 10, 10, 'dammam', '2025-12-10T14:54:16.475373+00:00'),
  ('51931fd7-ea6c-4e47-90cd-5f6c65142445', '2025-12-28', '10:00-10:30', 10, 10, 'makkah', '2025-12-10T14:54:16.475373+00:00'),
  ('313a8806-4d19-4692-b857-7cef4594ce91', '2025-12-28', '10:00-10:30', 10, 10, 'madinah', '2025-12-10T14:54:16.475373+00:00'),
  ('7c944e0c-b67d-42f4-89c4-7a112c801189', '2025-12-28', '10:30-11:00', 10, 10, 'riyadh', '2025-12-10T14:54:16.475373+00:00'),
  ('5f94c388-aeaf-41c4-bc72-ad0c344220ba', '2025-12-28', '10:30-11:00', 10, 10, 'jeddah', '2025-12-10T14:54:16.475373+00:00'),
  ('5a915407-4c4f-44f5-9eb0-31f3ab05fe26', '2025-12-28', '10:30-11:00', 10, 10, 'dammam', '2025-12-10T14:54:16.475373+00:00'),
  ('3f28f168-6685-4155-97da-98e6efeac9b0', '2025-12-28', '10:30-11:00', 10, 10, 'makkah', '2025-12-10T14:54:16.475373+00:00'),
  ('1b63d506-1c93-427a-b767-f00c5c421b5b', '2025-12-28', '10:30-11:00', 10, 10, 'madinah', '2025-12-10T14:54:16.475373+00:00'),
  ('3495e2ee-2426-46f5-bf51-fea781ae7b32', '2025-12-28', '11:00-11:30', 10, 10, 'riyadh', '2025-12-10T14:54:16.475373+00:00'),
  ('6cff1959-afb8-4dcf-8737-a209dc2337dd', '2025-12-28', '11:00-11:30', 10, 10, 'jeddah', '2025-12-10T14:54:16.475373+00:00'),
  ('070e7c3a-a101-4731-b6c0-e76bbf0e43e9', '2025-12-28', '11:00-11:30', 10, 10, 'dammam', '2025-12-10T14:54:16.475373+00:00'),
  ('8a55135d-b97b-407d-9315-5a0d7c4c33aa', '2025-12-28', '11:00-11:30', 10, 10, 'makkah', '2025-12-10T14:54:16.475373+00:00'),
  ('71389fa5-d5e2-459d-b745-c2c22e5104e1', '2025-12-28', '11:00-11:30', 10, 10, 'madinah', '2025-12-10T14:54:16.475373+00:00'),
  ('4c985f6f-e9e6-40ef-af51-b00cf855a369', '2025-12-28', '11:30-12:00', 10, 10, 'riyadh', '2025-12-10T14:54:16.475373+00:00'),
  ('96c1682c-e969-4d50-83ed-ab4188d5c235', '2025-12-28', '11:30-12:00', 10, 10, 'jeddah', '2025-12-10T14:54:16.475373+00:00'),
  ('491f62ae-d01b-43a9-b8f7-6da9ab9cf4dd', '2025-12-28', '11:30-12:00', 10, 10, 'dammam', '2025-12-10T14:54:16.475373+00:00'),
  ('9e4bb750-cec2-40a2-9be4-c727cc8af60d', '2025-12-28', '11:30-12:00', 10, 10, 'makkah', '2025-12-10T14:54:16.475373+00:00'),
  ('039ca0c7-8786-4b7a-b952-022ae011de75', '2025-12-28', '11:30-12:00', 10, 10, 'madinah', '2025-12-10T14:54:16.475373+00:00'),
  ('f81a4a7f-f579-4245-8ac7-a7d2383e7c95', '2025-12-28', '13:00-13:30', 10, 10, 'riyadh', '2025-12-10T14:54:16.475373+00:00'),
  ('580cd80c-5fad-41e4-9e81-006bd543fa0e', '2025-12-28', '13:00-13:30', 10, 10, 'jeddah', '2025-12-10T14:54:16.475373+00:00'),
  ('e18e88bd-0dde-4f45-9390-67e57d0340a7', '2025-12-28', '13:00-13:30', 10, 10, 'dammam', '2025-12-10T14:54:16.475373+00:00'),
  ('2cd670b2-da11-4469-88b5-33077320fa08', '2025-12-28', '13:00-13:30', 10, 10, 'makkah', '2025-12-10T14:54:16.475373+00:00'),
  ('e37a02c5-fde5-49ce-9657-09685a14a11c', '2025-12-28', '13:00-13:30', 10, 10, 'madinah', '2025-12-10T14:54:16.475373+00:00'),
  ('7b232e99-3be0-4562-8b44-66ed04b3c063', '2025-12-28', '13:30-14:00', 10, 10, 'riyadh', '2025-12-10T14:54:16.475373+00:00'),
  ('7c169cbd-403a-4ff9-bf0c-85ea16ea1c42', '2025-12-28', '13:30-14:00', 10, 10, 'jeddah', '2025-12-10T14:54:16.475373+00:00'),
  ('c7e0a498-0e88-4fb1-a09e-63b3eb0a91c8', '2025-12-28', '13:30-14:00', 10, 10, 'dammam', '2025-12-10T14:54:16.475373+00:00'),
  ('eea9a1b9-7774-4163-be66-cdee9a6e1351', '2025-12-28', '13:30-14:00', 10, 10, 'makkah', '2025-12-10T14:54:16.475373+00:00'),
  ('d3e502cc-dec4-4885-a141-7983056a67a1', '2025-12-28', '13:30-14:00', 10, 10, 'madinah', '2025-12-10T14:54:16.475373+00:00')
ON CONFLICT DO NOTHING;

INSERT INTO public.appointment_slots (id, date, time_slot, available_slots, total_slots, region, created_at)
VALUES
  ('b96062e6-0750-426d-a50c-be979ecbb378', '2025-12-28', '14:00-14:30', 10, 10, 'riyadh', '2025-12-10T14:54:16.475373+00:00'),
  ('16509d79-1626-4ceb-bfeb-657b3eacfb72', '2025-12-28', '14:00-14:30', 10, 10, 'jeddah', '2025-12-10T14:54:16.475373+00:00'),
  ('166d29fd-8a8e-42ac-bbb8-b82a50cbb43d', '2025-12-28', '14:00-14:30', 10, 10, 'dammam', '2025-12-10T14:54:16.475373+00:00'),
  ('5a555499-d2ff-4ff9-80e4-f8261260c894', '2025-12-28', '14:00-14:30', 10, 10, 'makkah', '2025-12-10T14:54:16.475373+00:00'),
  ('f6e8594c-5340-4107-8759-47d5cfb31c4a', '2025-12-28', '14:00-14:30', 10, 10, 'madinah', '2025-12-10T14:54:16.475373+00:00'),
  ('1d1c9047-bcea-460a-b7c8-4da6245ab1e2', '2025-12-28', '14:30-15:00', 10, 10, 'riyadh', '2025-12-10T14:54:16.475373+00:00'),
  ('4c647e16-c9b3-49f1-88ea-b75c13b9dc8b', '2025-12-28', '14:30-15:00', 10, 10, 'jeddah', '2025-12-10T14:54:16.475373+00:00'),
  ('e752285b-f02c-4240-8ef2-ab9da8ce32bf', '2025-12-28', '14:30-15:00', 10, 10, 'dammam', '2025-12-10T14:54:16.475373+00:00'),
  ('391e7525-85ed-4935-8de8-969d06ddedf8', '2025-12-28', '14:30-15:00', 10, 10, 'makkah', '2025-12-10T14:54:16.475373+00:00'),
  ('e7a793a6-0187-4350-ad4d-a7084f7d0572', '2025-12-28', '14:30-15:00', 10, 10, 'madinah', '2025-12-10T14:54:16.475373+00:00'),
  ('2e0a56d3-9fbd-4209-8666-68dc145b2d57', '2025-12-28', '15:00-15:30', 10, 10, 'riyadh', '2025-12-10T14:54:16.475373+00:00'),
  ('e258f447-ed2f-4d4f-9ade-229affe05ac7', '2025-12-28', '15:00-15:30', 10, 10, 'jeddah', '2025-12-10T14:54:16.475373+00:00'),
  ('257d68ba-a442-413d-a825-7b690d885fba', '2025-12-28', '15:00-15:30', 10, 10, 'dammam', '2025-12-10T14:54:16.475373+00:00'),
  ('736eec11-32c2-4381-883f-869e317b48ae', '2025-12-28', '15:00-15:30', 10, 10, 'makkah', '2025-12-10T14:54:16.475373+00:00'),
  ('e1d58bf9-9336-4fbe-8d92-39a51328d82e', '2025-12-28', '15:00-15:30', 10, 10, 'madinah', '2025-12-10T14:54:16.475373+00:00'),
  ('d9876e59-5e66-4049-a4e7-ab8ac852c452', '2025-12-28', '15:30-16:00', 10, 10, 'riyadh', '2025-12-10T14:54:16.475373+00:00'),
  ('5b2a2814-cd41-4ab9-b24e-bf33fd859f26', '2025-12-28', '15:30-16:00', 10, 10, 'jeddah', '2025-12-10T14:54:16.475373+00:00'),
  ('19a8ca07-b719-44cf-b2e6-a8f6fbbad35a', '2025-12-28', '15:30-16:00', 10, 10, 'dammam', '2025-12-10T14:54:16.475373+00:00'),
  ('007688f0-52e8-4555-9740-87fe246c2465', '2025-12-28', '15:30-16:00', 10, 10, 'makkah', '2025-12-10T14:54:16.475373+00:00'),
  ('46693ca5-d4ac-4b10-acfa-d54d19ac465a', '2025-12-28', '15:30-16:00', 10, 10, 'madinah', '2025-12-10T14:54:16.475373+00:00'),
  ('b27ebdf9-e4a0-48d8-a49e-2ddd41dcb23a', '2025-12-29', '09:00-09:30', 10, 10, 'riyadh', '2025-12-10T14:54:16.475373+00:00'),
  ('ace31557-a7de-4496-b5d4-c92f19d26ed6', '2025-12-29', '09:00-09:30', 10, 10, 'jeddah', '2025-12-10T14:54:16.475373+00:00'),
  ('b2311aab-fb27-4d50-a878-71ccf6354287', '2025-12-29', '09:00-09:30', 10, 10, 'dammam', '2025-12-10T14:54:16.475373+00:00'),
  ('9f92a933-b8e1-4aca-80f4-d0deb10475aa', '2025-12-29', '09:00-09:30', 10, 10, 'makkah', '2025-12-10T14:54:16.475373+00:00'),
  ('a3cc0da1-ad17-4eda-852f-c4089473d1af', '2025-12-29', '09:00-09:30', 10, 10, 'madinah', '2025-12-10T14:54:16.475373+00:00'),
  ('c3bead8e-764c-4da5-917f-327fcd10f7c3', '2025-12-29', '09:30-10:00', 10, 10, 'riyadh', '2025-12-10T14:54:16.475373+00:00'),
  ('633b9ecb-8c3c-484e-982d-936866352dab', '2025-12-29', '09:30-10:00', 10, 10, 'jeddah', '2025-12-10T14:54:16.475373+00:00'),
  ('098cf710-273a-4836-ad63-92d842749594', '2025-12-29', '09:30-10:00', 10, 10, 'dammam', '2025-12-10T14:54:16.475373+00:00'),
  ('97eea582-e4d3-4cbc-b3bb-7b5d517cb78f', '2025-12-29', '09:30-10:00', 10, 10, 'makkah', '2025-12-10T14:54:16.475373+00:00'),
  ('949afd61-0ce9-4dbc-9af8-fd7998f313be', '2025-12-29', '09:30-10:00', 10, 10, 'madinah', '2025-12-10T14:54:16.475373+00:00'),
  ('a2443e31-5c5d-45c8-a26e-ab0c408f1ac3', '2025-12-29', '10:00-10:30', 10, 10, 'riyadh', '2025-12-10T14:54:16.475373+00:00'),
  ('4932c4ea-8755-42f2-a0a5-e833931c543e', '2025-12-29', '10:00-10:30', 10, 10, 'jeddah', '2025-12-10T14:54:16.475373+00:00'),
  ('e1e7c9ad-2554-43a9-b217-c0b78ba7555b', '2025-12-29', '10:00-10:30', 10, 10, 'dammam', '2025-12-10T14:54:16.475373+00:00'),
  ('6fde043e-5485-48cb-ae09-3f282e1574bb', '2025-12-29', '10:00-10:30', 10, 10, 'makkah', '2025-12-10T14:54:16.475373+00:00'),
  ('d486fb91-db7c-4404-8193-7e926ba25d9e', '2025-12-29', '10:00-10:30', 10, 10, 'madinah', '2025-12-10T14:54:16.475373+00:00'),
  ('5f42e00e-f68e-4ab3-8717-17723bb4e916', '2025-12-29', '10:30-11:00', 10, 10, 'riyadh', '2025-12-10T14:54:16.475373+00:00'),
  ('ba3a2f4e-5dbf-4889-9190-b8ac6dd9452a', '2025-12-29', '10:30-11:00', 10, 10, 'jeddah', '2025-12-10T14:54:16.475373+00:00'),
  ('9867c196-87eb-4eea-afe6-f0720bebb74c', '2025-12-29', '10:30-11:00', 10, 10, 'dammam', '2025-12-10T14:54:16.475373+00:00'),
  ('897c943e-5f7a-47f4-88b2-96329193705b', '2025-12-29', '10:30-11:00', 10, 10, 'makkah', '2025-12-10T14:54:16.475373+00:00'),
  ('850fc24c-7cb5-4d81-9f81-ced4750a10b1', '2025-12-29', '10:30-11:00', 10, 10, 'madinah', '2025-12-10T14:54:16.475373+00:00'),
  ('a6e206fb-dbfa-4662-8c08-7069dcad2e8a', '2025-12-29', '11:00-11:30', 10, 10, 'riyadh', '2025-12-10T14:54:16.475373+00:00'),
  ('26de770e-4cde-4925-b7a0-a0b60fd2ce73', '2025-12-29', '11:00-11:30', 10, 10, 'jeddah', '2025-12-10T14:54:16.475373+00:00'),
  ('fd825301-b79f-47cf-94af-5c013ca73e9a', '2025-12-29', '11:00-11:30', 10, 10, 'dammam', '2025-12-10T14:54:16.475373+00:00'),
  ('04e3e64f-870e-48eb-a367-d4df2d4d4d04', '2025-12-29', '11:00-11:30', 10, 10, 'makkah', '2025-12-10T14:54:16.475373+00:00'),
  ('d4bd1301-1672-4423-9220-1974c10e9964', '2025-12-29', '11:00-11:30', 10, 10, 'madinah', '2025-12-10T14:54:16.475373+00:00'),
  ('d98583a2-249c-4db0-aa06-ccef13711a28', '2025-12-29', '11:30-12:00', 10, 10, 'riyadh', '2025-12-10T14:54:16.475373+00:00'),
  ('3800619a-d617-4abe-9733-3d742ddfd99e', '2025-12-29', '11:30-12:00', 10, 10, 'jeddah', '2025-12-10T14:54:16.475373+00:00'),
  ('254226e2-3a3c-4e8b-9e23-87bb4c28df2f', '2025-12-29', '11:30-12:00', 10, 10, 'dammam', '2025-12-10T14:54:16.475373+00:00'),
  ('6cc6f1f1-431d-4b61-ac6a-26598643724f', '2025-12-29', '11:30-12:00', 10, 10, 'makkah', '2025-12-10T14:54:16.475373+00:00'),
  ('3454a773-75c6-4b2d-bceb-ab090eca79fd', '2025-12-29', '11:30-12:00', 10, 10, 'madinah', '2025-12-10T14:54:16.475373+00:00'),
  ('e17ef9d7-9336-47de-9ad3-c4f7abcc0fc8', '2025-12-29', '13:00-13:30', 10, 10, 'riyadh', '2025-12-10T14:54:16.475373+00:00'),
  ('a200fb09-8911-450b-bcbd-d99cb363e780', '2025-12-29', '13:00-13:30', 10, 10, 'jeddah', '2025-12-10T14:54:16.475373+00:00'),
  ('e933dfee-15e9-4764-b214-dd18093628e4', '2025-12-29', '13:00-13:30', 10, 10, 'dammam', '2025-12-10T14:54:16.475373+00:00'),
  ('8d321ab4-7ff4-4d23-9c8c-726c5d7483fe', '2025-12-29', '13:00-13:30', 10, 10, 'makkah', '2025-12-10T14:54:16.475373+00:00'),
  ('dc24adc6-76dc-4f59-baa3-a1a422e28a04', '2025-12-29', '13:00-13:30', 10, 10, 'madinah', '2025-12-10T14:54:16.475373+00:00'),
  ('6f9a7707-ece4-4da1-a641-69646d98591e', '2025-12-29', '13:30-14:00', 10, 10, 'riyadh', '2025-12-10T14:54:16.475373+00:00'),
  ('8c4a5c89-89a9-4c35-be3d-e4f569f47684', '2025-12-29', '13:30-14:00', 10, 10, 'jeddah', '2025-12-10T14:54:16.475373+00:00'),
  ('6bc4f907-1c54-42de-be98-d170c691098a', '2025-12-29', '13:30-14:00', 10, 10, 'dammam', '2025-12-10T14:54:16.475373+00:00'),
  ('07b1a2f6-7905-48d9-b779-c089cb369f01', '2025-12-29', '13:30-14:00', 10, 10, 'makkah', '2025-12-10T14:54:16.475373+00:00'),
  ('1d2268fa-ed37-4763-82f3-b5d52a80ff66', '2025-12-29', '13:30-14:00', 10, 10, 'madinah', '2025-12-10T14:54:16.475373+00:00'),
  ('dddfb1c7-1796-431d-9746-6ab433857241', '2025-12-29', '14:00-14:30', 10, 10, 'riyadh', '2025-12-10T14:54:16.475373+00:00'),
  ('4f4ccab3-f6cb-4d93-96a9-3d8f7be9a823', '2025-12-29', '14:00-14:30', 10, 10, 'jeddah', '2025-12-10T14:54:16.475373+00:00'),
  ('58597e38-4294-441b-9fe5-1a7c5e745d68', '2025-12-29', '14:00-14:30', 10, 10, 'dammam', '2025-12-10T14:54:16.475373+00:00'),
  ('62cfd11f-4d17-4850-8429-19645a2a9e51', '2025-12-29', '14:00-14:30', 10, 10, 'makkah', '2025-12-10T14:54:16.475373+00:00'),
  ('9a2879eb-50f2-4c6b-9f2d-6f2ef77a396e', '2025-12-29', '14:00-14:30', 10, 10, 'madinah', '2025-12-10T14:54:16.475373+00:00'),
  ('b69dad7e-0b14-4462-acd7-d57b3e3d4bbb', '2025-12-29', '14:30-15:00', 10, 10, 'riyadh', '2025-12-10T14:54:16.475373+00:00'),
  ('6e68ee6a-a379-4ec2-a50a-769ec7319d60', '2025-12-29', '14:30-15:00', 10, 10, 'jeddah', '2025-12-10T14:54:16.475373+00:00'),
  ('c5175c6a-cd71-418b-b962-5cc06ba726cf', '2025-12-29', '14:30-15:00', 10, 10, 'dammam', '2025-12-10T14:54:16.475373+00:00'),
  ('187c7f0f-6cc6-405b-966c-65e3f1586acc', '2025-12-29', '14:30-15:00', 10, 10, 'makkah', '2025-12-10T14:54:16.475373+00:00'),
  ('edeeb01c-c081-4944-a1b4-906ebb649f01', '2025-12-29', '14:30-15:00', 10, 10, 'madinah', '2025-12-10T14:54:16.475373+00:00'),
  ('963509ac-32bd-4965-a280-42dd096c8294', '2025-12-29', '15:00-15:30', 10, 10, 'riyadh', '2025-12-10T14:54:16.475373+00:00'),
  ('eb5fb511-a624-437d-ab3b-08386147bc01', '2025-12-29', '15:00-15:30', 10, 10, 'jeddah', '2025-12-10T14:54:16.475373+00:00'),
  ('1d834681-fc19-4f97-b02f-219f6c4127e6', '2025-12-29', '15:00-15:30', 10, 10, 'dammam', '2025-12-10T14:54:16.475373+00:00'),
  ('0074c765-5d2d-4103-9a56-e4ec7881f7dd', '2025-12-29', '15:00-15:30', 10, 10, 'makkah', '2025-12-10T14:54:16.475373+00:00'),
  ('99734257-d830-488b-a9ac-c789bcc8e925', '2025-12-29', '15:00-15:30', 10, 10, 'madinah', '2025-12-10T14:54:16.475373+00:00'),
  ('0acec55b-262e-4640-abae-4c08aaf476fd', '2025-12-29', '15:30-16:00', 10, 10, 'riyadh', '2025-12-10T14:54:16.475373+00:00'),
  ('5155efc3-0816-48ff-bde7-17113da2da91', '2025-12-29', '15:30-16:00', 10, 10, 'jeddah', '2025-12-10T14:54:16.475373+00:00'),
  ('fb10361f-f595-4345-9502-dd636c513544', '2025-12-29', '15:30-16:00', 10, 10, 'dammam', '2025-12-10T14:54:16.475373+00:00'),
  ('62a35e51-884c-4043-a66f-abee1ad3467e', '2025-12-29', '15:30-16:00', 10, 10, 'makkah', '2025-12-10T14:54:16.475373+00:00'),
  ('a92c88cf-c076-4748-984d-0e4398891c3c', '2025-12-29', '15:30-16:00', 10, 10, 'madinah', '2025-12-10T14:54:16.475373+00:00'),
  ('2c1bf55a-9a12-4a4c-bbf8-f28316a93610', '2025-12-30', '09:00-09:30', 10, 10, 'riyadh', '2025-12-10T14:54:16.475373+00:00'),
  ('8417d8c1-9208-461c-9f7a-8d1f0f43e81c', '2025-12-30', '09:00-09:30', 10, 10, 'jeddah', '2025-12-10T14:54:16.475373+00:00'),
  ('0f22709b-b0f1-4956-bb60-613a47ffce49', '2025-12-30', '09:00-09:30', 10, 10, 'dammam', '2025-12-10T14:54:16.475373+00:00'),
  ('99786ed9-0352-417b-b9fc-6f2f37866194', '2025-12-30', '09:00-09:30', 10, 10, 'makkah', '2025-12-10T14:54:16.475373+00:00'),
  ('d8b6d484-e150-4d60-9481-03b5a0fca257', '2025-12-30', '09:00-09:30', 10, 10, 'madinah', '2025-12-10T14:54:16.475373+00:00'),
  ('5185133e-234c-4e81-9efa-2eb61f9849a8', '2025-12-30', '09:30-10:00', 10, 10, 'riyadh', '2025-12-10T14:54:16.475373+00:00'),
  ('abc447e1-1bb3-4ff4-8cdb-867061300fa0', '2025-12-30', '09:30-10:00', 10, 10, 'jeddah', '2025-12-10T14:54:16.475373+00:00'),
  ('c8384622-7259-43c5-a73d-8732e632aa30', '2025-12-30', '09:30-10:00', 10, 10, 'dammam', '2025-12-10T14:54:16.475373+00:00'),
  ('ab7564c1-2b97-4b50-ad6c-f63bb40660bd', '2025-12-30', '09:30-10:00', 10, 10, 'makkah', '2025-12-10T14:54:16.475373+00:00'),
  ('a3efcbd2-1f48-44e6-9dff-6beff264da0a', '2025-12-30', '09:30-10:00', 10, 10, 'madinah', '2025-12-10T14:54:16.475373+00:00'),
  ('5e38bf56-908e-4350-ba84-02cc142a4f93', '2025-12-30', '10:00-10:30', 10, 10, 'riyadh', '2025-12-10T14:54:16.475373+00:00'),
  ('0568b485-f984-422a-9208-184176db1ee0', '2025-12-30', '10:00-10:30', 10, 10, 'jeddah', '2025-12-10T14:54:16.475373+00:00'),
  ('7c6a73d9-111e-43d8-9dd9-dcc97db199d6', '2025-12-30', '10:00-10:30', 10, 10, 'dammam', '2025-12-10T14:54:16.475373+00:00'),
  ('b03a39b9-a58e-4446-9d19-61b7c0c74ffd', '2025-12-30', '10:00-10:30', 10, 10, 'makkah', '2025-12-10T14:54:16.475373+00:00'),
  ('00f41dd4-a311-4a2f-8714-a7268d652e33', '2025-12-30', '10:00-10:30', 10, 10, 'madinah', '2025-12-10T14:54:16.475373+00:00'),
  ('b1d33c90-31d1-4a35-84a9-e6356c9ae780', '2025-12-30', '10:30-11:00', 10, 10, 'riyadh', '2025-12-10T14:54:16.475373+00:00'),
  ('bdd1a741-c61b-4c18-a7b3-1e4dfee3eb0d', '2025-12-30', '10:30-11:00', 10, 10, 'jeddah', '2025-12-10T14:54:16.475373+00:00'),
  ('f8e72ac5-b728-45fc-99e6-98fc2a59c8e9', '2025-12-30', '10:30-11:00', 10, 10, 'dammam', '2025-12-10T14:54:16.475373+00:00'),
  ('78a257cf-76af-4fd6-9ff9-eed688e6b0e1', '2025-12-30', '10:30-11:00', 10, 10, 'makkah', '2025-12-10T14:54:16.475373+00:00'),
  ('b451f168-613a-4029-b42c-c448342ce99b', '2025-12-30', '10:30-11:00', 10, 10, 'madinah', '2025-12-10T14:54:16.475373+00:00')
ON CONFLICT DO NOTHING;

INSERT INTO public.appointment_slots (id, date, time_slot, available_slots, total_slots, region, created_at)
VALUES
  ('4d9a0a12-dd0f-4fda-9517-d244adb99b03', '2025-12-30', '11:00-11:30', 10, 10, 'riyadh', '2025-12-10T14:54:16.475373+00:00'),
  ('a10b24f3-f44c-4237-968c-c42fb6a93318', '2025-12-30', '11:00-11:30', 10, 10, 'jeddah', '2025-12-10T14:54:16.475373+00:00'),
  ('c2cd54df-b08b-41c2-8157-8fe7b32e4931', '2025-12-30', '11:00-11:30', 10, 10, 'dammam', '2025-12-10T14:54:16.475373+00:00'),
  ('f7af9bf7-2856-4b46-830b-48a3d0453dee', '2025-12-30', '11:00-11:30', 10, 10, 'makkah', '2025-12-10T14:54:16.475373+00:00'),
  ('f5d7b401-53b0-47dd-858f-682bcd4a4aec', '2025-12-30', '11:00-11:30', 10, 10, 'madinah', '2025-12-10T14:54:16.475373+00:00'),
  ('f9e159dc-9624-4b01-b346-6c38e613b71b', '2025-12-30', '11:30-12:00', 10, 10, 'riyadh', '2025-12-10T14:54:16.475373+00:00'),
  ('63bfe10f-d56b-49ef-88e8-d099131f81d2', '2025-12-30', '11:30-12:00', 10, 10, 'jeddah', '2025-12-10T14:54:16.475373+00:00'),
  ('4e3defdf-320e-4394-a6d2-ddfadabe8cd0', '2025-12-30', '11:30-12:00', 10, 10, 'dammam', '2025-12-10T14:54:16.475373+00:00'),
  ('14c6502d-e5ff-43b6-b74c-1b977e633a8e', '2025-12-30', '11:30-12:00', 10, 10, 'makkah', '2025-12-10T14:54:16.475373+00:00'),
  ('8035a228-7aab-4121-9cfe-54dbfd39f0c9', '2025-12-30', '11:30-12:00', 10, 10, 'madinah', '2025-12-10T14:54:16.475373+00:00'),
  ('fb8817f3-3f34-4e88-abc9-bed6d93ccd12', '2025-12-30', '13:00-13:30', 10, 10, 'riyadh', '2025-12-10T14:54:16.475373+00:00'),
  ('33559f49-99f5-4677-8dfa-242b35797cba', '2025-12-30', '13:00-13:30', 10, 10, 'jeddah', '2025-12-10T14:54:16.475373+00:00'),
  ('cfba32d8-a37c-49d3-b302-47583dfae8b0', '2025-12-30', '13:00-13:30', 10, 10, 'dammam', '2025-12-10T14:54:16.475373+00:00'),
  ('a059971f-f136-45e6-92b0-f6e628e66345', '2025-12-30', '13:00-13:30', 10, 10, 'makkah', '2025-12-10T14:54:16.475373+00:00'),
  ('2da984a8-eaf4-415c-8eec-02090b72f684', '2025-12-30', '13:00-13:30', 10, 10, 'madinah', '2025-12-10T14:54:16.475373+00:00'),
  ('28428891-a31c-486f-93f9-34329223dbf8', '2025-12-30', '13:30-14:00', 10, 10, 'riyadh', '2025-12-10T14:54:16.475373+00:00'),
  ('a57c26ea-51b2-421f-9afc-b48fa0e737f8', '2025-12-30', '13:30-14:00', 10, 10, 'jeddah', '2025-12-10T14:54:16.475373+00:00'),
  ('47be6cab-7333-4d79-9f25-325d3917f6ab', '2025-12-30', '13:30-14:00', 10, 10, 'dammam', '2025-12-10T14:54:16.475373+00:00'),
  ('450b4c83-79b9-4400-948c-d92631dfb072', '2025-12-30', '13:30-14:00', 10, 10, 'makkah', '2025-12-10T14:54:16.475373+00:00'),
  ('a48397f3-8cef-4471-91b8-94635b66dec6', '2025-12-30', '13:30-14:00', 10, 10, 'madinah', '2025-12-10T14:54:16.475373+00:00'),
  ('b2b0b08b-4089-4ad2-8d48-5ff4ca98eb76', '2025-12-30', '14:00-14:30', 10, 10, 'riyadh', '2025-12-10T14:54:16.475373+00:00'),
  ('190d7a19-31f1-493a-8309-60de5ff29dee', '2025-12-30', '14:00-14:30', 10, 10, 'jeddah', '2025-12-10T14:54:16.475373+00:00'),
  ('40473a43-3b16-4303-8a30-37f2ae8a4c0e', '2025-12-30', '14:00-14:30', 10, 10, 'dammam', '2025-12-10T14:54:16.475373+00:00'),
  ('f384ae3e-31cc-4def-b8f9-26b5e4549a0d', '2025-12-30', '14:00-14:30', 10, 10, 'makkah', '2025-12-10T14:54:16.475373+00:00'),
  ('e05ac237-cad4-445f-a6dd-a6a76a27a5ad', '2025-12-30', '14:00-14:30', 10, 10, 'madinah', '2025-12-10T14:54:16.475373+00:00'),
  ('cf7fad69-ae7a-4408-8e57-c502c97f95cd', '2025-12-30', '14:30-15:00', 10, 10, 'riyadh', '2025-12-10T14:54:16.475373+00:00'),
  ('ac1aa8a2-1075-456d-b1b5-95495fde1f97', '2025-12-30', '14:30-15:00', 10, 10, 'jeddah', '2025-12-10T14:54:16.475373+00:00'),
  ('76a9aa65-ac59-402e-9e9d-0be5f6fb1aed', '2025-12-30', '14:30-15:00', 10, 10, 'dammam', '2025-12-10T14:54:16.475373+00:00'),
  ('e391976a-ae2c-4a41-b266-a86497aeacce', '2025-12-30', '14:30-15:00', 10, 10, 'makkah', '2025-12-10T14:54:16.475373+00:00'),
  ('c70cdfa2-fd30-4e6b-93cc-08d1ecbeb563', '2025-12-30', '14:30-15:00', 10, 10, 'madinah', '2025-12-10T14:54:16.475373+00:00'),
  ('e7c9131e-8d04-4a8b-b65a-1e1f849d52db', '2025-12-30', '15:00-15:30', 10, 10, 'riyadh', '2025-12-10T14:54:16.475373+00:00'),
  ('e4d039b7-b1ec-423b-a500-d7ec7277e387', '2025-12-30', '15:00-15:30', 10, 10, 'jeddah', '2025-12-10T14:54:16.475373+00:00'),
  ('c747d023-91ac-4995-a95e-fbd9b407849c', '2025-12-30', '15:00-15:30', 10, 10, 'dammam', '2025-12-10T14:54:16.475373+00:00'),
  ('b6577499-4338-47c2-897e-f0edbb207675', '2025-12-30', '15:00-15:30', 10, 10, 'makkah', '2025-12-10T14:54:16.475373+00:00'),
  ('3d13ae99-e290-420f-94ae-b2ca5e6e0be9', '2025-12-30', '15:00-15:30', 10, 10, 'madinah', '2025-12-10T14:54:16.475373+00:00'),
  ('54997979-ac12-4159-a1a2-82cd0a176d2d', '2025-12-30', '15:30-16:00', 10, 10, 'riyadh', '2025-12-10T14:54:16.475373+00:00'),
  ('61ed7126-40d7-4bf4-9cf1-7e12b69d65af', '2025-12-30', '15:30-16:00', 10, 10, 'jeddah', '2025-12-10T14:54:16.475373+00:00'),
  ('82f4b3e8-9ec2-4fd9-98a9-1fcd93e53b8e', '2025-12-30', '15:30-16:00', 10, 10, 'dammam', '2025-12-10T14:54:16.475373+00:00'),
  ('bebdf0b5-2f02-4297-bdc5-ce33787d6a43', '2025-12-30', '15:30-16:00', 10, 10, 'makkah', '2025-12-10T14:54:16.475373+00:00'),
  ('059f322a-f62f-48c4-902f-fe3c93a5d361', '2025-12-30', '15:30-16:00', 10, 10, 'madinah', '2025-12-10T14:54:16.475373+00:00'),
  ('ff5a2959-383c-4369-8d94-91be6a4e947e', '2025-12-31', '09:00-09:30', 10, 10, 'riyadh', '2025-12-10T14:54:16.475373+00:00'),
  ('7a1d9557-f992-40b8-aabf-6c1e8b7ff8fb', '2025-12-31', '09:00-09:30', 10, 10, 'jeddah', '2025-12-10T14:54:16.475373+00:00'),
  ('4ff6604b-a0fb-40a5-a21f-601996e6dc6e', '2025-12-31', '09:00-09:30', 10, 10, 'dammam', '2025-12-10T14:54:16.475373+00:00'),
  ('8d04f5b1-6387-4249-a384-a871d6849472', '2025-12-31', '09:00-09:30', 10, 10, 'makkah', '2025-12-10T14:54:16.475373+00:00'),
  ('6ddc8616-22b8-4418-a519-0022e6ac14dd', '2025-12-31', '09:00-09:30', 10, 10, 'madinah', '2025-12-10T14:54:16.475373+00:00'),
  ('b1edd01b-fb33-4431-8f54-57133246730c', '2025-12-31', '09:30-10:00', 10, 10, 'riyadh', '2025-12-10T14:54:16.475373+00:00'),
  ('513edd06-4bbc-4807-804b-cfcc1e90bc28', '2025-12-31', '09:30-10:00', 10, 10, 'jeddah', '2025-12-10T14:54:16.475373+00:00'),
  ('7e71d67c-2cca-486c-bd9d-60c437199725', '2025-12-31', '09:30-10:00', 10, 10, 'dammam', '2025-12-10T14:54:16.475373+00:00'),
  ('16899e14-6f8b-40be-a6ef-6e94a753fe81', '2025-12-31', '09:30-10:00', 10, 10, 'makkah', '2025-12-10T14:54:16.475373+00:00'),
  ('7ad265f4-37df-4d2e-9a38-3b08b36a5922', '2025-12-31', '09:30-10:00', 10, 10, 'madinah', '2025-12-10T14:54:16.475373+00:00'),
  ('87ba6fdb-3803-4552-a092-45a1d41d6f4e', '2025-12-31', '10:00-10:30', 10, 10, 'riyadh', '2025-12-10T14:54:16.475373+00:00'),
  ('fdb03e39-6917-4063-a9ca-f830e43ba5a6', '2025-12-31', '10:00-10:30', 10, 10, 'jeddah', '2025-12-10T14:54:16.475373+00:00'),
  ('bac1ac51-8e51-482a-b2a8-af2305d6c715', '2025-12-31', '10:00-10:30', 10, 10, 'dammam', '2025-12-10T14:54:16.475373+00:00'),
  ('e19848b1-9248-4199-b51e-78fb54a1c39f', '2025-12-31', '10:00-10:30', 10, 10, 'makkah', '2025-12-10T14:54:16.475373+00:00'),
  ('b7fc5524-7289-4e8d-ab11-c4ee2a0bc0b3', '2025-12-31', '10:00-10:30', 10, 10, 'madinah', '2025-12-10T14:54:16.475373+00:00'),
  ('37457e7c-14b1-43f9-aba1-98030c944655', '2025-12-31', '10:30-11:00', 10, 10, 'riyadh', '2025-12-10T14:54:16.475373+00:00'),
  ('05377dd7-7b8b-4f7d-b42e-5bf012fb9f74', '2025-12-31', '10:30-11:00', 10, 10, 'jeddah', '2025-12-10T14:54:16.475373+00:00'),
  ('1c52ad9b-1574-4eee-9592-74afcc9b2697', '2025-12-31', '10:30-11:00', 10, 10, 'dammam', '2025-12-10T14:54:16.475373+00:00'),
  ('737e90f8-225c-4261-aa92-f6076ac9b4cc', '2025-12-31', '10:30-11:00', 10, 10, 'makkah', '2025-12-10T14:54:16.475373+00:00'),
  ('456ab606-c829-428f-b4a9-27871d3068de', '2025-12-31', '10:30-11:00', 10, 10, 'madinah', '2025-12-10T14:54:16.475373+00:00'),
  ('07caad39-fe5d-4060-b78f-f7772de7ce7b', '2025-12-31', '11:00-11:30', 10, 10, 'riyadh', '2025-12-10T14:54:16.475373+00:00'),
  ('31087735-590f-4c38-9b4f-2e180884c2cd', '2025-12-31', '11:00-11:30', 10, 10, 'jeddah', '2025-12-10T14:54:16.475373+00:00'),
  ('ad263de5-a98b-48a3-9f63-7003f40e0186', '2025-12-31', '11:00-11:30', 10, 10, 'dammam', '2025-12-10T14:54:16.475373+00:00'),
  ('f7252086-8adb-4552-aa6a-54ac63de5dd9', '2025-12-31', '11:00-11:30', 10, 10, 'makkah', '2025-12-10T14:54:16.475373+00:00'),
  ('b0df4ce4-3b2c-4fce-b114-d5fad3bfb8b6', '2025-12-31', '11:00-11:30', 10, 10, 'madinah', '2025-12-10T14:54:16.475373+00:00'),
  ('e18688df-fe91-4b4c-96e3-b6da6f37d751', '2025-12-31', '11:30-12:00', 10, 10, 'riyadh', '2025-12-10T14:54:16.475373+00:00'),
  ('0e685205-75fc-46e0-9240-9b861f37256b', '2025-12-31', '11:30-12:00', 10, 10, 'jeddah', '2025-12-10T14:54:16.475373+00:00'),
  ('fb9e613a-7392-4045-80a0-d451200f077b', '2025-12-31', '11:30-12:00', 10, 10, 'dammam', '2025-12-10T14:54:16.475373+00:00'),
  ('76353654-f393-4bfd-a440-82b3b4120915', '2025-12-31', '11:30-12:00', 10, 10, 'makkah', '2025-12-10T14:54:16.475373+00:00'),
  ('9766672d-a66b-4c2d-943b-4d1d0fea1f1a', '2025-12-31', '11:30-12:00', 10, 10, 'madinah', '2025-12-10T14:54:16.475373+00:00'),
  ('a4bee765-14df-4507-a17d-46ef72d81ffa', '2025-12-31', '13:00-13:30', 10, 10, 'riyadh', '2025-12-10T14:54:16.475373+00:00'),
  ('cb059dee-4445-4728-9a1b-c74d9e42b099', '2025-12-31', '13:00-13:30', 10, 10, 'jeddah', '2025-12-10T14:54:16.475373+00:00'),
  ('8c38348a-1583-4683-8867-47acdba94e24', '2025-12-31', '13:00-13:30', 10, 10, 'dammam', '2025-12-10T14:54:16.475373+00:00'),
  ('f0a732c0-bad0-4dc5-80ce-09259bbf101f', '2025-12-31', '13:00-13:30', 10, 10, 'makkah', '2025-12-10T14:54:16.475373+00:00'),
  ('99b131dd-e234-486c-b3d5-c5f187f1f471', '2025-12-31', '13:00-13:30', 10, 10, 'madinah', '2025-12-10T14:54:16.475373+00:00'),
  ('d8de9963-a387-4a58-824b-3f8fb2c346e7', '2025-12-31', '13:30-14:00', 10, 10, 'riyadh', '2025-12-10T14:54:16.475373+00:00'),
  ('a0562b86-1026-4791-bff9-939d33258b3d', '2025-12-31', '13:30-14:00', 10, 10, 'jeddah', '2025-12-10T14:54:16.475373+00:00'),
  ('e8e4293f-c16b-4ca9-8edf-e27f78e60771', '2025-12-31', '13:30-14:00', 10, 10, 'dammam', '2025-12-10T14:54:16.475373+00:00'),
  ('c879602b-1746-4a44-a048-2fb252be0cc8', '2025-12-31', '13:30-14:00', 10, 10, 'makkah', '2025-12-10T14:54:16.475373+00:00'),
  ('f08222e9-b581-4687-a6a2-c4c32c9448af', '2025-12-31', '13:30-14:00', 10, 10, 'madinah', '2025-12-10T14:54:16.475373+00:00'),
  ('300939e0-ae9f-41b9-8522-0611cba92ae1', '2025-12-31', '14:00-14:30', 10, 10, 'riyadh', '2025-12-10T14:54:16.475373+00:00'),
  ('230e540d-8ec5-4a67-a391-a4c08ba6eac4', '2025-12-31', '14:00-14:30', 10, 10, 'jeddah', '2025-12-10T14:54:16.475373+00:00'),
  ('1bb530a4-bff2-4d5c-8ad9-94e930906e12', '2025-12-31', '14:00-14:30', 10, 10, 'dammam', '2025-12-10T14:54:16.475373+00:00'),
  ('1b960373-1c1c-4b59-8d68-6b0c55123d76', '2025-12-31', '14:00-14:30', 10, 10, 'makkah', '2025-12-10T14:54:16.475373+00:00'),
  ('0435334a-c120-47ff-9f07-bb7d1c6559b2', '2025-12-31', '14:00-14:30', 10, 10, 'madinah', '2025-12-10T14:54:16.475373+00:00'),
  ('f98decde-9cc4-4cd0-8ed5-03e56e3cdc71', '2025-12-31', '14:30-15:00', 10, 10, 'riyadh', '2025-12-10T14:54:16.475373+00:00'),
  ('282bfe99-d6eb-4daf-8ede-d5d7c28ce06b', '2025-12-31', '14:30-15:00', 10, 10, 'jeddah', '2025-12-10T14:54:16.475373+00:00'),
  ('84d4cd4a-752e-4f3e-bce2-f96c42cf53a4', '2025-12-31', '14:30-15:00', 10, 10, 'dammam', '2025-12-10T14:54:16.475373+00:00'),
  ('0e419a9c-d6a3-4250-81c6-b92264e70052', '2025-12-31', '14:30-15:00', 10, 10, 'makkah', '2025-12-10T14:54:16.475373+00:00'),
  ('341467bd-6082-494d-a7a2-adeb09d6cd49', '2025-12-31', '14:30-15:00', 10, 10, 'madinah', '2025-12-10T14:54:16.475373+00:00'),
  ('36dd19c6-028f-421c-8a72-56b8aa8adb07', '2025-12-31', '15:00-15:30', 10, 10, 'riyadh', '2025-12-10T14:54:16.475373+00:00'),
  ('9f175532-1366-498b-a952-5e1c1d8cdd5d', '2025-12-31', '15:00-15:30', 10, 10, 'jeddah', '2025-12-10T14:54:16.475373+00:00'),
  ('534643d7-c563-4ddf-bf05-83bcc0b1a4aa', '2025-12-31', '15:00-15:30', 10, 10, 'dammam', '2025-12-10T14:54:16.475373+00:00'),
  ('3371790b-f8df-4e1c-bedf-063d11e68915', '2025-12-31', '15:00-15:30', 10, 10, 'makkah', '2025-12-10T14:54:16.475373+00:00'),
  ('97b67188-c82b-4c10-84d8-f3af58055b63', '2025-12-31', '15:00-15:30', 10, 10, 'madinah', '2025-12-10T14:54:16.475373+00:00'),
  ('6cbfbcdb-01c3-4361-8d88-6418bc3547a4', '2025-12-31', '15:30-16:00', 10, 10, 'riyadh', '2025-12-10T14:54:16.475373+00:00'),
  ('2728234a-633f-4e3c-a20f-cd22711b80d2', '2025-12-31', '15:30-16:00', 10, 10, 'jeddah', '2025-12-10T14:54:16.475373+00:00'),
  ('0ff7e4b5-903b-4601-9635-b7ab64a8ba24', '2025-12-31', '15:30-16:00', 10, 10, 'dammam', '2025-12-10T14:54:16.475373+00:00'),
  ('e68d4a1e-d4d5-40d0-83dd-beaf0338332b', '2025-12-31', '15:30-16:00', 10, 10, 'makkah', '2025-12-10T14:54:16.475373+00:00'),
  ('d57935af-fe8e-4170-b798-37c0e6e161dc', '2025-12-31', '15:30-16:00', 10, 10, 'madinah', '2025-12-10T14:54:16.475373+00:00')
ON CONFLICT DO NOTHING;

INSERT INTO public.appointment_slots (id, date, time_slot, available_slots, total_slots, region, created_at)
VALUES
  ('f1091bd9-e5a1-40df-929a-170f8ee13bdd', '2026-01-01', '09:00-09:30', 10, 10, 'riyadh', '2025-12-10T14:54:16.475373+00:00'),
  ('fc7e5d5b-f2b2-4f27-86f3-eb3bb7a21859', '2026-01-01', '09:00-09:30', 10, 10, 'jeddah', '2025-12-10T14:54:16.475373+00:00'),
  ('be01c859-6dc5-4beb-bbeb-264f16e68007', '2026-01-01', '09:00-09:30', 10, 10, 'dammam', '2025-12-10T14:54:16.475373+00:00'),
  ('6bb3634c-95da-43db-988b-67a41730f258', '2026-01-01', '09:00-09:30', 10, 10, 'makkah', '2025-12-10T14:54:16.475373+00:00'),
  ('5fad463c-e97c-48cd-b3ca-91332f8c1784', '2026-01-01', '09:00-09:30', 10, 10, 'madinah', '2025-12-10T14:54:16.475373+00:00'),
  ('13b0c029-8c59-4eda-a624-eac5258a4b0b', '2026-01-01', '09:30-10:00', 10, 10, 'riyadh', '2025-12-10T14:54:16.475373+00:00'),
  ('6f003208-337c-4cac-8943-b905ceb7a6af', '2026-01-01', '09:30-10:00', 10, 10, 'jeddah', '2025-12-10T14:54:16.475373+00:00'),
  ('bea680d5-d36f-4a86-a310-f20538a0d87c', '2026-01-01', '09:30-10:00', 10, 10, 'dammam', '2025-12-10T14:54:16.475373+00:00'),
  ('1f0ae916-7eeb-4ced-b29e-884d0a4b9eb2', '2026-01-01', '09:30-10:00', 10, 10, 'makkah', '2025-12-10T14:54:16.475373+00:00'),
  ('62f1248c-ed09-4edf-b1fb-149036aa4f30', '2026-01-01', '09:30-10:00', 10, 10, 'madinah', '2025-12-10T14:54:16.475373+00:00'),
  ('2261032a-a225-4a34-b0c7-89185a8940c6', '2026-01-01', '10:00-10:30', 10, 10, 'riyadh', '2025-12-10T14:54:16.475373+00:00'),
  ('72ac05d4-0799-4687-8e28-68dc38d2d473', '2026-01-01', '10:00-10:30', 10, 10, 'jeddah', '2025-12-10T14:54:16.475373+00:00'),
  ('be3903f9-9a2f-407e-8c24-d0b8975c13cc', '2026-01-01', '10:00-10:30', 10, 10, 'dammam', '2025-12-10T14:54:16.475373+00:00'),
  ('cbe69f18-f6d1-4013-909f-a6b475742bed', '2026-01-01', '10:00-10:30', 10, 10, 'makkah', '2025-12-10T14:54:16.475373+00:00'),
  ('29f64d59-4e06-403b-837e-354bddbaaff7', '2026-01-01', '10:00-10:30', 10, 10, 'madinah', '2025-12-10T14:54:16.475373+00:00'),
  ('c0341d84-9d15-4fa4-8d77-a97d2dbd7fa1', '2026-01-01', '10:30-11:00', 10, 10, 'riyadh', '2025-12-10T14:54:16.475373+00:00'),
  ('959241f7-0f86-4786-93ed-d8c2706e95fa', '2026-01-01', '10:30-11:00', 10, 10, 'jeddah', '2025-12-10T14:54:16.475373+00:00'),
  ('c273d3ee-e03f-4bce-8842-d63b989b5377', '2026-01-01', '10:30-11:00', 10, 10, 'dammam', '2025-12-10T14:54:16.475373+00:00'),
  ('178df7c4-7dbe-4238-8e12-0366df078371', '2026-01-01', '10:30-11:00', 10, 10, 'makkah', '2025-12-10T14:54:16.475373+00:00'),
  ('3a86764a-26d1-4379-9c54-479392da7f61', '2026-01-01', '10:30-11:00', 10, 10, 'madinah', '2025-12-10T14:54:16.475373+00:00'),
  ('83083e4e-c339-405d-a3c8-18f0b0f5fc52', '2026-01-01', '11:00-11:30', 10, 10, 'riyadh', '2025-12-10T14:54:16.475373+00:00'),
  ('845ed611-371c-4a0b-b861-f2cc436f685d', '2026-01-01', '11:00-11:30', 10, 10, 'jeddah', '2025-12-10T14:54:16.475373+00:00'),
  ('ae84872e-347e-4580-af31-1593fab10026', '2026-01-01', '11:00-11:30', 10, 10, 'dammam', '2025-12-10T14:54:16.475373+00:00'),
  ('a5360c01-33b2-4eba-9a1a-e0564ac9c189', '2026-01-01', '11:00-11:30', 10, 10, 'makkah', '2025-12-10T14:54:16.475373+00:00'),
  ('2237c3a7-b09e-4435-9815-c45e7cf98498', '2026-01-01', '11:00-11:30', 10, 10, 'madinah', '2025-12-10T14:54:16.475373+00:00'),
  ('ebb3f9ad-8fb9-490f-906a-f173e2c76495', '2026-01-01', '11:30-12:00', 10, 10, 'riyadh', '2025-12-10T14:54:16.475373+00:00'),
  ('8fb3db0e-2956-46e0-95ac-9316f66aca81', '2026-01-01', '11:30-12:00', 10, 10, 'jeddah', '2025-12-10T14:54:16.475373+00:00'),
  ('211fc1a8-9a3a-45af-aa1e-88e4299056f9', '2026-01-01', '11:30-12:00', 10, 10, 'dammam', '2025-12-10T14:54:16.475373+00:00'),
  ('0319d0c9-9dde-48fd-83c5-b36b9cd66195', '2026-01-01', '11:30-12:00', 10, 10, 'makkah', '2025-12-10T14:54:16.475373+00:00'),
  ('9698f493-dec9-435d-8032-c3ef9ed68110', '2026-01-01', '11:30-12:00', 10, 10, 'madinah', '2025-12-10T14:54:16.475373+00:00'),
  ('9fdc531b-83b8-4d06-ab3b-8aa9a74d181a', '2026-01-01', '13:00-13:30', 10, 10, 'riyadh', '2025-12-10T14:54:16.475373+00:00'),
  ('4082c35e-6414-4b3e-97c6-aac75282ca95', '2026-01-01', '13:00-13:30', 10, 10, 'jeddah', '2025-12-10T14:54:16.475373+00:00'),
  ('0ce2b28b-0c8a-45e7-a02e-663e23743377', '2026-01-01', '13:00-13:30', 10, 10, 'dammam', '2025-12-10T14:54:16.475373+00:00'),
  ('deffe56d-915f-4d7d-8931-d56284696c20', '2026-01-01', '13:00-13:30', 10, 10, 'makkah', '2025-12-10T14:54:16.475373+00:00'),
  ('df195436-ad63-499d-85f6-1e1ccb232263', '2026-01-01', '13:00-13:30', 10, 10, 'madinah', '2025-12-10T14:54:16.475373+00:00'),
  ('b55ed0b5-b22b-4e6e-b009-8fd08e295d77', '2026-01-01', '13:30-14:00', 10, 10, 'riyadh', '2025-12-10T14:54:16.475373+00:00'),
  ('9bd31df7-3f0a-4614-9b41-1f2c44b62cd9', '2026-01-01', '13:30-14:00', 10, 10, 'jeddah', '2025-12-10T14:54:16.475373+00:00'),
  ('858c2cbb-4c55-4489-9ae4-018e908467ca', '2026-01-01', '13:30-14:00', 10, 10, 'dammam', '2025-12-10T14:54:16.475373+00:00'),
  ('867afb2a-1b39-4931-9e5d-92e7377958b2', '2026-01-01', '13:30-14:00', 10, 10, 'makkah', '2025-12-10T14:54:16.475373+00:00'),
  ('56df8279-a9f9-4e8c-aa7c-edab41e04168', '2026-01-01', '13:30-14:00', 10, 10, 'madinah', '2025-12-10T14:54:16.475373+00:00'),
  ('ad2ef73f-b507-45da-9517-c6bf2cf93f0d', '2026-01-01', '14:00-14:30', 10, 10, 'riyadh', '2025-12-10T14:54:16.475373+00:00'),
  ('230adca9-f2a8-4d21-aab8-c6af68414575', '2026-01-01', '14:00-14:30', 10, 10, 'jeddah', '2025-12-10T14:54:16.475373+00:00'),
  ('c581fed9-099b-420f-ae62-37eb14300583', '2026-01-01', '14:00-14:30', 10, 10, 'dammam', '2025-12-10T14:54:16.475373+00:00'),
  ('8bc5ef02-1199-48f7-b25f-11dbb3ee299e', '2026-01-01', '14:00-14:30', 10, 10, 'makkah', '2025-12-10T14:54:16.475373+00:00'),
  ('0103eab3-a630-4315-ab6f-be31862ce3dd', '2026-01-01', '14:00-14:30', 10, 10, 'madinah', '2025-12-10T14:54:16.475373+00:00'),
  ('2e9a50ee-93bb-49c1-acf9-0964032c7512', '2026-01-01', '14:30-15:00', 10, 10, 'riyadh', '2025-12-10T14:54:16.475373+00:00'),
  ('94150c60-c99b-412b-a864-1a51590ecc60', '2026-01-01', '14:30-15:00', 10, 10, 'jeddah', '2025-12-10T14:54:16.475373+00:00'),
  ('c103734d-7264-40b8-b2ff-f22a067fa96f', '2026-01-01', '14:30-15:00', 10, 10, 'dammam', '2025-12-10T14:54:16.475373+00:00'),
  ('94c65034-6c57-46e2-adfc-3e97270018de', '2026-01-01', '14:30-15:00', 10, 10, 'makkah', '2025-12-10T14:54:16.475373+00:00'),
  ('33da083c-abc6-4133-b035-1565ed9ba1c7', '2026-01-01', '14:30-15:00', 10, 10, 'madinah', '2025-12-10T14:54:16.475373+00:00'),
  ('0b1584de-05b1-452b-aaa8-688062de94d8', '2026-01-01', '15:00-15:30', 10, 10, 'riyadh', '2025-12-10T14:54:16.475373+00:00'),
  ('940e3361-cb11-459f-b823-8c1316ab5f6d', '2026-01-01', '15:00-15:30', 10, 10, 'jeddah', '2025-12-10T14:54:16.475373+00:00'),
  ('7c3af5dc-b87a-4250-827b-1e1c704c34da', '2026-01-01', '15:00-15:30', 10, 10, 'dammam', '2025-12-10T14:54:16.475373+00:00'),
  ('f078129b-a772-4e76-a105-65f511c22bb0', '2026-01-01', '15:00-15:30', 10, 10, 'makkah', '2025-12-10T14:54:16.475373+00:00'),
  ('4ea6f69f-1fec-4fa4-9ae6-13963a89ef77', '2026-01-01', '15:00-15:30', 10, 10, 'madinah', '2025-12-10T14:54:16.475373+00:00'),
  ('7f0cd761-ed8f-4843-b75b-2d58da4f756f', '2026-01-01', '15:30-16:00', 10, 10, 'riyadh', '2025-12-10T14:54:16.475373+00:00'),
  ('ad7725a8-8861-4e65-b42f-467cb3778f0d', '2026-01-01', '15:30-16:00', 10, 10, 'jeddah', '2025-12-10T14:54:16.475373+00:00'),
  ('b7d43708-39bc-4f88-96d7-7c3de819121b', '2026-01-01', '15:30-16:00', 10, 10, 'dammam', '2025-12-10T14:54:16.475373+00:00'),
  ('77618841-70c0-4229-914b-95609af1e140', '2026-01-01', '15:30-16:00', 10, 10, 'makkah', '2025-12-10T14:54:16.475373+00:00'),
  ('ccd992f7-6e41-4d1c-b8dd-52b64d5cee7f', '2026-01-01', '15:30-16:00', 10, 10, 'madinah', '2025-12-10T14:54:16.475373+00:00'),
  ('a990725c-3c87-4f8d-ae88-0646f245bd68', '2026-01-04', '09:00-09:30', 10, 10, 'riyadh', '2025-12-10T14:54:16.475373+00:00'),
  ('5d45271a-637b-40a9-96d2-0e7a1edae150', '2026-01-04', '09:00-09:30', 10, 10, 'jeddah', '2025-12-10T14:54:16.475373+00:00'),
  ('67a8fdca-ef68-4589-84f1-11e8ffc30a86', '2026-01-04', '09:00-09:30', 10, 10, 'dammam', '2025-12-10T14:54:16.475373+00:00'),
  ('5c50096d-969e-42ba-8e0c-17950ceae44e', '2026-01-04', '09:00-09:30', 10, 10, 'makkah', '2025-12-10T14:54:16.475373+00:00'),
  ('f09fbee4-8ae0-4cae-ac2e-6efa7682011f', '2026-01-04', '09:00-09:30', 10, 10, 'madinah', '2025-12-10T14:54:16.475373+00:00'),
  ('9a43313d-99ab-42e4-8db9-df1c38c3e4a1', '2026-01-04', '09:30-10:00', 10, 10, 'riyadh', '2025-12-10T14:54:16.475373+00:00'),
  ('4ae5fc57-e628-492f-80d9-5d71a95a31f5', '2026-01-04', '09:30-10:00', 10, 10, 'jeddah', '2025-12-10T14:54:16.475373+00:00'),
  ('19c1f043-e156-4cb8-a218-a68f668df465', '2026-01-04', '09:30-10:00', 10, 10, 'dammam', '2025-12-10T14:54:16.475373+00:00'),
  ('116f371a-153d-4dc1-9234-711ff454fe62', '2026-01-04', '09:30-10:00', 10, 10, 'makkah', '2025-12-10T14:54:16.475373+00:00'),
  ('413b4ae7-abb3-4488-8020-b4416fe9a692', '2026-01-04', '09:30-10:00', 10, 10, 'madinah', '2025-12-10T14:54:16.475373+00:00'),
  ('01d43e68-7e41-4046-bdb7-8a5cc6576716', '2026-01-04', '10:00-10:30', 10, 10, 'riyadh', '2025-12-10T14:54:16.475373+00:00'),
  ('7e185453-11f3-442d-a1f2-7128f01dd2d3', '2026-01-04', '10:00-10:30', 10, 10, 'jeddah', '2025-12-10T14:54:16.475373+00:00'),
  ('0218d3b8-0bd4-4e33-a7ba-8f5132cfd252', '2026-01-04', '10:00-10:30', 10, 10, 'dammam', '2025-12-10T14:54:16.475373+00:00'),
  ('ef35f61a-89c6-4615-a56c-ba65754dbc12', '2026-01-04', '10:00-10:30', 10, 10, 'makkah', '2025-12-10T14:54:16.475373+00:00'),
  ('798755f9-b57c-465e-9507-8f71b435d8bc', '2026-01-04', '10:00-10:30', 10, 10, 'madinah', '2025-12-10T14:54:16.475373+00:00'),
  ('de0ee3db-b586-4f3b-b528-c7d8345afc6b', '2026-01-04', '10:30-11:00', 10, 10, 'riyadh', '2025-12-10T14:54:16.475373+00:00'),
  ('4d875efe-7d9c-45f6-ad0b-6568e864dbac', '2026-01-04', '10:30-11:00', 10, 10, 'jeddah', '2025-12-10T14:54:16.475373+00:00'),
  ('31a7e244-3e76-4c5f-96c0-72835d98c470', '2026-01-04', '10:30-11:00', 10, 10, 'dammam', '2025-12-10T14:54:16.475373+00:00'),
  ('0bf543fc-5794-43cf-99cc-f7cf37e55ecf', '2026-01-04', '10:30-11:00', 10, 10, 'makkah', '2025-12-10T14:54:16.475373+00:00'),
  ('c7d3adfb-e031-41d4-8283-06fa3ea609b8', '2026-01-04', '10:30-11:00', 10, 10, 'madinah', '2025-12-10T14:54:16.475373+00:00'),
  ('fbe36d3f-3ba9-4ae9-8956-3575641fcbea', '2026-01-04', '11:00-11:30', 10, 10, 'riyadh', '2025-12-10T14:54:16.475373+00:00'),
  ('f7c46bc7-61ad-4155-a0f5-86a531a756db', '2026-01-04', '11:00-11:30', 10, 10, 'jeddah', '2025-12-10T14:54:16.475373+00:00'),
  ('054bafbf-fb56-495d-aab7-210819806e30', '2026-01-04', '11:00-11:30', 10, 10, 'dammam', '2025-12-10T14:54:16.475373+00:00'),
  ('e530241e-bd05-4100-89a8-3b144cb5abba', '2026-01-04', '11:00-11:30', 10, 10, 'makkah', '2025-12-10T14:54:16.475373+00:00'),
  ('8fc60c3e-b711-4eb0-96b2-96fa2c31a27e', '2026-01-04', '11:00-11:30', 10, 10, 'madinah', '2025-12-10T14:54:16.475373+00:00'),
  ('375ab3cf-2b80-4a1f-8a82-c21dfea45b69', '2026-01-04', '11:30-12:00', 10, 10, 'riyadh', '2025-12-10T14:54:16.475373+00:00'),
  ('bfcf560c-61c7-4ddb-b6cf-5c6800b78152', '2026-01-04', '11:30-12:00', 10, 10, 'jeddah', '2025-12-10T14:54:16.475373+00:00'),
  ('76334101-68fd-4cc3-b6ec-3281557c3daa', '2026-01-04', '11:30-12:00', 10, 10, 'dammam', '2025-12-10T14:54:16.475373+00:00'),
  ('9116701d-b741-4aa2-8d4e-036e055a6db6', '2026-01-04', '11:30-12:00', 10, 10, 'makkah', '2025-12-10T14:54:16.475373+00:00'),
  ('3f85b232-fad9-472c-b7c2-00bbf002364d', '2026-01-04', '11:30-12:00', 10, 10, 'madinah', '2025-12-10T14:54:16.475373+00:00'),
  ('6fbbbeb9-ee2d-47d8-ab96-9c3ff47d751b', '2026-01-04', '13:00-13:30', 10, 10, 'riyadh', '2025-12-10T14:54:16.475373+00:00'),
  ('96d66148-7143-4ab7-8bcd-2ac46dff45c6', '2026-01-04', '13:00-13:30', 10, 10, 'jeddah', '2025-12-10T14:54:16.475373+00:00'),
  ('2ea08394-cdf6-46c7-94f4-d06e70e8811d', '2026-01-04', '13:00-13:30', 10, 10, 'dammam', '2025-12-10T14:54:16.475373+00:00'),
  ('e7eb9dc9-efbe-4a53-85c5-dbe20d9b0719', '2026-01-04', '13:00-13:30', 10, 10, 'makkah', '2025-12-10T14:54:16.475373+00:00'),
  ('24166cea-664c-4291-b976-8c52313cc3d9', '2026-01-04', '13:00-13:30', 10, 10, 'madinah', '2025-12-10T14:54:16.475373+00:00'),
  ('446d2f66-fe8b-4349-af34-f4f95fd570a6', '2026-01-04', '13:30-14:00', 10, 10, 'riyadh', '2025-12-10T14:54:16.475373+00:00'),
  ('9cf8ab7f-1b3d-40e0-b31a-af3e656bb2b5', '2026-01-04', '13:30-14:00', 10, 10, 'jeddah', '2025-12-10T14:54:16.475373+00:00'),
  ('db280ee1-9f55-4d40-b59d-a9f3dc0a0dd8', '2026-01-04', '13:30-14:00', 10, 10, 'dammam', '2025-12-10T14:54:16.475373+00:00'),
  ('622d376a-d516-4ec0-a13e-67f12cb295c4', '2026-01-04', '13:30-14:00', 10, 10, 'makkah', '2025-12-10T14:54:16.475373+00:00'),
  ('96e3aaa6-75e2-41c2-a8a3-1f99e6bdf67b', '2026-01-04', '13:30-14:00', 10, 10, 'madinah', '2025-12-10T14:54:16.475373+00:00')
ON CONFLICT DO NOTHING;

-- Data for table: appointments
-- Rows: 9

INSERT INTO public.appointments (id, application_id, slot_id, applicant_name, applicant_phone, appointment_date, appointment_time, region, status, notes, created_at, updated_at, service_name)
VALUES
  ('0a5b58c8-86c2-4fc4-b6d5-8d9d875321cc', 'd8afe655-ce74-405d-951a-0eead29b7961', NULL, 'أحمد محمد علي حسن', '0501234567', '2025-12-14', '11:30 - 12:00', 'riyadh', 'cancelled', NULL, '2025-12-10T17:55:43.427386+00:00', '2025-12-10T18:35:32.648722+00:00', 'غير محدد'),
  ('0480c0bf-f41c-490f-aad5-5016b4d09771', 'd8afe655-ce74-405d-951a-0eead29b7961', NULL, 'أحمد محمد علي حسن', '0501234567', '2025-12-14', '10:30 - 11:00', 'riyadh', 'cancelled', NULL, '2025-12-10T18:36:52.729417+00:00', '2025-12-10T18:58:01.107186+00:00', 'غير محدد'),
  ('3760977f-33a7-4bad-b172-0b48a1ed2571', 'd8afe655-ce74-405d-951a-0eead29b7961', NULL, 'أحمد محمد علي حسن', '0501234567', '2025-12-17', '11:30 - 12:00', 'riyadh', 'completed', NULL, '2025-12-10T18:58:40.563238+00:00', '2025-12-11T16:06:58.763788+00:00', 'جوازات السفر'),
  ('368be8b7-a637-4f1a-ac6c-1e91e1a87088', 'e1f252bf-323e-4bb2-8b02-117f26c9047b', NULL, 'أحمد محمد علي حسن', '0501234567', '2025-12-17', '13:00 - 13:30', 'riyadh', 'confirmed', NULL, '2025-12-11T08:51:24.914396+00:00', '2025-12-11T08:51:24.914396+00:00', 'جوازات السفر'),
  ('fc773972-b408-4fc1-b606-31ae45ba8ad2', '69f91b59-3048-4dea-8ad1-a884a0159390', NULL, 'أحمد محمد علي حسن', '0501234567', '2025-12-21', '09:30 - 10:00', 'riyadh', 'confirmed', NULL, '2025-12-13T20:49:37.588611+00:00', '2025-12-13T20:49:37.588611+00:00', 'التصديقات'),
  ('9bee69e3-0ca8-46b2-8c37-21b15adc6d8c', '52819d83-49c5-458e-85ec-cd90f6cf7886', NULL, 'أحمد محمد السعيد الخليفة', '0537237326', '2025-12-17', '12:00 - 12:30', 'منطقة الرياض', 'confirmed', NULL, '2025-12-15T21:13:24.542251+00:00', '2025-12-15T21:13:24.542251+00:00', 'جوازات السفر'),
  ('54bccd16-aa6f-41c8-a3cc-137660c78072', 'fea1987d-1548-4456-a928-692740502534', NULL, 'أحمد محمد السعيد الخليفة', '0563818554', '2025-12-24', '11:30 - 12:00', 'منطقة الرياض', 'no_show', NULL, '2025-12-21T09:06:47.963882+00:00', '2025-12-21T09:07:39.474537+00:00', 'جوازات السفر'),
  ('022e3e6e-6967-4c7c-8876-61d5bdf4ac76', 'aff0091b-363e-4420-a667-d38281cf6e1a', NULL, 'أحمد محمد السعيد الخليفة', '0579422939', '2025-12-27', '09:00 - 09:30', 'منطقة الرياض', 'cancelled', NULL, '2025-12-25T15:51:02.265134+00:00', '2025-12-25T15:51:53.328103+00:00', 'جوازات السفر'),
  ('f4c2cf7b-69e3-40d9-8fe7-54b853a865b9', 'aff0091b-363e-4420-a667-d38281cf6e1a', NULL, 'أحمد محمد السعيد الخليفة', '0579422939', '2025-12-28', '10:00 - 10:30', 'منطقة الرياض', 'confirmed', NULL, '2025-12-25T15:52:29.40875+00:00', '2025-12-25T15:52:29.40875+00:00', 'جوازات السفر')
ON CONFLICT DO NOTHING;

-- Data for table: closed_days
-- Rows: 1

INSERT INTO public.closed_days (id, closed_date, reason, is_recurring, created_by, created_at, updated_at)
VALUES
  ('7be56236-aa18-42f8-9481-9e882da5342b', '2025-12-15', 'إغلاق يدوي', false, NULL, '2025-12-10T16:32:07.204399+00:00', '2025-12-10T16:32:07.204399+00:00')
ON CONFLICT DO NOTHING;

-- Data for table: shipping_companies
-- Rows: 4

INSERT INTO public.shipping_companies (id, name, name_en, website, tracking_url, contact_person_name, contact_person_phone, contact_person_email, contact_person_position, address, city, country, logo_url, is_active, notes, created_at, updated_at)
VALUES
  ('9ac086e9-d5f9-44f2-81bc-5853bb59416f', 'شركة سمسا للشحن', 'SMSA Express', 'https://www.smsaexpress.com', NULL, 'أحمد محمد', '+966501234567', NULL, NULL, NULL, 'الرياض', 'المملكة العربية السعودية', NULL, true, NULL, '2025-12-10T19:12:48.871818+00:00', '2025-12-10T19:12:48.871818+00:00'),
  ('50e85a4c-3bc3-4c05-9017-f18336c39983', 'شركة أرامكس', 'Aramex', 'https://www.aramex.com', NULL, 'خالد عبدالله', '+966502345678', NULL, NULL, NULL, 'جدة', 'المملكة العربية السعودية', NULL, true, NULL, '2025-12-10T19:12:48.871818+00:00', '2025-12-10T19:12:48.871818+00:00'),
  ('938270cb-e902-4e84-8bca-f9282fb7d610', 'شركة DHL', 'DHL Express', 'https://www.dhl.com.sa', NULL, 'محمد سعيد', '+966503456789', NULL, NULL, NULL, 'الرياض', 'المملكة العربية السعودية', NULL, true, NULL, '2025-12-10T19:12:48.871818+00:00', '2025-12-10T19:12:48.871818+00:00'),
  ('cd8cc221-2245-4931-97f2-9cef56a2f335', 'تواصل الرائدة', 'tawasul shipping', 'https://tawasul-shipping.com', '', '', '', '', '', '', 'الرياض', 'المملكة العربية السعودية', '', true, '', '2025-12-10T19:27:26.556094+00:00', '2025-12-10T19:27:26.556094+00:00')
ON CONFLICT DO NOTHING;

-- Data for table: shipments
-- Rows: 2

INSERT INTO public.shipments (id, application_id, tracking_number, carrier, shipping_address, current_status, status_history, estimated_delivery, actual_delivery, created_at, updated_at, shipping_company_id, tracking_url, shipped_at)
VALUES
  ('678d7975-a92d-4095-9b87-bdb3141874c5', 'd8afe655-ce74-405d-951a-0eead29b7961', 'TRK-1765395657357', 'تواصل الرائدة', '{"city":"الرياض","phone":"0501234567","region":"riyadh","street":"شارع الملك فهد، حي النخيل، الرياض","district":"النخيل"}'::jsonb, 'in_transit', '[]'::jsonb, '2025-12-24T00:00:00+00:00', NULL, '2025-12-10T19:40:57.879067+00:00', '2025-12-10T19:50:30.946521+00:00', 'cd8cc221-2245-4931-97f2-9cef56a2f335', 'https://tawasul-shipping.com/99999', '2025-12-10T00:00:00+00:00'),
  ('9f2c5f44-dd11-4108-87e1-8473c1cf1b0a', '95300fb1-3c4f-4dec-8dca-2056c9660b7d', 'TRK-1765659660061', 'تواصل الرائدة', '{"city":"الرياض","phone":"0501234567","region":"riyadh","street":"شارع الملك فهد، حي النخيل، الرياض","district":"النخيل"}'::jsonb, 'in_transit', '[]'::jsonb, '2025-12-27T00:00:00+00:00', NULL, '2025-12-13T21:01:00.546644+00:00', '2025-12-13T21:01:00.546644+00:00', 'cd8cc221-2245-4931-97f2-9cef56a2f335', 'http://tawasul-shipping.com/ppppp', '2025-12-13T00:00:00+00:00')
ON CONFLICT DO NOTHING;

-- Data for table: educational_cards
-- Rows: 1

INSERT INTO public.educational_cards (id, application_id, card_number, student_full_name, student_national_id, exam_type, exam_type_ar, seat_number, center_name, center_name_ar, center_number, student_photo_url, qr_code_url, additional_data, created_by, updated_by, created_at, updated_at)
VALUES
  ('bdd71f50-9483-4876-9450-43899f932c43', 'deeb4d81-0554-4f50-b525-225125d7a6f6', 'EDU-202512-0001', 'تست تست', '772727272', 'Primary Certificate', 'الشهادة الابتدائية', '87898', 'tt', 'تست', 'C90', 'https://qaioxhpcyzmamcvdqqub.supabase.co/storage/v1/object/public/documents/educational-cards/SUD-2025-5127_1765473812257.jpeg', NULL, '{}'::jsonb, 'afb75e30-093a-4cb9-bab8-cabb78288899', 'afb75e30-093a-4cb9-bab8-cabb78288899', '2025-12-11T17:23:39.796406+00:00', '2025-12-11T17:23:39.796406+00:00')
ON CONFLICT DO NOTHING;

-- Data for table: contact_info
-- Rows: 4

INSERT INTO public.contact_info (id, type, label, label_ar, label_en, value, icon, display_order, is_active, created_at, updated_at, updated_by)
VALUES
  ('2412806c-6e85-461c-a90f-5dc1f3be053c', 'address', 'العنوان', 'العنوان', 'Address', 'شارع الأمير سلطان، حي الروضة، جدة 21442، المملكة العربية السعودية', 'MapPin', 1, true, '2025-12-11T17:45:02.933568+00:00', '2025-12-11T17:45:02.933568+00:00', NULL),
  ('af63d621-2969-46bc-874e-719a080a0049', 'phone', 'الهاتف', 'الهاتف', 'Phone', '+966 12 123 4567', 'Phone', 2, true, '2025-12-11T17:45:02.933568+00:00', '2025-12-11T17:45:02.933568+00:00', NULL),
  ('edf4dea5-0dba-46a1-a727-bcd5b1e6e7db', 'email', 'البريد الإلكتروني', 'البريد الإلكتروني', 'Email', 'info@sudanconsulate-jeddah.gov.sd', 'Mail', 3, true, '2025-12-11T17:45:02.933568+00:00', '2025-12-11T17:45:02.933568+00:00', NULL),
  ('d0341c87-38f9-492c-a544-b3240bc0a183', 'working_hours', 'ساعات العمل', 'ساعات العمل', 'Working Hours', 'الأحد - الخميس: 8:00 ص - 2:00 م', 'Clock', 4, true, '2025-12-11T17:45:02.933568+00:00', '2025-12-11T17:45:02.933568+00:00', NULL)
ON CONFLICT DO NOTHING;

-- Data for table: social_links
-- Rows: 5

INSERT INTO public.social_links (id, platform, label, label_ar, label_en, url, icon, color, display_order, is_active, created_at, updated_at, updated_by)
VALUES
  ('518833b7-4b9f-4c3c-a253-b282cfb7b23f', 'facebook', 'Facebook', 'فيسبوك', 'Facebook', 'https://www.facebook.com/share/16WJFoATDt/', 'Facebook', '#1877F2', 1, true, '2025-12-11T17:45:02.933568+00:00', '2025-12-11T17:45:02.933568+00:00', NULL),
  ('0a71d7ff-1ddf-4ab7-896b-3dcca4809d73', 'twitter', 'Twitter', 'تويتر', 'Twitter', 'https://twitter.com/sudanconsjed', 'Twitter', '#1DA1F2', 2, true, '2025-12-11T17:45:02.933568+00:00', '2025-12-11T17:45:02.933568+00:00', NULL),
  ('f5772bd4-b9c8-4585-949f-908876a21e03', 'instagram', 'Instagram', 'إنستغرام', 'Instagram', 'https://www.instagram.com/sudanconsjed', 'Instagram', '#E4405F', 3, true, '2025-12-11T17:45:02.933568+00:00', '2025-12-11T17:45:02.933568+00:00', NULL),
  ('21842706-b4b8-4535-85d3-140558376ccf', 'telegram', 'Telegram', 'تيليجرام', 'Telegram', 'https://t.me/ConsSudanJeddah', 'MessageCircle', '#0088cc', 4, true, '2025-12-11T17:45:02.933568+00:00', '2025-12-11T17:45:02.933568+00:00', NULL),
  ('e9575bed-a03c-4074-bb20-cd8316824dc6', 'whatsapp', 'WhatsApp', 'واتساب', 'WhatsApp', 'https://whatsapp.com/channel/0029VbACJWJFi8xWz0XuzJ1v', 'MessageCircle', '#25D366', 5, true, '2025-12-11T17:45:02.933568+00:00', '2025-12-11T17:45:02.933568+00:00', NULL)
ON CONFLICT DO NOTHING;

-- Data for table: slider_items
-- Rows: 2

INSERT INTO public.slider_items (id, title_ar, title_en, subtitle_ar, subtitle_en, description_ar, description_en, image_url, button_text_ar, button_text_en, button_link, display_order, is_active, created_at, updated_at, updated_by)
VALUES
  ('cebed30b-b352-465e-ac04-88ca9dc3c6f7', 'القنصلية السودانية العامة بجدة', 'Sudanese Consulate General in Jeddah', 'خدمات قنصلية متميزة', 'Distinguished Consular Services', 'نسعد بخدمة الجالية السودانية في المملكة العربية السعودية', 'We are pleased to serve the Sudanese community in Saudi Arabia', NULL, 'استعرض الخدمات', 'Browse Services', '/services', 1, true, '2025-12-11T17:45:02.933568+00:00', '2025-12-11T17:45:02.933568+00:00', NULL),
  ('288b1d96-1f0a-47d0-83a5-91db313c488a', 'خدمات إلكترونية متطورة', 'Advanced Electronic Services', 'سهولة وسرعة في الإنجاز', 'Easy and Fast Completion', 'احصل على خدماتك القنصلية بسهولة من خلال منصتنا الإلكترونية', 'Get your consular services easily through our electronic platform', NULL, 'ابدأ الآن', 'Start Now', '/services', 2, true, '2025-12-11T17:45:02.933568+00:00', '2025-12-11T17:45:02.933568+00:00', NULL)
ON CONFLICT DO NOTHING;

-- Data for table: page_sections
-- Rows: 4

INSERT INTO public.page_sections (id, page_name, section_key, title_ar, title_en, content_ar, content_en, image_url, metadata, display_order, is_active, created_at, updated_at, updated_by)
VALUES
  ('54f5597f-aef3-4468-b94d-48e5c73099ad', 'karama-battle', 'intro', 'مقدمة عن معركة الكرامة', 'Introduction to the Battle of Dignity', 'منذ منتصف عام 2023، يواجه السودان تحديات عصيبة تهدد وحدة أراضيه واستقرار شعبه. في هذه الأوقات العصيبة، أظهر الشعب السوداني صموداً استثنائياً وعزيمة لا تلين في الدفاع عن كرامته ووطنه.

معركة الكرامة ليست مجرد صراع عسكري، بل هي رمز لإرادة شعب يرفض الانكسار ويصر على حماية وحدته الوطنية وسيادته. إنها قصة صمود وبطولة تكتب بأحرف من نور في تاريخ السودان الحديث.', 'Since mid-2023, Sudan has faced critical challenges threatening the unity of its territories and the stability of its people. In these difficult times, the Sudanese people have shown exceptional resilience and unwavering determination in defending their dignity and homeland.

The Battle of Dignity is not merely a military conflict, but a symbol of the will of a people who refuse to be broken and insist on protecting their national unity and sovereignty. It is a story of resilience and heroism written in letters of light in modern Sudanese history.', 'https://images.pexels.com/photos/8111847/pexels-photo-8111847.jpeg', '{}'::jsonb, 1, true, '2025-12-18T11:41:47.903258+00:00', '2025-12-18T11:41:47.903258+00:00', NULL),
  ('a460af6d-7e37-4d21-886e-2b03cee6f100', 'karama-battle', 'unity', 'الوحدة الوطنية قوتنا', 'National Unity is Our Strength', 'في أحلك الظروف، أثبت الشعب السوداني أن الوحدة الوطنية هي السلاح الأقوى في مواجهة التحديات. تجاوزت هذه الوحدة كل الحدود الإقليمية والقبلية والسياسية، لتجسد روح السودان الواحد الموحد.

المواطنون من جميع أنحاء البلاد، من الشرق والغرب والشمال والجنوب، وقفوا صفاً واحداً في الدفاع عن الوطن. هذا التلاحم الوطني هو أعظم إنجاز حققه الشعب السوداني في هذه المحنة.

إن الحفاظ على هذه الوحدة والبناء عليها هو السبيل الوحيد لضمان مستقبل مشرق لأجيالنا القادمة.', 'In the darkest circumstances, the Sudanese people proved that national unity is the strongest weapon in facing challenges. This unity transcended all regional, tribal, and political boundaries, embodying the spirit of one unified Sudan.

Citizens from all parts of the country, from the east and west, north and south, stood as one in defending the homeland. This national cohesion is the greatest achievement made by the Sudanese people in this ordeal.

Maintaining and building upon this unity is the only way to ensure a bright future for our coming generations.', 'https://images.pexels.com/photos/3184325/pexels-photo-3184325.jpeg', '{}'::jsonb, 2, true, '2025-12-18T11:41:47.903258+00:00', '2025-12-18T11:41:47.903258+00:00', NULL),
  ('95e68b9e-06f5-4518-91fe-9b3216697f9b', 'karama-battle', 'courage', 'تضحيات الشعب السوداني', 'Sacrifices of the Sudanese People', 'قدم الشعب السوداني تضحيات جسيمة في سبيل الحفاظ على وحدة الوطن وكرامته. آلاف الأسر نزحت من ديارها، وملايين المواطنين تأثروا بالصراع، لكن روح المقاومة لم تنكسر.

رغم كل المعاناة، استمر المواطنون في تقديم الدعم لبعضهم البعض. تشكلت مبادرات شعبية لمساعدة النازحين، وأقيمت مراكز إيواء، ونظمت حملات إغاثة. هذه المبادرات تعكس أصالة الشعب السوداني وتراحمه.

إن هذه التضحيات لن تذهب سدى، بل ستبقى نبراساً يضيء طريق الأجيال القادمة نحو سودان أقوى وأكثر تماسكاً.', 'The Sudanese people have made immense sacrifices to preserve the unity and dignity of the homeland. Thousands of families were displaced from their homes, and millions of citizens were affected by the conflict, but the spirit of resistance was not broken.

Despite all the suffering, citizens continued to support each other. Popular initiatives were formed to help the displaced, shelters were established, and relief campaigns were organized. These initiatives reflect the authenticity and compassion of the Sudanese people.

These sacrifices will not be in vain, but will remain a beacon lighting the way for future generations towards a stronger and more cohesive Sudan.', 'https://images.pexels.com/photos/6646914/pexels-photo-6646914.jpeg', '{}'::jsonb, 3, true, '2025-12-18T11:41:47.903258+00:00', '2025-12-18T11:41:47.903258+00:00', NULL),
  ('2c61f03c-4937-489e-adca-26bfb76c4818', 'karama-battle', 'future', 'نحو مستقبل أفضل', 'Towards a Better Future', 'رغم التحديات الراهنة، يبقى الأمل في مستقبل أفضل للسودان حياً في قلوب شعبه. الدروس المستفادة من هذه المحنة ستكون أساساً لبناء سودان أقوى وأكثر استقراراً.

الطريق نحو المستقبل يتطلب:
• الحفاظ على الوحدة الوطنية وتعزيزها
• إعادة بناء ما تهدم بروح من التعاون والتكاتف
• الاستثمار في التعليم والصحة والبنية التحتية
• تعزيز قيم التسامح والعدالة والمساواة
• حماية حقوق جميع المواطنين دون تمييز

معاً، بإرادتنا وعزيمتنا، سنبني السودان الذي نحلم به - سودان الأمن والسلام والازدهار.', 'Despite current challenges, hope for a better future for Sudan remains alive in the hearts of its people. The lessons learned from this ordeal will be the foundation for building a stronger and more stable Sudan.

The path to the future requires:
• Maintaining and strengthening national unity
• Rebuilding what was destroyed with a spirit of cooperation and solidarity
• Investing in education, health, and infrastructure
• Promoting values of tolerance, justice, and equality
• Protecting the rights of all citizens without discrimination

Together, with our will and determination, we will build the Sudan we dream of - a Sudan of security, peace, and prosperity.', 'https://images.pexels.com/photos/3184430/pexels-photo-3184430.jpeg', '{}'::jsonb, 4, true, '2025-12-18T11:41:47.903258+00:00', '2025-12-18T11:41:47.903258+00:00', NULL)
ON CONFLICT DO NOTHING;

-- Data for table: footer_content
-- Rows: 1

INSERT INTO public.footer_content (id, section_key, title_ar, title_en, content_ar, content_en, link_text_ar, link_text_en, link_url, display_order, is_active, created_at, updated_at, updated_by)
VALUES
  ('6631f98d-5459-4981-a66d-1511150fb3f7', 'about_consulate', 'عن القنصلية', 'About the Consulate', 'نسعد بخدمة الجالية السودانية وتقديم كافة الخدمات القنصلية والاستثمارية والتعليمية بأعلى معايير الجودة والكفاءة.', 'We are pleased to serve the Sudanese community and provide all consular, investment, and educational services with the highest standards of quality and efficiency.', NULL, NULL, NULL, 1, true, '2025-12-11T17:45:02.933568+00:00', '2025-12-11T17:45:02.933568+00:00', NULL)
ON CONFLICT DO NOTHING;

-- Data for table: counters
-- Rows: 6

INSERT INTO public.counters (id, key, label_ar, label_en, value, icon, color, suffix_ar, suffix_en, display_order, is_active, created_at, updated_at, updated_by)
VALUES
  ('daf28a8c-d848-45db-9be4-78cfb9f72c90', 'citizens', 'مواطن سوداني', 'Sudanese Citizens', 25000, 'Users', '#276073', NULL, NULL, 1, true, '2025-12-11T17:54:26.397806+00:00', '2025-12-11T17:54:26.397806+00:00', NULL),
  ('0556e069-4789-4869-a9e6-8f1f01069f45', 'transactions', 'معاملة مكتملة', 'Completed Transactions', 150000, 'FileCheck', '#276073', NULL, NULL, 2, true, '2025-12-11T17:54:26.397806+00:00', '2025-12-11T17:54:26.397806+00:00', NULL),
  ('0b2b2e32-603a-4c5f-9a71-e808ba7c1c78', 'events', 'فعالية ونشاط', 'Events and Activities', 450, 'Calendar', '#276073', NULL, NULL, 3, true, '2025-12-11T17:54:26.397806+00:00', '2025-12-11T17:54:26.397806+00:00', NULL),
  ('531c0f18-d1e5-4fc4-8e43-e012f939f4ad', 'services', 'خدمة قنصلية', 'Consular Services', 12, 'Award', '#276073', NULL, NULL, 4, true, '2025-12-11T17:54:26.397806+00:00', '2025-12-11T17:54:26.397806+00:00', NULL),
  ('ff177d85-882e-40d7-870a-70bffc63b5d4', 'investments', 'فرصة استثمارية', 'Investment Opportunities', 85, 'TrendingUp', '#276073', NULL, NULL, 5, true, '2025-12-11T17:54:26.397806+00:00', '2025-12-11T17:54:26.397806+00:00', NULL),
  ('b2813675-37ee-4261-bb75-c0c2f57dc51f', 'partnerships', 'شراكة استراتيجية', 'Strategic Partnerships', 35, 'Handshake', '#276073', NULL, NULL, 6, true, '2025-12-11T17:54:26.397806+00:00', '2025-12-11T17:54:26.397806+00:00', NULL)
ON CONFLICT DO NOTHING;

-- Data for table: breaking_news_ticker
-- Rows: 4

INSERT INTO public.breaking_news_ticker (id, title_ar, title_en, link, is_active, priority, start_date, end_date, created_by, created_at, updated_at)
VALUES
  ('72099353-c528-4353-ab9e-c4fd8e41058a', 'مرحباً بكم في موقع القنصلية السودانية في جدة', 'Welcome to the Sudanese Consulate in Jeddah Website', NULL, true, 100, NULL, NULL, NULL, '2025-12-11T22:03:08.569591+00:00', '2025-12-11T22:03:08.569591+00:00'),
  ('4278760f-90d1-456e-bdd8-2150f2330925', 'يمكنكم الآن حجز المواعيد إلكترونياً', 'You can now book appointments online', NULL, true, 90, NULL, NULL, NULL, '2025-12-11T22:03:08.569591+00:00', '2025-12-11T22:03:08.569591+00:00'),
  ('a684b67b-0c04-4fc4-a21e-52e9ef6fc73d', 'نعتذر عن أي تأخير في معالجة الطلبات', 'We apologize for any delay in processing requests', NULL, true, 80, NULL, NULL, NULL, '2025-12-11T22:03:08.569591+00:00', '2025-12-11T22:03:08.569591+00:00'),
  ('b43e3b87-c4d2-4a35-8af4-e1d2f6e12447', 'خبر تجريبى عاجل', 'test ', NULL, true, 50, NULL, NULL, 'ce268269-e837-4249-a931-54b9d9f7b38b', '2025-12-11T22:10:15.859403+00:00', '2025-12-11T22:10:15.432+00:00')
ON CONFLICT DO NOTHING;

-- Data for table: news
-- Rows: 8

INSERT INTO public.news (id, title_ar, title_en, excerpt_ar, excerpt_en, content_ar, content_en, category, featured_image, images, author_ar, author_en, tags, is_featured, is_active, views_count, published_date, display_order, created_at, updated_at, created_by, updated_by)
VALUES
  ('25cee3de-e207-4be1-8d66-7bd591d7f160', 'بيان رسمي حول الأوضاع الأمنية في السودان', 'Official Statement on Security Situation in Sudan', 'أصدرت وزارة الخارجية السودانية بياناً رسمياً حول آخر التطورات الأمنية في البلاد وتأكيد الاستقرار', 'The Sudanese Ministry of Foreign Affairs issued an official statement on the latest security developments and stability confirmation', 'أصدرت وزارة الخارجية السودانية بياناً رسمياً حول آخر التطورات الأمنية في البلاد وتأكيد الاستقرار. أكدت الوزارة في بيانها على أن الوضع الأمني في السودان مستقر وأن الحكومة تتخذ كافة الإجراءات اللازمة لضمان سلامة المواطنين والمقيمين. كما دعت الوزارة جميع المواطنين السودانيين في الخارج إلى عدم الانسياق وراء الشائعات والاعتماد على المصادر الرسمية فقط للحصول على المعلومات.', 'The Sudanese Ministry of Foreign Affairs issued an official statement on the latest security developments and stability confirmation. The ministry confirmed in its statement that the security situation in Sudan is stable and that the government is taking all necessary measures to ensure the safety of citizens and residents. The ministry also called on all Sudanese citizens abroad not to be swayed by rumors and to rely only on official sources for information.', 'official', 'https://images.pexels.com/photos/6077326/pexels-photo-6077326.jpeg?auto=compress&cs=tinysrgb&w=800', '[]'::jsonb, 'وزارة الخارجية السودانية', 'Sudanese Ministry of Foreign Affairs', '[]'::jsonb, true, true, 0, '2025-01-15T00:00:00+00:00', 0, '2025-12-11T18:53:15.718566+00:00', '2025-12-11T18:53:15.718566+00:00', NULL, NULL),
  ('a35840aa-6265-472e-9cbb-2ae6dbac3559', 'فرص استثمارية جديدة في قطاع الزراعة السوداني', 'New Investment Opportunities in Sudan''s Agricultural Sector', 'تفتح الحكومة السودانية المجال أمام استثمارات جديدة في القطاع الزراعي مع حوافز مالية مجزية ودعم حكومي شامل', 'Sudan opens new agricultural investment opportunities with attractive financial incentives and comprehensive government support', 'تفتح الحكومة السودانية المجال أمام استثمارات جديدة في القطاع الزراعي مع حوافز مالية مجزية ودعم حكومي شامل. يأتي هذا في إطار خطة الحكومة لتطوير القطاع الزراعي وزيادة الإنتاج الزراعي والصادرات. تشمل الفرص الاستثمارية المتاحة زراعة المحاصيل النقدية، الثروة الحيوانية، الصناعات التحويلية، والخدمات اللوجستية. كما توفر الحكومة إعفاءات ضريبية وتسهيلات جمركية للمستثمرين في هذا القطاع الحيوي.', 'Sudan opens new agricultural investment opportunities with attractive financial incentives and comprehensive government support. This comes as part of the government''s plan to develop the agricultural sector and increase agricultural production and exports. Available investment opportunities include cash crop cultivation, livestock, processing industries, and logistics services. The government also provides tax exemptions and customs facilities for investors in this vital sector.', 'latest', 'https://images.pexels.com/photos/2132227/pexels-photo-2132227.jpeg?auto=compress&cs=tinysrgb&w=800', '[]'::jsonb, 'وزارة الاستثمار', 'Ministry of Investment', '[]'::jsonb, true, true, 0, '2025-01-12T00:00:00+00:00', 0, '2025-12-11T18:53:15.718566+00:00', '2025-12-11T18:53:15.718566+00:00', NULL, NULL),
  ('e1894c5d-716e-4510-8107-ae5efd680488', 'افتتاح معرض الثقافة السودانية في جدة', 'Opening of Sudanese Culture Exhibition in Jeddah', 'ينظم القنصلية معرضاً ثقافياً شاملاً يستعرض التراث والحضارة السودانية العريقة بمشاركة فنانين محليين', 'The consulate organizes a comprehensive cultural exhibition showcasing Sudan''s rich heritage with local artists participation', 'ينظم القنصلية معرضاً ثقافياً شاملاً يستعرض التراث والحضارة السودانية العريقة بمشاركة فنانين محليين. يتضمن المعرض أعمالاً فنية تقليدية وحديثة، حرفاً يدوية، أزياء شعبية، ومأكولات سودانية تقليدية. يهدف المعرض إلى تعريف الجمهور السعودي بالثقافة السودانية الغنية وتعزيز الروابط الثقافية بين البلدين الشقيقين. المعرض مفتوح للجميع ويستمر لمدة أسبوعين.', 'The consulate organizes a comprehensive cultural exhibition showcasing Sudan''s rich heritage with local artists participation. The exhibition includes traditional and modern artworks, handicrafts, folk costumes, and traditional Sudanese cuisine. The exhibition aims to introduce the Saudi public to Sudan''s rich culture and strengthen cultural ties between the two brotherly countries. The exhibition is open to all and will continue for two weeks.', 'latest', 'https://images.pexels.com/photos/1181675/pexels-photo-1181675.jpeg?auto=compress&cs=tinysrgb&w=800', '[]'::jsonb, 'القنصلية السودانية', 'Sudanese Consulate', '[]'::jsonb, false, true, 0, '2025-01-10T00:00:00+00:00', 0, '2025-12-11T18:53:15.718566+00:00', '2025-12-11T18:53:15.718566+00:00', NULL, NULL),
  ('2d2f7f47-a399-46eb-ad3c-56dec5239504', 'تحديث إجراءات الحصول على جوازات السفر', 'Updated Passport Application Procedures', 'تعلن القنصلية عن تحديث إجراءات إصدار وتجديد جوازات السفر لتسهيل الخدمة على المواطنين وتقليل أوقات الانتظار', 'The consulate announces updated passport procedures to facilitate services for citizens and reduce waiting times', 'تعلن القنصلية عن تحديث إجراءات إصدار وتجديد جوازات السفر لتسهيل الخدمة على المواطنين وتقليل أوقات الانتظار. تشمل التحديثات نظام حجز المواعيد الإلكتروني، تقليل المستندات المطلوبة، وإمكانية متابعة حالة الطلب عبر الإنترنت. كما تم تقليص مدة إصدار الجواز إلى أسبوعين فقط في الحالات العادية. ندعو جميع المواطنين للاستفادة من هذه التسهيلات والخدمات المحسنة.', 'The consulate announces updated passport procedures to facilitate services for citizens and reduce waiting times. Updates include an electronic appointment booking system, reduced required documents, and the ability to track application status online. The passport issuance period has also been reduced to just two weeks in normal cases. We invite all citizens to take advantage of these facilities and improved services.', 'official', 'https://images.pexels.com/photos/7688336/pexels-photo-7688336.jpeg?auto=compress&cs=tinysrgb&w=800', '[]'::jsonb, 'القنصلية السودانية', 'Sudanese Consulate', '[]'::jsonb, true, true, 0, '2025-01-08T00:00:00+00:00', 0, '2025-12-11T18:53:15.718566+00:00', '2025-12-11T18:53:15.718566+00:00', NULL, NULL),
  ('bb9b44fa-0f87-4ae9-abd1-309447da6909', 'توقيع اتفاقية تعاون تعليمي مع الجامعات السعودية', 'Educational Cooperation Agreement with Saudi Universities', 'وقعت القنصلية اتفاقية تعاون مع عدة جامعات سعودية لتبادل الطلاب وتقديم منح دراسية للطلاب السودانيين', 'The consulate signed cooperation agreements with Saudi universities for student exchange and scholarships for Sudanese students', 'وقعت القنصلية اتفاقية تعاون مع عدة جامعات سعودية رائدة لتبادل الطلاب وتقديم منح دراسية للطلاب السودانيين. تشمل الاتفاقية برامج البكالوريوس والدراسات العليا في مختلف التخصصات العلمية والأدبية. كما تتضمن برامج تبادل أعضاء هيئة التدريس والبحث العلمي المشترك. هذه الاتفاقية تمثل خطوة مهمة في تعزيز التعاون الأكاديمي بين البلدين وتوفير فرص تعليمية متميزة للطلاب السودانيين.', 'The consulate signed cooperation agreements with several leading Saudi universities for student exchange and scholarships for Sudanese students. The agreement includes undergraduate and graduate programs in various scientific and literary specializations. It also includes faculty exchange programs and joint scientific research. This agreement represents an important step in enhancing academic cooperation between the two countries and providing distinguished educational opportunities for Sudanese students.', 'latest', 'https://images.pexels.com/photos/1181406/pexels-photo-1181406.jpeg?auto=compress&cs=tinysrgb&w=800', '[]'::jsonb, 'وزارة التعليم العالي', 'Ministry of Higher Education', '[]'::jsonb, false, true, 0, '2025-01-05T00:00:00+00:00', 0, '2025-12-11T18:53:15.718566+00:00', '2025-12-11T18:53:15.718566+00:00', NULL, NULL),
  ('e0ab3a72-4039-46b0-a718-94bdfd784613', 'إطلاق برنامج دعم رجال الأعمال السودانيين', 'Launch of Sudanese Businessmen Support Program', 'أطلقت القنصلية برنامجاً شاملاً لدعم رجال الأعمال السودانيين في المملكة وتسهيل إجراءات الاستثمار والتجارة', 'The consulate launched a comprehensive program to support Sudanese businessmen in the Kingdom and facilitate investment procedures', 'أطلقت القنصلية برنامجاً شاملاً لدعم رجال الأعمال السودانيين في المملكة وتسهيل إجراءات الاستثمار والتجارة. يتضمن البرنامج خدمات استشارية مجانية، تنظيم لقاءات دورية مع مستثمرين سعوديين، توفير معلومات عن الفرص الاستثمارية، والمساعدة في إنهاء الإجراءات القانونية والإدارية. كما يوفر البرنامج منصة للتواصل بين رجال الأعمال السودانيين لتبادل الخبرات وتطوير الشراكات التجارية.', 'The consulate launched a comprehensive program to support Sudanese businessmen in the Kingdom and facilitate investment and trade procedures. The program includes free consulting services, organizing regular meetings with Saudi investors, providing information about investment opportunities, and assistance in completing legal and administrative procedures. The program also provides a platform for communication between Sudanese businessmen to exchange experiences and develop commercial partnerships.', 'official', 'https://images.pexels.com/photos/3184465/pexels-photo-3184465.jpeg?auto=compress&cs=tinysrgb&w=800', '[]'::jsonb, 'القنصلية السودانية', 'Sudanese Consulate', '[]'::jsonb, false, true, 0, '2025-01-03T00:00:00+00:00', 0, '2025-12-11T18:53:15.718566+00:00', '2025-12-11T18:53:15.718566+00:00', NULL, NULL),
  ('c6b5326d-75f6-466a-a682-821e45120efb', 'مؤتمر الاستثمار السوداني السعودي المشترك', 'Joint Sudanese-Saudi Investment Conference', 'يستعد لانعقاد مؤتمر اقتصادي كبير لتعزيز الاستثمارات المشتركة بين البلدين في مختلف القطاعات الاقتصادية', 'Preparing for a major economic conference to promote joint investments between the two countries in various economic sectors', 'يستعد لانعقاد مؤتمر اقتصادي كبير لتعزيز الاستثمارات المشتركة بين البلدين في مختلف القطاعات الاقتصادية. سيشارك في المؤتمر كبار المسؤولين الحكوميين، رجال أعمال، ومستثمرون من البلدين. يهدف المؤتمر إلى استعراض الفرص الاستثمارية المتاحة، مناقشة التحديات، وإبرام اتفاقيات تعاون في قطاعات الزراعة، التعدين، البنية التحتية، والطاقة المتجددة. المؤتمر يمثل منصة مهمة لتعزيز العلاقات الاقتصادية بين السودان والسعودية.', 'Preparing for a major economic conference to promote joint investments between the two countries in various economic sectors. The conference will be attended by senior government officials, businessmen, and investors from both countries. The conference aims to review available investment opportunities, discuss challenges, and conclude cooperation agreements in agriculture, mining, infrastructure, and renewable energy sectors. The conference represents an important platform for enhancing economic relations between Sudan and Saudi Arabia.', 'latest', 'https://images.pexels.com/photos/3184339/pexels-photo-3184339.jpeg?auto=compress&cs=tinysrgb&w=800', '[]'::jsonb, 'وزارة الاقتصاد', 'Ministry of Economy', '[]'::jsonb, true, true, 0, '2025-01-01T00:00:00+00:00', 0, '2025-12-11T18:53:15.718566+00:00', '2025-12-11T18:53:15.718566+00:00', NULL, NULL),
  ('f0489e0d-90fa-4f7d-baf1-c220d7a044c2', 'تدشين خدمات إلكترونية جديدة للمواطنين', 'Launch of New Electronic Services for Citizens', 'دشنت القنصلية منصة إلكترونية متطورة تتيح للمواطنين إنجاز معاملاتهم عبر الإنترنت بسهولة وأمان', 'The consulate launched an advanced electronic platform allowing citizens to complete their transactions online safely and easily', 'دشنت القنصلية منصة إلكترونية متطورة تتيح للمواطنين إنجاز معاملاتهم عبر الإنترنت بسهولة وأمان. تشمل الخدمات الإلكترونية المتاحة: طلب الوثائق الرسمية، حجز المواعيد، متابعة حالة الطلبات، الاستفسارات، والدفع الإلكتروني. المنصة مصممة بواجهة سهلة الاستخدام وتدعم اللغتين العربية والإنجليزية. هذه الخدمات تهدف إلى توفير الوقت والجهد على المواطنين وتحسين جودة الخدمات المقدمة.', 'The consulate launched an advanced electronic platform allowing citizens to complete their transactions online safely and easily. Available electronic services include: requesting official documents, booking appointments, tracking application status, inquiries, and electronic payment. The platform is designed with an easy-to-use interface and supports both Arabic and English languages. These services aim to save citizens time and effort and improve the quality of services provided.', 'official', 'https://images.pexels.com/photos/3184292/pexels-photo-3184292.jpeg?auto=compress&cs=tinysrgb&w=800', '[]'::jsonb, 'القنصلية السودانية', 'Sudanese Consulate', '[]'::jsonb, false, true, 0, '2024-12-28T00:00:00+00:00', 0, '2025-12-11T18:53:15.718566+00:00', '2025-12-11T18:53:15.718566+00:00', NULL, NULL)
ON CONFLICT DO NOTHING;

-- Data for table: events
-- Rows: 13

INSERT INTO public.events (id, title_ar, title_en, description_ar, description_en, short_description_ar, short_description_en, event_date, event_time, end_date, end_time, location_ar, location_en, address_ar, address_en, tab_group, featured_image, images, organizer_ar, organizer_en, capacity, registered_count, registration_required, registration_deadline, registration_link, tags, is_featured, is_active, display_order, created_at, updated_at, created_by, updated_by)
VALUES
  ('3a7b9e92-06ea-4a6c-9d94-8ac0a780bd84', 'ورشة عمل حول فرص الاستثمار في السودان', 'Workshop on Investment Opportunities in Sudan', 'ورشة تفاعلية للتعريف بالفرص الاستثمارية المتاحة في مختلف القطاعات السودانية. تشمل الورشة عروضاً تقديمية من خبراء اقتصاديين، دراسات حالة ناجحة، وجلسات نقاش مفتوحة للإجابة على استفسارات المستثمرين المحتملين.', 'Interactive workshop introducing available investment opportunities in various Sudanese sectors. The workshop includes presentations by economic experts, successful case studies, and open discussion sessions to answer potential investors'' inquiries.', 'ورشة تفاعلية للتعريف بالفرص الاستثمارية المتاحة في مختلف القطاعات السودانية', 'Interactive workshop introducing available investment opportunities in various Sudanese sectors', '2025-01-16', '10:00:00', NULL, NULL, 'قاعة المؤتمرات - القنصلية', 'Conference Hall - Consulate', NULL, NULL, 'today', 'https://images.pexels.com/photos/3184465/pexels-photo-3184465.jpeg?auto=compress&cs=tinysrgb&w=600', '[]'::jsonb, 'القنصلية السودانية', 'Sudanese Consulate', 100, 0, true, NULL, NULL, '[]'::jsonb, true, true, 0, '2025-12-11T18:55:39.699117+00:00', '2025-12-11T18:55:39.699117+00:00', NULL, NULL),
  ('65d65063-28f9-4d5b-bf97-2f8293bd8506', 'لقاء مفتوح مع الجالية السودانية', 'Open Meeting with Sudanese Community', 'لقاء مفتوح لمناقشة احتياجات الجالية والإجابة على الاستفسارات. سيكون القنصل العام والموظفون المختصون متواجدين للاستماع إلى ملاحظات واقتراحات أفراد الجالية ومناقشة الخدمات المقدمة وكيفية تحسينها.', 'Open meeting to discuss community needs and answer inquiries. The Consul General and specialized staff will be present to listen to community members'' comments and suggestions and discuss services provided and how to improve them.', 'لقاء مفتوح لمناقشة احتياجات الجالية والإجابة على الاستفسارات', 'Open meeting to discuss community needs and answer inquiries', '2025-01-16', '19:00:00', NULL, NULL, 'القاعة الكبرى - القنصلية', 'Main Hall - Consulate', NULL, NULL, 'today', 'https://images.pexels.com/photos/1181406/pexels-photo-1181406.jpeg?auto=compress&cs=tinysrgb&w=600', '[]'::jsonb, 'القنصلية السودانية', 'Sudanese Consulate', 150, 0, false, NULL, NULL, '[]'::jsonb, false, true, 0, '2025-12-11T18:55:39.699117+00:00', '2025-12-11T18:55:39.699117+00:00', NULL, NULL),
  ('14312a6a-668d-4add-8793-de6fbea682c6', 'دورة تدريبية للطلاب السودانيين', 'Training Course for Sudanese Students', 'دورة تدريبية متخصصة للطلاب السودانيين حول الفرص التعليمية والمنح الدراسية. تتضمن الدورة معلومات عن المنح المتاحة، كيفية التقديم، متطلبات القبول، ونصائح لتحقيق التفوق الأكاديمي. كما سيتم استضافة طلاب متفوقين لمشاركة تجاربهم.', 'Specialized training course for Sudanese students on educational opportunities and scholarships. The course includes information about available scholarships, how to apply, admission requirements, and tips for achieving academic excellence. Outstanding students will also be hosted to share their experiences.', 'دورة تدريبية متخصصة للطلاب السودانيين حول الفرص التعليمية والمنح الدراسية', 'Specialized training course for Sudanese students on educational opportunities and scholarships', '2025-01-16', '14:00:00', NULL, NULL, 'القاعة التدريبية - القنصلية', 'Training Hall - Consulate', NULL, NULL, 'today', 'https://images.pexels.com/photos/1181675/pexels-photo-1181675.jpeg?auto=compress&cs=tinysrgb&w=600', '[]'::jsonb, 'وزارة التعليم العالي', 'Ministry of Higher Education', 80, 0, true, NULL, NULL, '[]'::jsonb, true, true, 0, '2025-12-11T18:55:39.699117+00:00', '2025-12-11T18:55:39.699117+00:00', NULL, NULL),
  ('1a603fe8-e41d-40bf-8a94-e3a56b8802c8', 'احتفالية اليوم الوطني السوداني', 'Sudanese National Day Celebration', 'احتفالية خاصة بمناسبة اليوم الوطني مع فعاليات ثقافية وتراثية. يتضمن الحفل عروضاً فنية، معارض تراثية، مأكولات سودانية تقليدية، وفقرات ترفيهية للأطفال. كما سيتم تكريم الشخصيات السودانية البارزة.', 'Special celebration for National Day with cultural and heritage activities. The celebration includes artistic performances, heritage exhibitions, traditional Sudanese cuisine, and entertainment segments for children. Outstanding Sudanese personalities will also be honored.', 'احتفالية خاصة بمناسبة اليوم الوطني مع فعاليات ثقافية وتراثية', 'Special celebration for National Day with cultural and heritage activities', '2025-01-17', '18:00:00', NULL, NULL, 'مركز الملك عبدالعزيز الثقافي', 'King Abdulaziz Cultural Center', NULL, NULL, 'tomorrow', 'https://images.pexels.com/photos/1181263/pexels-photo-1181263.jpeg?auto=compress&cs=tinysrgb&w=600', '[]'::jsonb, 'القنصلية السودانية', 'Sudanese Consulate', 500, 0, true, NULL, NULL, '[]'::jsonb, true, true, 0, '2025-12-11T18:55:39.699117+00:00', '2025-12-11T18:55:39.699117+00:00', NULL, NULL),
  ('98d7076d-45bf-4680-beca-eca1b9560b8a', 'معرض الثقافة والتراث السوداني', 'Sudanese Culture and Heritage Exhibition', 'معرض شامل يستعرض التراث والثقافة السودانية الأصيلة. يضم المعرض قطعاً أثرية، حرفاً يدوية تقليدية، أزياء شعبية، ولوحات فنية. كما يتضمن ورش عمل تفاعلية لتعليم الحرف اليدوية والفنون التقليدية.', 'Comprehensive exhibition showcasing authentic Sudanese heritage and culture. The exhibition features antiques, traditional handicrafts, folk costumes, and artistic paintings. It also includes interactive workshops to teach handicrafts and traditional arts.', 'معرض شامل يستعرض التراث والثقافة السودانية الأصيلة', 'Comprehensive exhibition showcasing authentic Sudanese heritage and culture', '2025-01-17', '16:00:00', NULL, NULL, 'صالة المعارض - القنصلية', 'Exhibition Hall - Consulate', NULL, NULL, 'tomorrow', 'https://images.pexels.com/photos/1181677/pexels-photo-1181677.jpeg?auto=compress&cs=tinysrgb&w=600', '[]'::jsonb, 'وزارة الثقافة', 'Ministry of Culture', 200, 0, false, NULL, NULL, '[]'::jsonb, false, true, 0, '2025-12-11T18:55:39.699117+00:00', '2025-12-11T18:55:39.699117+00:00', NULL, NULL),
  ('5aaf556e-edee-4f5f-995d-6e9a113c9c2b', 'ندوة حول الخدمات القنصلية الجديدة', 'Seminar on New Consular Services', 'ندوة تعريفية حول الخدمات القنصلية الجديدة والإجراءات المحدثة. سيتم شرح كافة الخدمات الإلكترونية المتاحة، كيفية استخدامها، والإجابة على أسئلة واستفسارات الحضور. الندوة موجهة لجميع أفراد الجالية السودانية.', 'Introductory seminar on new consular services and updated procedures. All available electronic services will be explained, how to use them, and answer questions from attendees. The seminar is directed to all members of the Sudanese community.', 'ندوة تعريفية حول الخدمات القنصلية الجديدة والإجراءات المحدثة', 'Introductory seminar on new consular services and updated procedures', '2025-01-17', '11:00:00', NULL, NULL, 'قاعة الاجتماعات - القنصلية', 'Meeting Hall - Consulate', NULL, NULL, 'tomorrow', 'https://images.pexels.com/photos/3184292/pexels-photo-3184292.jpeg?auto=compress&cs=tinysrgb&w=600', '[]'::jsonb, 'القنصلية السودانية', 'Sudanese Consulate', 120, 0, false, NULL, NULL, '[]'::jsonb, false, true, 0, '2025-12-11T18:55:39.699117+00:00', '2025-12-11T18:55:39.699117+00:00', NULL, NULL),
  ('56d1096b-b374-46ec-911a-705cbb519430', 'مؤتمر الاستثمار السوداني السعودي', 'Sudanese-Saudi Investment Conference', 'مؤتمر اقتصادي لتعزيز الاستثمارات المشتركة بين السودان والسعودية. يحضر المؤتمر وفود رسمية، رجال أعمال، ومستثمرون من البلدين. سيتم توقيع اتفاقيات تعاون في قطاعات الزراعة، الصناعة، التعدين، والطاقة المتجددة.', 'Economic conference to promote joint investments between Sudan and Saudi Arabia. The conference is attended by official delegations, businessmen, and investors from both countries. Cooperation agreements will be signed in agriculture, industry, mining, and renewable energy sectors.', 'مؤتمر اقتصادي لتعزيز الاستثمارات المشتركة بين السودان والسعودية', 'Economic conference to promote joint investments between Sudan and Saudi Arabia', '2025-01-18', '09:00:00', NULL, NULL, 'فندق الريتز كارلتون - جدة', 'Ritz Carlton Hotel - Jeddah', NULL, NULL, 'afterTomorrow', 'https://images.pexels.com/photos/3184339/pexels-photo-3184339.jpeg?auto=compress&cs=tinysrgb&w=600', '[]'::jsonb, 'وزارة الاستثمار', 'Ministry of Investment', 300, 0, true, NULL, NULL, '[]'::jsonb, true, true, 0, '2025-12-11T18:55:39.699117+00:00', '2025-12-11T18:55:39.699117+00:00', NULL, NULL),
  ('198a08d2-f5c3-4143-870a-4cbe406b0f92', 'أمسية شعرية سودانية', 'Sudanese Poetry Evening', 'أمسية شعرية تحتفي بالأدب والشعر السوداني الأصيل. يشارك في الأمسية نخبة من الشعراء السودانيين المقيمين في المملكة لإلقاء قصائدهم وأشعارهم. الأمسية مفتوحة لجميع محبي الأدب والشعر من الجالية السودانية والعربية.', 'Poetry evening celebrating authentic Sudanese literature and poetry. The evening features a selection of Sudanese poets residing in the Kingdom to recite their poems. The evening is open to all literature and poetry lovers from the Sudanese and Arab communities.', 'أمسية شعرية تحتفي بالأدب والشعر السوداني الأصيل', 'Poetry evening celebrating authentic Sudanese literature and poetry', '2025-01-18', '20:00:00', NULL, NULL, 'المركز الثقافي - جدة', 'Cultural Center - Jeddah', NULL, NULL, 'afterTomorrow', 'https://images.pexels.com/photos/1181406/pexels-photo-1181406.jpeg?auto=compress&cs=tinysrgb&w=600', '[]'::jsonb, 'اتحاد الأدباء السودانيين', 'Sudanese Writers Union', 150, 0, false, NULL, NULL, '[]'::jsonb, false, true, 0, '2025-12-11T18:55:39.699117+00:00', '2025-12-11T18:55:39.699117+00:00', NULL, NULL),
  ('d0dd552e-cc37-42d3-b05e-a100e7a824d2', 'ورشة عمل للحرف اليدوية السودانية', 'Sudanese Handicrafts Workshop', 'ورشة تعليمية للحرف اليدوية التقليدية السودانية. سيتم تعليم المشاركين صناعة المشغولات اليدوية التقليدية مثل السلال، الفخار، والمنسوجات. الورشة موجهة للمهتمين بالحفاظ على التراث وتعلم المهارات التقليدية.', 'Educational workshop on traditional Sudanese handicrafts. Participants will be taught how to make traditional handmade products such as baskets, pottery, and textiles. The workshop is aimed at those interested in preserving heritage and learning traditional skills.', 'ورشة تعليمية للحرف اليدوية التقليدية السودانية', 'Educational workshop on traditional Sudanese handicrafts', '2025-01-18', '15:00:00', NULL, NULL, 'مركز الفنون - القنصلية', 'Arts Center - Consulate', NULL, NULL, 'afterTomorrow', 'https://images.pexels.com/photos/1181677/pexels-photo-1181677.jpeg?auto=compress&cs=tinysrgb&w=600', '[]'::jsonb, 'جمعية الحرف اليدوية', 'Handicrafts Association', 50, 0, true, NULL, NULL, '[]'::jsonb, false, true, 0, '2025-12-11T18:55:39.699117+00:00', '2025-12-11T18:55:39.699117+00:00', NULL, NULL),
  ('69290d8b-dc8c-4a04-87b0-a33938052be3', 'لقاء رجال الأعمال السودانيين', 'Sudanese Businessmen Meeting', 'لقاء تجاري لتبادل الخبرات وتطوير الشراكات التجارية. يهدف اللقاء إلى تعزيز التعاون بين رجال الأعمال السودانيين في المملكة، مناقشة الفرص الاستثمارية، وتبادل الخبرات في مختلف المجالات التجارية والصناعية.', 'Business meeting to exchange experiences and develop commercial partnerships. The meeting aims to enhance cooperation among Sudanese businessmen in the Kingdom, discuss investment opportunities, and exchange experiences in various commercial and industrial fields.', 'لقاء تجاري لتبادل الخبرات وتطوير الشراكات التجارية', 'Business meeting to exchange experiences and develop commercial partnerships', '2025-01-23', '10:00:00', NULL, NULL, 'قاعة الأعمال - فندق الهيلتون', 'Business Hall - Hilton Hotel', NULL, NULL, 'nextWeek', 'https://images.pexels.com/photos/3184465/pexels-photo-3184465.jpeg?auto=compress&cs=tinysrgb&w=600', '[]'::jsonb, 'جمعية رجال الأعمال السودانيين', 'Sudanese Businessmen Association', 100, 0, true, NULL, NULL, '[]'::jsonb, false, true, 0, '2025-12-11T18:55:39.699117+00:00', '2025-12-11T18:55:39.699117+00:00', NULL, NULL),
  ('0ab3ba91-cf93-451b-97c2-dd71c37d1b6d', 'مهرجان الطعام السوداني', 'Sudanese Food Festival', 'مهرجان للتعريف بالمأكولات السودانية التقليدية والشعبية. يتضمن المهرجان أكشاك طعام تقدم أشهر الأطباق السودانية، عروض طبخ حية، ومسابقات طهي. المهرجان مفتوح للجميع من الجالية السودانية والسعودية.', 'Festival introducing traditional and popular Sudanese cuisine. The festival includes food stalls offering the most famous Sudanese dishes, live cooking shows, and cooking competitions. The festival is open to all from the Sudanese and Saudi communities.', 'مهرجان للتعريف بالمأكولات السودانية التقليدية والشعبية', 'Festival introducing traditional and popular Sudanese cuisine', '2025-01-24', '17:00:00', NULL, NULL, 'حديقة الأندلس - جدة', 'Al-Andalus Park - Jeddah', NULL, NULL, 'nextWeek', 'https://images.pexels.com/photos/1181263/pexels-photo-1181263.jpeg?auto=compress&cs=tinysrgb&w=600', '[]'::jsonb, 'القنصلية السودانية', 'Sudanese Consulate', 500, 0, false, NULL, NULL, '[]'::jsonb, true, true, 0, '2025-12-11T18:55:39.699117+00:00', '2025-12-11T18:55:39.699117+00:00', NULL, NULL),
  ('13f5fae2-c468-4520-8275-49554e0330e1', 'دورة اللغة العربية للأطفال', 'Arabic Language Course for Children', 'دورة تعليمية للأطفال السودانيين لتعزيز اللغة العربية. تستهدف الدورة الأطفال من سن 6 إلى 12 سنة وتركز على القراءة، الكتابة، والمحادثة باللغة العربية الفصحى. تستمر الدورة لمدة شهرين بواقع جلستين أسبوعياً.', 'Educational course for Sudanese children to enhance Arabic language skills. The course targets children aged 6 to 12 years and focuses on reading, writing, and speaking in classical Arabic. The course lasts for two months with two sessions per week.', 'دورة تعليمية للأطفال السودانيين لتعزيز اللغة العربية', 'Educational course for Sudanese children to enhance Arabic language skills', '2025-01-25', '16:00:00', NULL, NULL, 'قاعة التعليم - القنصلية', 'Education Hall - Consulate', NULL, NULL, 'nextWeek', 'https://images.pexels.com/photos/1181675/pexels-photo-1181675.jpeg?auto=compress&cs=tinysrgb&w=600', '[]'::jsonb, 'مركز تعليم اللغة العربية', 'Arabic Language Education Center', 40, 0, true, NULL, NULL, '[]'::jsonb, false, true, 0, '2025-12-11T18:55:39.699117+00:00', '2025-12-11T18:55:39.699117+00:00', NULL, NULL),
  ('5a83401f-5b62-4703-83ad-391ff49f0e7d', 'تست', 'تست', '', '', 'تست', 'تست', '2025-12-11', NULL, NULL, NULL, '', '', NULL, NULL, 'today', 'https://qaioxhpcyzmamcvdqqub.supabase.co/storage/v1/object/public/events-images/1765487836459-7kmom.png', '[]'::jsonb, '', '', NULL, 0, true, NULL, NULL, '[]'::jsonb, false, true, 0, '2025-12-11T21:17:31.607617+00:00', '2025-12-11T21:30:55.577145+00:00', 'ce268269-e837-4249-a931-54b9d9f7b38b', 'ce268269-e837-4249-a931-54b9d9f7b38b')
ON CONFLICT DO NOTHING;

-- No data in event_registrations

-- Data for table: about_sudan_page
-- Rows: 1

INSERT INTO public.about_sudan_page (id, title_ar, title_en, video_url, video_poster, is_active, created_at, updated_at, updated_by)
VALUES
  ('abe42634-a8f9-4773-a461-1018330a5c87', 'عن السودان', 'About Sudan', '', '', true, '2025-12-11T22:48:38.2238+00:00', '2025-12-11T22:48:38.2238+00:00', NULL)
ON CONFLICT DO NOTHING;

-- Data for table: about_sudan_statistics
-- Rows: 8

INSERT INTO public.about_sudan_statistics (id, stat_key, label_ar, label_en, value, display_value_ar, display_value_en, icon, display_order, is_active, created_at, updated_at)
VALUES
  ('3650a3e9-5811-4288-a16a-ba3f2cd48e58', 'area', 'المساحة', 'Area', 1861484, '1.86 مليون كم²', '1.86M km²', 'MapPin', 1, true, '2025-12-11T22:48:38.2238+00:00', '2025-12-11T22:48:38.2238+00:00'),
  ('007d873b-f581-41cf-afdc-54e39729a2cd', 'population', 'السكان', 'Population', 45000000, '45 مليون نسمة', '45M people', 'Users', 2, true, '2025-12-11T22:48:38.2238+00:00', '2025-12-11T22:48:38.2238+00:00'),
  ('6e17567d-2816-46e4-8a5a-90ea2711b233', 'history', 'عمر الحضارة', 'Civilization Age', 5000, '5000+ سنة', '5000+ years', 'Calendar', 3, true, '2025-12-11T22:48:38.2238+00:00', '2025-12-11T22:48:38.2238+00:00'),
  ('4850c9e3-a64e-4b85-8cfd-47a1d8ce8de3', 'languages', 'اللغات', 'Languages', 114, '114 لغة', '114 languages', 'Globe', 4, true, '2025-12-11T22:48:38.2238+00:00', '2025-12-11T22:48:38.2238+00:00'),
  ('ccac1435-9b1f-48cb-99e8-4bffae50e9ee', 'agriculture', 'الأراضي الزراعية', 'Agricultural Land', 200000000, '200 مليون فدان', '200M acres', 'Wheat', 5, true, '2025-12-11T22:48:38.2238+00:00', '2025-12-11T22:48:38.2238+00:00'),
  ('4cdbc878-2456-4a23-8778-52a9213bde85', 'gold', 'إنتاج الذهب', 'Gold Production', 75, '75 طن سنوياً', '75 tons/year', 'Gem', 6, true, '2025-12-11T22:48:38.2238+00:00', '2025-12-11T22:48:38.2238+00:00'),
  ('5894be59-1af9-410b-bd99-5e15db829fec', 'tourism', 'السياح سنوياً', 'Annual Tourists', 500000, '500 ألف زائر', '500K visitors', 'Camera', 7, true, '2025-12-11T22:48:38.2238+00:00', '2025-12-11T22:48:38.2238+00:00'),
  ('f2590380-9404-4e6d-8481-842f1a10dbd7', 'nile', 'نهر النيل', 'Nile River', 6650, '6650 كم', '6650 km', 'Mountain', 8, true, '2025-12-11T22:48:38.2238+00:00', '2025-12-11T22:48:38.2238+00:00')
ON CONFLICT DO NOTHING;

-- Data for table: about_sudan_sections
-- Rows: 6

INSERT INTO public.about_sudan_sections (id, section_key, title_ar, title_en, content_ar, content_en, image_url, icon, display_order, is_active, created_at, updated_at)
VALUES
  ('54be8678-7743-48d9-9bac-750589d275ae', 'food-security', 'سلة غذاء العالم', 'World''s Food Basket', 'يُعرف السودان بـ"سلة غذاء العالم" لما يمتلكه من أراضي زراعية خصبة تقدر بأكثر من 200 مليون فدان، ومياه وفيرة من النيل وروافده. ينتج السودان محاصيل استراتيجية مثل القمح والذرة والسمسم والفول السوداني والقطن، مما يجعله قادراً على إطعام مليار شخص.', 'Sudan is known as the "World''s Food Basket" with over 200 million acres of fertile agricultural land and abundant water from the Nile. Sudan produces strategic crops that can feed a billion people.', 'https://images.pexels.com/photos/2132227/pexels-photo-2132227.jpeg?auto=compress&cs=tinysrgb&w=1200', 'Wheat', 2, true, '2025-12-11T22:48:38.2238+00:00', '2025-12-11T22:48:38.2238+00:00'),
  ('a924955f-fef9-4c09-bcc9-6716d2b61eed', 'historical-depth', 'العمق التاريخي', 'Historical Depth', 'يمتد تاريخ السودان لأكثر من 5000 سنة، حيث قامت على أرضه حضارات عظيمة مثل مملكة كوش ومملكة مروي والممالك المسيحية النوبية. يضم السودان أكثر من 255 هرماً، أكثر من مصر، وآثاراً تشهد على عراقة هذه الأرض وحضارتها المتجذرة.', 'Sudan''s history spans over 5000 years, with great civilizations like the Kingdom of Kush and Meroe. Sudan has more than 255 pyramids, more than Egypt, testament to its ancient civilization.', 'https://images.pexels.com/photos/1181263/pexels-photo-1181263.jpeg?auto=compress&cs=tinysrgb&w=1200', 'Crown', 3, true, '2025-12-11T22:48:38.2238+00:00', '2025-12-11T22:48:38.2238+00:00'),
  ('55adfbfa-7777-40be-b6b3-13ddfe6d0806', 'tourism-potential', 'الإمكانات السياحية', 'Tourism Potential', 'يتمتع السودان بتنوع سياحي فريد يشمل السياحة الأثرية في مروي والبجراوية، والسياحة البحرية على ساحل البحر الأحمر، والسياحة البيئية في محميات الدندر وسنقنيب، والسياحة الثقافية التي تعكس تنوع الثقافات والتقاليد السودانية الأصيلة.', 'Sudan enjoys unique tourism diversity including archaeological tourism in Meroe, marine tourism on the Red Sea coast, eco-tourism in reserves, and cultural tourism reflecting diverse Sudanese traditions.', 'https://images.pexels.com/photos/1181675/pexels-photo-1181675.jpeg?auto=compress&cs=tinysrgb&w=1200', 'Camera', 4, true, '2025-12-11T22:48:38.2238+00:00', '2025-12-11T22:48:38.2238+00:00'),
  ('cd0ef8da-e44b-4d1b-8e73-d915b5413a7a', 'cultural-diversity', 'التنوع الثقافي', 'Cultural Diversity', 'السودان بلد التنوع الثقافي بامتياز، حيث تتعايش أكثر من 500 قبيلة و114 لغة في انسجام تام. هذا التنوع يظهر جلياً في الفنون والموسيقى والأزياء التقليدية والمطبخ السوداني الغني بالنكهات المتنوعة التي تمزج بين الأصالة العربية والإفريقية.', 'Sudan is a country of cultural diversity par excellence, with over 500 tribes and 114 languages coexisting in harmony. This diversity is evident in arts, music, traditional costumes, and Sudanese cuisine.', 'https://images.pexels.com/photos/2132227/pexels-photo-2132227.jpeg?auto=compress&cs=tinysrgb&w=1200', 'Palette', 5, true, '2025-12-11T22:48:38.2238+00:00', '2025-12-11T22:48:38.2238+00:00'),
  ('a271ebd9-3ce2-4d55-be45-81822ddaec91', 'natural-resources', 'الثروات الطبيعية', 'Natural Resources', 'يمتلك السودان ثروات طبيعية هائلة تشمل الذهب والنفط والمعادن النفيسة. ينتج السودان حوالي 75 طناً من الذهب سنوياً، بالإضافة إلى احتياطيات ضخمة من النحاس والحديد والكروم والمنغنيز. كما يمتلك ثروة حيوانية تقدر بأكثر من 100 مليون رأس.', 'Sudan possesses enormous natural resources including gold, oil, and precious minerals. Sudan produces about 75 tons of gold annually, plus huge reserves of copper, iron, chromium, and manganese.', 'https://images.pexels.com/photos/2132227/pexels-photo-2132227.jpeg?auto=compress&cs=tinysrgb&w=1200', 'Gem', 6, true, '2025-12-11T22:48:38.2238+00:00', '2025-12-11T22:48:38.2238+00:00'),
  ('e65558bf-75f4-4cf0-a249-fa4bbcaec687', 'strategic-location', 'الموقع الاستراتيجي', 'Strategic Location', 'يقع السودان في موقع استراتيجي فريد يربط بين قارتي أفريقيا وآسيا، ويطل على البحر الأحمر بساحل يمتد لأكثر من 853 كيلومتراً. هذا الموقع جعله جسراً حضارياً وتجارياً عبر التاريخ، ونقطة التقاء بين الثقافات العربية والأفريقية.', 'Sudan is located in a unique strategic position linking Africa and Asia, overlooking the Red Sea with a coastline extending over 853 kilometers. This location has made it a civilizational and commercial bridge throughout history.', 'https://images.pexels.com/photos/2132227/pexels-photo-2132227.jpeg?auto=compress&cs=tinysrgb&w=1200', 'Globe', 1, true, '2025-12-11T22:48:38.2238+00:00', '2025-12-11T22:57:33.811+00:00')
ON CONFLICT DO NOTHING;

-- No data in about_sudan_section_stats

-- Data for table: about_consulate_sections
-- Rows: 2

INSERT INTO public.about_consulate_sections (id, section_type, title_ar, title_en, content_ar, content_en, image_url, order_index, is_active, created_at, updated_at, created_by, updated_by)
VALUES
  ('0f8188ee-5d2e-4486-b859-989e20380294', 'consul_word', 'كلمة القنصل', 'Consul''s Word', 'بسم الله الرحمن الرحيم

أخواتي وإخوتي أبناء الجالية السودانية الكريمة في المملكة العربية السعودية،

السلام عليكم ورحمة الله وبركاته

يسرني أن أرحب بكم في الموقع الإلكتروني الجديد للقنصلية العامة لجمهورية السودان بجدة، والذي يأتي في إطار سعينا الدؤوب لتطوير وتحسين الخدمات القنصلية المقدمة لأبناء جاليتنا الكريمة.

إن القنصلية تضع في مقدمة أولوياتها خدمة المواطن السوداني، وتسهيل إجراءاته القنصلية، وحماية حقوقه ومصالحه. ونحن نعمل بكل جد واجتهاد لتقديم خدمات متميزة تليق بأبناء وطننا الغالي.

هذا الموقع الإلكتروني يوفر لكم:
• تقديم طلبات الخدمات القنصلية إلكترونياً
• متابعة حالة المعاملات
• حجز المواعيد
• الحصول على المعلومات والإرشادات
• التواصل المباشر مع القنصلية

نحن في القنصلية ملتزمون بتقديم أفضل الخدمات، ونرحب بملاحظاتكم واقتراحاتكم التي تساعدنا على التطوير والتحسين المستمر.

أسأل الله العلي القدير أن يحفظ السودان وشعبه، وأن يديم على المملكة العربية السعودية أمنها واستقرارها ورخاءها.

وتفضلوا بقبول فائق الاحترام والتقدير،

القنصل العام
القنصلية العامة لجمهورية السودان بجدة', 'In the Name of Allah, the Most Gracious, the Most Merciful

Dear Members of the Sudanese Community in the Kingdom of Saudi Arabia,

Peace be upon you and the mercy of Allah and His blessings

It is my pleasure to welcome you to the new website of the Consulate General of the Republic of Sudan in Jeddah, which comes within the framework of our continuous efforts to develop and improve consular services provided to our esteemed community.

The Consulate places the service of Sudanese citizens at the forefront of its priorities, facilitating their consular procedures, and protecting their rights and interests. We work diligently to provide distinguished services worthy of our dear homeland.

This website provides you with:
• Electronic submission of consular service applications
• Tracking the status of transactions
• Appointment booking
• Obtaining information and guidance
• Direct communication with the Consulate

We at the Consulate are committed to providing the best services, and we welcome your comments and suggestions that help us continuously develop and improve.

I ask Allah Almighty to protect Sudan and its people, and to perpetuate the security, stability, and prosperity of the Kingdom of Saudi Arabia.

Please accept my highest respect and appreciation,

The Consul General
Consulate General of the Republic of Sudan in Jeddah', NULL, 1, true, '2025-12-18T08:55:39.203778+00:00', '2025-12-18T08:55:39.203778+00:00', NULL, NULL),
  ('c2a04b2c-4b84-4ac7-baca-d532904ea14c', 'about_consulate', 'نبذة عن القنصلية', 'About the Consulate', 'القنصلية العامة لجمهورية السودان بجدة هي الممثل الرسمي لحكومة جمهورية السودان في المنطقة الغربية من المملكة العربية السعودية.

تأسست القنصلية لخدمة الجالية السودانية الكريمة في المملكة العربية السعودية، والتي تعد من أكبر الجاليات العربية المقيمة في المملكة.

رؤيتنا:
أن نكون القنصلية النموذجية في تقديم خدمات قنصلية متميزة وسريعة وميسرة لأبناء الجالية السودانية.

رسالتنا:
تقديم خدمات قنصلية عالية الجودة، وحماية حقوق ومصالح المواطنين السودانيين، وتعزيز العلاقات الثنائية بين السودان والمملكة العربية السعودية.

خدماتنا تشمل:
• إصدار وتجديد جوازات السفر
• توثيق المستندات والوثائق
• الوكالات القانونية
• خدمات الأحوال المدنية
• الخدمات التعليمية والثقافية
• الخدمات الاجتماعية
• متابعة قضايا ومشاكل المواطنين

نحن هنا لخدمتكم دائماً', 'The Consulate General of the Republic of Sudan in Jeddah is the official representative of the Government of the Republic of Sudan in the Western Region of the Kingdom of Saudi Arabia.

The Consulate was established to serve the esteemed Sudanese community in the Kingdom of Saudi Arabia, which is one of the largest Arab communities residing in the Kingdom.

Our Vision:
To be the model consulate in providing distinguished, fast, and facilitated consular services to members of the Sudanese community.

Our Mission:
Providing high-quality consular services, protecting the rights and interests of Sudanese citizens, and strengthening bilateral relations between Sudan and the Kingdom of Saudi Arabia.

Our services include:
• Issuing and renewing passports
• Authentication of documents
• Legal power of attorney
• Civil status services
• Educational and cultural services
• Social services
• Follow-up on citizens'' issues and problems

We are always here to serve you', NULL, 2, true, '2025-12-18T08:55:39.203778+00:00', '2025-12-18T08:55:39.203778+00:00', NULL, NULL)
ON CONFLICT DO NOTHING;

-- Data for table: ambassadors
-- Rows: 3

INSERT INTO public.ambassadors (id, name_ar, name_en, photo_url, biography_ar, biography_en, term_start_date, term_end_date, is_current, order_index, is_active, created_at, updated_at, created_by, updated_by)
VALUES
  ('195bb9c3-2175-4bf1-9984-90dc61859cf5', 'السفير محمد أحمد الصادق', 'Ambassador Mohamed Ahmed Al-Sadiq', NULL, 'السفير محمد أحمد الصادق هو القنصل العام الحالي لجمهورية السودان في جدة.

المؤهلات العلمية:
• بكالوريوس في العلوم السياسية - جامعة الخرطوم
• ماجستير في العلاقات الدولية - جامعة القاهرة
• دبلوم في الدراسات الدبلوماسية - معهد الدراسات الدبلوماسية بالخرطوم

الخبرات العملية:
• سفير سابق في عدة دول
• مدير إدارة الشؤون العربية بوزارة الخارجية السودانية
• عمل في عدة بعثات دبلوماسية سودانية
• خبرة تزيد عن 25 عاماً في العمل الدبلوماسي

الإنجازات:
• تطوير وتحديث الخدمات القنصلية
• تعزيز العلاقات السودانية السعودية
• حل العديد من قضايا المواطنين
• إطلاق نظام الخدمات الإلكترونية

اللغات:
• العربية (اللغة الأم)
• الإنجليزية (إجادة تامة)
• الفرنسية (جيد)', 'Ambassador Mohamed Ahmed Al-Sadiq is the current Consul General of the Republic of Sudan in Jeddah.

Academic Qualifications:
• Bachelor''s in Political Science - University of Khartoum
• Master''s in International Relations - Cairo University
• Diploma in Diplomatic Studies - Institute of Diplomatic Studies, Khartoum

Professional Experience:
• Former Ambassador to several countries
• Director of Arab Affairs Department at the Sudanese Ministry of Foreign Affairs
• Worked in several Sudanese diplomatic missions
• Over 25 years of experience in diplomatic work

Achievements:
• Development and modernization of consular services
• Strengthening Sudanese-Saudi relations
• Resolving many citizens'' issues
• Launching electronic services system

Languages:
• Arabic (Native)
• English (Fluent)
• French (Good)', '2022-01-15', NULL, true, 1, true, '2025-12-18T08:55:39.203778+00:00', '2025-12-18T08:55:39.203778+00:00', NULL, NULL),
  ('1bac7bb4-157c-4826-b30e-fdcedf70b841', 'السفير عبد الرحمن علي حسن', 'Ambassador Abdulrahman Ali Hassan', NULL, 'السفير عبد الرحمن علي حسن شغل منصب القنصل العام لجمهورية السودان في جدة خلال الفترة من 2018 إلى 2021.

قام خلال فترة عمله بتحديث العديد من الإجراءات القنصلية وتطوير خدمات الجالية السودانية. كان له دور بارز في تعزيز العلاقات الثنائية بين السودان والمملكة العربية السعودية.

من إنجازاته:
• تحسين أوقات إنجاز المعاملات
• افتتاح مكاتب استقبال جديدة
• تطوير نظام المواعيد
• تعزيز التواصل مع الجالية', 'Ambassador Abdulrahman Ali Hassan served as Consul General of the Republic of Sudan in Jeddah from 2018 to 2021.

During his tenure, he updated many consular procedures and developed services for the Sudanese community. He played a prominent role in strengthening bilateral relations between Sudan and the Kingdom of Saudi Arabia.

His achievements include:
• Improving transaction completion times
• Opening new reception offices
• Developing the appointment system
• Enhancing communication with the community', '2018-03-01', '2021-12-31', false, 2, true, '2025-12-18T08:55:39.203778+00:00', '2025-12-18T08:55:39.203778+00:00', NULL, NULL),
  ('a094405d-114c-4ef0-b8e1-baed98657733', 'السفير خالد محمد إبراهيم', 'Ambassador Khaled Mohamed Ibrahim', NULL, 'السفير خالد محمد إبراهيم خدم كقنصل عام لجمهورية السودان في جدة من 2015 إلى 2018.

تميزت فترة عمله بالاهتمام بالشؤون الاجتماعية للجالية والعمل على حل المشكلات والقضايا التي تواجه المواطنين السودانيين في المملكة.

من مساهماته:
• إنشاء قاعدة بيانات للجالية
• تطوير الخدمات الاجتماعية
• تعزيز التعاون مع السلطات السعودية', 'Ambassador Khaled Mohamed Ibrahim served as Consul General of the Republic of Sudan in Jeddah from 2015 to 2018.

His tenure was characterized by attention to the social affairs of the community and working to solve problems and issues facing Sudanese citizens in the Kingdom.

His contributions include:
• Creating a community database
• Developing social services
• Strengthening cooperation with Saudi authorities', '2015-06-01', '2018-02-28', false, 3, true, '2025-12-18T08:55:39.203778+00:00', '2025-12-18T08:55:39.203778+00:00', NULL, NULL)
ON CONFLICT DO NOTHING;

-- Data for table: services_guide_sections
-- Rows: 8

INSERT INTO public.services_guide_sections (id, title_ar, title_en, content_ar, content_en, step_number, image_url, video_url, order_index, is_active, created_at, updated_at, created_by, updated_by)
VALUES
  ('edb72045-b1a7-4ec5-80d4-6a2679d1818f', 'التسجيل في الموقع الإلكتروني', 'Website Registration', 'الخطوة الأولى لاستخدام خدمات القنصلية الإلكترونية هي التسجيل في الموقع:

1. انقر على زر "إنشاء حساب" في أعلى الصفحة
2. أدخل معلوماتك الشخصية:
- الاسم الكامل
- رقم الهاتف
- البريد الإلكتروني
- رقم الجواز أو الرقم الوطني
3. اختر كلمة مرور قوية
4. أدخل رمز التحقق المرسل إلى هاتفك
5. اضغط على "تسجيل"

ملاحظات مهمة:
• احتفظ ببيانات الدخول في مكان آمن
• استخدم بريد إلكتروني نشط
• تأكد من صحة رقم الهاتف للتواصل', 'The first step to using the Consulate''s electronic services is to register on the website:

1. Click the "Create Account" button at the top of the page
2. Enter your personal information:
- Full name
- Phone number
- Email address
- Passport or National ID number
3. Choose a strong password
4. Enter the verification code sent to your phone
5. Click "Register"

Important notes:
• Keep your login credentials in a safe place
• Use an active email address
• Ensure the phone number is correct for communication', 1, NULL, NULL, 1, true, '2025-12-18T08:55:39.203778+00:00', '2025-12-18T08:55:39.203778+00:00', NULL, NULL),
  ('0ff61c6f-2e50-47a4-8d03-6c0a14028eb7', 'اختيار الخدمة المطلوبة', 'Selecting the Required Service', 'بعد تسجيل الدخول، يمكنك اختيار الخدمة القنصلية المطلوبة:

1. من القائمة الرئيسية، اختر "الخدمات القنصلية"
2. ستظهر لك قائمة بجميع الخدمات المتاحة:
- جوازات السفر
- التوثيقات والشهادات
- الوكالات القانونية
- خدمات الأحوال المدنية
- الخدمات التعليمية
- وغيرها
3. اضغط على الخدمة المطلوبة
4. اقرأ الشروط والمتطلبات بعناية
5. اضغط على "تقديم طلب"

نصيحة:
راجع قائمة المستندات المطلوبة قبل البدء في تعبئة الطلب لتجهيزها مسبقاً.', 'After logging in, you can select the required consular service:

1. From the main menu, select "Consular Services"
2. A list of all available services will appear:
- Passports
- Attestations and certificates
- Legal power of attorney
- Civil status services
- Educational services
- And others
3. Click on the required service
4. Read the terms and requirements carefully
5. Click "Submit Application"

Tip:
Review the list of required documents before starting to fill out the application to prepare them in advance.', 2, NULL, NULL, 2, true, '2025-12-18T08:55:39.203778+00:00', '2025-12-18T08:55:39.203778+00:00', NULL, NULL),
  ('7ce4f14b-3efd-4bf0-bfa7-173c609ef597', 'تعبئة نموذج الطلب', 'Filling Out the Application Form', 'قم بتعبئة جميع حقول النموذج بدقة واهتمام:

1. املأ المعلومات الشخصية:
- الاسم الكامل كما في الجواز
- تاريخ الميلاد
- الجنسية
- مكان الإقامة الحالي
2. أدخل معلومات الاتصال:
- رقم الهاتف
- البريد الإلكتروني
- العنوان
3. املأ البيانات الخاصة بالخدمة المطلوبة
4. راجع جميع المعلومات قبل الحفظ

تنبيهات:
• تأكد من صحة جميع البيانات المدخلة
• الأسماء يجب أن تكون مطابقة للوثائق الرسمية
• استخدم أرقام هواتف نشطة
• يمكنك حفظ النموذج والعودة لإكماله لاحقاً', 'Fill out all form fields accurately and carefully:

1. Complete personal information:
- Full name as it appears in passport
- Date of birth
- Nationality
- Current place of residence
2. Enter contact information:
- Phone number
- Email address
- Address
3. Fill in the data specific to the required service
4. Review all information before saving

Alerts:
• Ensure all entered data is correct
• Names must match official documents
• Use active phone numbers
• You can save the form and return to complete it later', 3, NULL, NULL, 3, true, '2025-12-18T08:55:39.203778+00:00', '2025-12-18T08:55:39.203778+00:00', NULL, NULL),
  ('eb1a5310-362b-4bb5-b796-0aef248f95fb', 'رفع المستندات المطلوبة', 'Uploading Required Documents', 'يجب رفع جميع المستندات المطلوبة للخدمة:

1. قم بمسح أو تصوير المستندات بوضوح
2. تأكد من أن الصورة واضحة وقابلة للقراءة
3. الصيغ المقبولة: PDF, JPG, PNG
4. الحجم الأقصى لكل ملف: 5 ميجابايت
5. اضغط على "رفع ملف" لكل مستند
6. انتظر حتى يكتمل الرفع

المستندات الأساسية عادة تشمل:
• صورة جواز السفر
• صورة الإقامة (إن وجدت)
• الصورة الشخصية
• مستندات إضافية حسب نوع الخدمة

ملاحظة: المستندات غير الواضحة أو المعيبة قد تؤدي لرفض الطلب.', 'All required documents for the service must be uploaded:

1. Scan or photograph documents clearly
2. Ensure the image is clear and readable
3. Accepted formats: PDF, JPG, PNG
4. Maximum file size: 5 MB
5. Click "Upload File" for each document
6. Wait until upload is complete

Basic documents usually include:
• Passport photo
• Residence photo (if available)
• Personal photo
• Additional documents according to service type

Note: Unclear or defective documents may lead to application rejection.', 4, NULL, NULL, 4, true, '2025-12-18T08:55:39.203778+00:00', '2025-12-18T08:55:39.203778+00:00', NULL, NULL),
  ('29d03626-fd70-4156-936f-623674a29a4d', 'الدفع الإلكتروني', 'Electronic Payment', 'بعد إكمال النموذج ورفع المستندات، يجب دفع رسوم الخدمة:

1. ستظهر لك تفاصيل الفاتورة مع المبلغ المطلوب
2. اختر طريقة الدفع المناسبة:
- بطاقة ائتمان/مدى
- Apple Pay
- STCPay
- تحويل بنكي
3. أدخل بيانات الدفع بشكل صحيح
4. اضغط على "إتمام الدفع"
5. انتظر رسالة تأكيد الدفع

بعد الدفع الناجح:
• ستحصل على إيصال إلكتروني
• سيتم تفعيل الطلب تلقائياً
• ستصلك رسالة تأكيد عبر البريد الإلكتروني والرسائل القصيرة

تنبيه: احتفظ برقم الإيصال للمتابعة والاستعلام.', 'After completing the form and uploading documents, you must pay the service fees:

1. Invoice details with the required amount will be displayed
2. Choose the appropriate payment method:
- Credit/Debit Card
- Apple Pay
- STCPay
- Bank Transfer
3. Enter payment information correctly
4. Click "Complete Payment"
5. Wait for payment confirmation message

After successful payment:
• You will receive an electronic receipt
• The application will be automatically activated
• You will receive a confirmation message via email and SMS

Alert: Keep the receipt number for follow-up and inquiry.', 5, NULL, NULL, 5, true, '2025-12-18T08:55:39.203778+00:00', '2025-12-18T08:55:39.203778+00:00', NULL, NULL),
  ('32ab6d34-7648-43ee-8528-bb11f2fb3dda', 'حجز موعد القنصلية', 'Booking Consulate Appointment', 'بعض الخدمات تتطلب حضوراً شخصياً في القنصلية:

1. بعد تقديم الطلب، اختر "حجز موعد"
2. اختر التاريخ المناسب من التقويم
3. اختر الوقت المتاح
4. قم بتأكيد الموعد
5. ستصلك رسالة تأكيد تحتوي على:
- رقم الموعد
- التاريخ والوقت
- المستندات المطلوب إحضارها
- تعليمات الحضور

عند الحضور للقنصلية:
• أحضر المستندات الأصلية
• التزم بالوقت المحدد
• أحضر نسخة من تأكيد الموعد
• ارتدِ ملابس محتشمة

ملاحظة: يمكنك إلغاء أو تعديل الموعد قبل 24 ساعة على الأقل.', 'Some services require personal attendance at the Consulate:

1. After submitting the application, select "Book Appointment"
2. Choose the appropriate date from the calendar
3. Select available time
4. Confirm the appointment
5. You will receive a confirmation message containing:
- Appointment number
- Date and time
- Documents required to bring
- Attendance instructions

When attending the Consulate:
• Bring original documents
• Adhere to the specified time
• Bring a copy of the appointment confirmation
• Wear modest clothing

Note: You can cancel or modify the appointment at least 24 hours in advance.', 6, NULL, NULL, 6, true, '2025-12-18T08:55:39.203778+00:00', '2025-12-18T08:55:39.203778+00:00', NULL, NULL),
  ('e990a60e-42d0-43a6-ad89-06be6ef521d4', 'تتبع حالة الطلب', 'Tracking Application Status', 'يمكنك متابعة حالة طلبك في أي وقت:

1. سجل الدخول إلى حسابك
2. اذهب إلى "طلباتي"
3. اختر الطلب الذي تريد متابعته
4. ستظهر لك حالة الطلب:
- قيد المراجعة
- تم القبول
- قيد المعالجة
- جاهز للاستلام
- مكتمل

يمكنك أيضاً:
• تتبع الطلب برقم المرجع من صفحة "تتبع المعاملة"
• استلام إشعارات عند تغيير الحالة
• التواصل مع القنصلية للاستفسار

طرق الاستعلام:
• عبر الموقع الإلكتروني
• عبر رسالة SMS
• عبر البريد الإلكتروني
• بالاتصال الهاتفي', 'You can follow the status of your application at any time:

1. Log in to your account
2. Go to "My Applications"
3. Select the application you want to follow
4. The application status will be displayed:
- Under Review
- Accepted
- In Processing
- Ready for Collection
- Completed

You can also:
• Track the application by reference number from the "Track Transaction" page
• Receive notifications when status changes
• Contact the Consulate for inquiries

Inquiry methods:
• Via the website
• Via SMS message
• Via email
• By phone call', 7, NULL, NULL, 7, true, '2025-12-18T08:55:39.203778+00:00', '2025-12-18T08:55:39.203778+00:00', NULL, NULL),
  ('311ab57a-76c8-4dbf-897d-c480aa0e2dd4', 'استلام الوثيقة', 'Document Collection', 'بعد اكتمال معالجة طلبك:

1. ستصلك رسالة إشعار بجاهزية الوثيقة
2. اختر طريقة الاستلام:
• الاستلام من القنصلية مباشرة
• الشحن عبر شركة الشحن

للاستلام من القنصلية:
• أحضر بطاقة الهوية الأصلية
• أحضر إيصال الدفع
• أحضر رقم الطلب
• التزم بأوقات الدوام الرسمي

للشحن:
• اختر شركة الشحن المفضلة
• أدخل عنوان الشحن بدقة
• ادفع رسوم الشحن
• تابع رحلة الشحن

مهم:
• تحقق من صحة البيانات في الوثيقة فور استلامها
• أي ملاحظات يجب إبلاغ القنصلية بها فوراً
• احتفظ بالوثيقة في مكان آمن', 'After your application processing is complete:

1. You will receive a notification message that the document is ready
2. Choose the collection method:
• Direct collection from the Consulate
• Shipping via shipping company

For collection from the Consulate:
• Bring original ID card
• Bring payment receipt
• Bring application number
• Adhere to official working hours

For shipping:
• Choose preferred shipping company
• Enter shipping address accurately
• Pay shipping fees
• Track the shipment

Important:
• Verify the accuracy of the data in the document upon receipt
• Any comments must be reported to the Consulate immediately
• Keep the document in a safe place', 8, NULL, NULL, 8, true, '2025-12-18T08:55:39.203778+00:00', '2025-12-18T08:55:39.203778+00:00', NULL, NULL)
ON CONFLICT DO NOTHING;

-- Data for table: important_links
-- Rows: 15

INSERT INTO public.important_links (id, title_ar, title_en, description_ar, description_en, url, category, icon, order_index, is_active, opens_new_tab, created_at, updated_at, created_by, updated_by)
VALUES
  ('afcc7d6f-d06b-4be1-9ae3-c8a853fe3483', 'وزارة الخارجية السودانية', 'Sudanese Ministry of Foreign Affairs', 'الموقع الرسمي لوزارة الخارجية السودانية', 'Official website of the Sudanese Ministry of Foreign Affairs', 'https://www.mofa.gov.sd', 'ministry', NULL, 1, true, true, '2025-12-18T08:55:39.203778+00:00', '2025-12-18T08:55:39.203778+00:00', NULL, NULL),
  ('58e3531e-463a-41c8-9af5-2c53192e289f', 'رئاسة الجمهورية', 'Presidency of the Republic', 'الموقع الرسمي لرئاسة جمهورية السودان', 'Official website of the Presidency of the Republic of Sudan', 'https://www.presidency.gov.sd', 'government', NULL, 2, true, true, '2025-12-18T08:55:39.203778+00:00', '2025-12-18T08:55:39.203778+00:00', NULL, NULL),
  ('1ea0ca5e-8fb7-434c-96bc-d145c57b86e0', 'مجلس الوزراء السوداني', 'Sudanese Council of Ministers', 'الموقع الرسمي لمجلس الوزراء', 'Official website of the Council of Ministers', 'https://www.sudan.gov.sd', 'government', NULL, 3, true, true, '2025-12-18T08:55:39.203778+00:00', '2025-12-18T08:55:39.203778+00:00', NULL, NULL),
  ('552bf814-0d46-49b6-b369-1dd4237ed98b', 'وزارة الداخلية', 'Ministry of Interior', 'الموقع الرسمي لوزارة الداخلية السودانية', 'Official website of the Sudanese Ministry of Interior', 'https://www.moi.gov.sd', 'ministry', NULL, 4, true, true, '2025-12-18T08:55:39.203778+00:00', '2025-12-18T08:55:39.203778+00:00', NULL, NULL),
  ('333e35bf-36ca-408f-a2a8-7af22f3bdab1', 'وزارة العدل', 'Ministry of Justice', 'الموقع الرسمي لوزارة العدل السودانية', 'Official website of the Sudanese Ministry of Justice', 'https://www.moj.gov.sd', 'ministry', NULL, 5, true, true, '2025-12-18T08:55:39.203778+00:00', '2025-12-18T08:55:39.203778+00:00', NULL, NULL),
  ('2ba7c9d3-9b25-484b-8ac3-d3bba4fb55c2', 'وزارة التربية والتعليم', 'Ministry of Education', 'الموقع الرسمي لوزارة التربية والتعليم', 'Official website of the Ministry of Education', 'https://www.moe.gov.sd', 'education', NULL, 6, true, true, '2025-12-18T08:55:39.203778+00:00', '2025-12-18T08:55:39.203778+00:00', NULL, NULL),
  ('40637cdb-5886-4d38-9308-277a663c5966', 'وزارة التعليم العالي والبحث العلمي', 'Ministry of Higher Education', 'الموقع الرسمي لوزارة التعليم العالي والبحث العلمي', 'Official website of the Ministry of Higher Education', 'https://www.mohe.gov.sd', 'education', NULL, 7, true, true, '2025-12-18T08:55:39.203778+00:00', '2025-12-18T08:55:39.203778+00:00', NULL, NULL),
  ('ec366ef4-798f-4009-846f-b1ccba04ecea', 'منصة أبشر', 'Absher Platform', 'منصة أبشر للخدمات الإلكترونية في المملكة', 'Absher platform for electronic services in the Kingdom', 'https://www.absher.sa', 'government', NULL, 8, true, true, '2025-12-18T08:55:39.203778+00:00', '2025-12-18T08:55:39.203778+00:00', NULL, NULL),
  ('f10def72-efaf-430f-af5f-6c597bbef0cb', 'المديرية العامة للجوازات', 'General Directorate of Passports', 'المديرية العامة للجوازات - المملكة العربية السعودية', 'General Directorate of Passports - Saudi Arabia', 'https://www.gdp.gov.sa', 'government', NULL, 9, true, true, '2025-12-18T08:55:39.203778+00:00', '2025-12-18T08:55:39.203778+00:00', NULL, NULL),
  ('8bfc831a-e45e-4d9b-9802-546aca1e5ed1', 'وزارة الخارجية السعودية', 'Saudi Ministry of Foreign Affairs', 'الموقع الرسمي لوزارة الخارجية السعودية', 'Official website of Saudi Ministry of Foreign Affairs', 'https://www.mofa.gov.sa', 'ministry', NULL, 10, true, true, '2025-12-18T08:55:39.203778+00:00', '2025-12-18T08:55:39.203778+00:00', NULL, NULL),
  ('e1d7903c-eddb-487f-bd9c-4f1a6badf8cb', 'الأمم المتحدة', 'United Nations', 'موقع الأمم المتحدة', 'United Nations website', 'https://www.un.org', 'general', NULL, 11, true, true, '2025-12-18T08:55:39.203778+00:00', '2025-12-18T08:55:39.203778+00:00', NULL, NULL),
  ('fa68a40b-b082-4c1d-82fd-d18e61e7940f', 'جامعة الدول العربية', 'Arab League', 'الموقع الرسمي لجامعة الدول العربية', 'Official website of the Arab League', 'https://www.arableagueonline.org', 'general', NULL, 12, true, true, '2025-12-18T08:55:39.203778+00:00', '2025-12-18T08:55:39.203778+00:00', NULL, NULL),
  ('237776e4-827a-47ca-bba2-4ef0d5553ffe', 'البنك المركزي السوداني', 'Central Bank of Sudan', 'الموقع الرسمي للبنك المركزي السوداني', 'Official website of the Central Bank of Sudan', 'https://www.cbos.gov.sd', 'general', NULL, 13, true, true, '2025-12-18T08:55:39.203778+00:00', '2025-12-18T08:55:39.203778+00:00', NULL, NULL),
  ('935bee05-f617-4f6b-a747-75359687966a', 'هيئة الطيران المدني السوداني', 'Sudan Civil Aviation Authority', 'الموقع الرسمي لهيئة الطيران المدني', 'Official website of Sudan Civil Aviation Authority', 'https://www.scaa.gov.sd', 'general', NULL, 14, true, true, '2025-12-18T08:55:39.203778+00:00', '2025-12-18T08:55:39.203778+00:00', NULL, NULL),
  ('120f6c9c-06d5-48eb-8a9c-d583e5b2c359', 'حجز الجوازات', 'Consular Services Integrated with the Baladna Platform', '', NULL, 'https://queue.passports.gov.sd/app/first/z2kt13iic/confirm', 'government', NULL, 0, true, true, '2025-12-19T07:08:52.182149+00:00', '2025-12-19T07:08:51.913+00:00', 'ce268269-e837-4249-a931-54b9d9f7b38b', 'ce268269-e837-4249-a931-54b9d9f7b38b')
ON CONFLICT DO NOTHING;

-- Data for table: additional_pages
-- Rows: 1

INSERT INTO public.additional_pages (id, slug, title_ar, title_en, subtitle_ar, subtitle_en, hero_image_url, is_active, show_in_menu, menu_order, created_at, updated_at)
VALUES
  ('9a7d41a2-fd26-49a7-8705-96a12389f6d2', 'karama-battle', 'معركة الكرامة', 'Battle of Dignity', 'صمود الشعب السوداني في الدفاع عن وحدة الأرض والشعب', 'The Sudanese people''s resilience in defending the unity of land and people', 'https://images.pexels.com/photos/3551836/pexels-photo-3551836.jpeg', true, true, 3, '2025-12-18T11:41:47.903258+00:00', '2025-12-18T11:41:47.903258+00:00')
ON CONFLICT DO NOTHING;

-- No data in system_announcements

-- No data in contact_messages

-- Data for table: chatbot_categories
-- Rows: 9

INSERT INTO public.chatbot_categories (id, name_ar, name_en, icon, display_order, is_active, created_at, updated_at)
VALUES
  ('e8b2d56e-0c45-4deb-8608-437fdf75b896', 'معلومات عامة', 'General Information', '📋', 1, true, '2025-12-12T12:45:12.645945+00:00', '2025-12-12T12:45:12.645945+00:00'),
  ('fc0a2efe-1779-4840-8475-188563a800cf', 'الجوازات', 'Passports', '🛂', 2, true, '2025-12-12T12:45:12.645945+00:00', '2025-12-12T12:45:12.645945+00:00'),
  ('8e9cefbd-fa99-4dc7-9419-6bdeb6b191ba', 'التصديقات', 'Attestations', '✅', 3, true, '2025-12-12T12:45:12.645945+00:00', '2025-12-12T12:45:12.645945+00:00'),
  ('146e7bcd-4bfa-4796-bd08-3d97a939b4c2', 'الوكالات', 'Power of Attorney', '📝', 4, true, '2025-12-12T12:45:12.645945+00:00', '2025-12-12T12:45:12.645945+00:00'),
  ('a855da0e-78a4-445b-be41-3c9e663b7527', 'الخدمات التعليمية', 'Educational Services', '🎓', 5, true, '2025-12-12T12:45:12.645945+00:00', '2025-12-12T12:45:12.645945+00:00'),
  ('a7ee924f-e76c-49aa-94cc-57d2ab73b641', 'المواعيد والحجوزات', 'Appointments', '📅', 6, true, '2025-12-12T12:45:12.645945+00:00', '2025-12-12T12:45:12.645945+00:00'),
  ('9cd967e9-0801-407c-bd4f-a8dd72b78ac9', 'تتبع الطلبات', 'Track Applications', '📦', 7, true, '2025-12-12T12:45:12.645945+00:00', '2025-12-12T12:45:12.645945+00:00'),
  ('a5e7db0c-5ced-49a0-acc9-2a72a310797c', 'الرسوم والدفع', 'Fees & Payment', '💳', 8, true, '2025-12-12T12:45:12.645945+00:00', '2025-12-12T12:45:12.645945+00:00'),
  ('45ea40e6-8f65-46f7-a693-03023b8e0cf6', 'الدعم الفني', 'Technical Support', '🔧', 9, true, '2025-12-12T12:45:12.645945+00:00', '2025-12-12T12:45:12.645945+00:00')
ON CONFLICT DO NOTHING;

-- Data for table: chatbot_questions_answers
-- Rows: 28

INSERT INTO public.chatbot_questions_answers (id, category_id, question_ar, question_en, answer_ar, answer_en, keywords, priority, is_active, usage_count, helpful_count, not_helpful_count, created_by, created_at, updated_at)
VALUES
  ('6cda1d56-089a-4a35-a528-703c07f3b98d', 'e8b2d56e-0c45-4deb-8608-437fdf75b896', 'ما هي مواعيد عمل القنصلية؟', NULL, 'مواعيد عمل القنصلية من الأحد إلى الخميس من الساعة 9 صباحاً حتى 5 مساءً. نحن مغلقون أيام الجمعة والسبت والعطلات الرسمية.', NULL, '["مواعيد","عمل","دوام","ساعات"]'::jsonb, 10, true, 0, 0, 0, NULL, '2025-12-12T12:45:12.645945+00:00', '2025-12-12T12:45:12.645945+00:00'),
  ('a1fe89f9-1e21-4730-be1b-16f6d682b5c0', 'e8b2d56e-0c45-4deb-8608-437fdf75b896', 'كيف يمكنني التواصل مع القنصلية؟', NULL, 'يمكنك التواصل معنا عبر الهاتف، البريد الإلكتروني، أو من خلال نموذج الاتصال على موقعنا. كما يمكنك زيارتنا شخصياً خلال ساعات العمل الرسمية.', NULL, '["تواصل","اتصال","هاتف","بريد"]'::jsonb, 9, true, 0, 0, 0, NULL, '2025-12-12T12:45:12.645945+00:00', '2025-12-12T12:45:12.645945+00:00'),
  ('9eafacc4-ba52-4331-bc9e-0f19c9867e25', 'fc0a2efe-1779-4840-8475-188563a800cf', 'كيف أقدم طلب جواز سفر جديد؟', NULL, 'لتقديم طلب جواز سفر جديد: 1) قم بتسجيل الدخول إلى الموقع 2) اختر خدمة "جوازات السفر" 3) املأ النموذج بالبيانات المطلوبة 4) أرفق المستندات المطلوبة 5) ادفع الرسوم 6) احجز موعد لاستلام الجواز.', NULL, '["جواز","جواز سفر","إصدار","جديد"]'::jsonb, 10, true, 0, 0, 0, NULL, '2025-12-12T12:45:12.645945+00:00', '2025-12-12T12:45:12.645945+00:00'),
  ('c03e9214-b69f-4b2c-a9f6-a61ad6d80321', 'fc0a2efe-1779-4840-8475-188563a800cf', 'ما هي المستندات المطلوبة لتجديد الجواز؟', NULL, 'المستندات المطلوبة لتجديد الجواز: 1) صورة من الجواز القديم 2) صورة شخصية حديثة 3) صورة من الإقامة السارية 4) استمارة التجديد معبأة. يرجى التأكد من أن جميع المستندات واضحة ومقروءة.', NULL, '["تجديد","جواز","مستندات","وثائق"]'::jsonb, 10, true, 0, 0, 0, NULL, '2025-12-12T12:45:12.645945+00:00', '2025-12-12T12:45:12.645945+00:00'),
  ('1363fb33-258c-4880-b0b7-8774d559cec4', 'fc0a2efe-1779-4840-8475-188563a800cf', 'كم تستغرق مدة إصدار الجواز؟', NULL, 'مدة إصدار الجواز عادة من 7 إلى 14 يوم عمل بعد تقديم الطلب الكامل ودفع الرسوم. يمكنك تتبع حالة طلبك من خلال صفحة تتبع الطلبات باستخدام الرقم المرجعي.', NULL, '["مدة","كم يوم","استغرق","وقت"]'::jsonb, 9, true, 0, 0, 0, NULL, '2025-12-12T12:45:12.645945+00:00', '2025-12-12T12:45:12.645945+00:00'),
  ('08c20f26-0d23-40b3-8216-96d517eb21c2', 'fc0a2efe-1779-4840-8475-188563a800cf', 'ما هي رسوم إصدار الجواز؟', NULL, 'رسوم إصدار الجواز تختلف حسب نوع الجواز ومدة صلاحيته. يمكنك الاطلاع على قائمة الرسوم الكاملة عند اختيار الخدمة. الرسوم تدفع إلكترونياً عبر الموقع.', NULL, '["رسوم","تكلفة","سعر","مبلغ"]'::jsonb, 9, true, 0, 0, 0, NULL, '2025-12-12T12:45:12.645945+00:00', '2025-12-12T12:45:12.645945+00:00'),
  ('926eae6b-a8a5-4ade-8eef-38dfd2f10227', '8e9cefbd-fa99-4dc7-9419-6bdeb6b191ba', 'كيف أطلب تصديق شهادة تعليمية؟', NULL, 'لطلب تصديق شهادة تعليمية: 1) اختر خدمة "التصديقات" 2) حدد نوع الشهادة 3) أرفق صورة واضحة من الشهادة الأصلية 4) أرفق المستندات الداعمة 5) ادفع الرسوم. سنتواصل معك بعد مراجعة الطلب.', NULL, '["شهادة","تعليمية","تصديق","دراسية"]'::jsonb, 10, true, 0, 0, 0, NULL, '2025-12-12T12:45:12.645945+00:00', '2025-12-12T12:45:12.645945+00:00'),
  ('a8782b52-cfe7-4f0f-ab62-fe35764ce204', '8e9cefbd-fa99-4dc7-9419-6bdeb6b191ba', 'هل يمكن إرسال المستندات للتصديق بالبريد؟', NULL, 'نعم، يمكن إرسال المستندات للتصديق من خلال شركات الشحن المعتمدة. يرجى التأكد من تعبئة نموذج الطلب إلكترونياً أولاً والحصول على رقم مرجعي قبل إرسال المستندات.', NULL, '["بريد","شحن","إرسال","توصيل"]'::jsonb, 8, true, 0, 0, 0, NULL, '2025-12-12T12:45:12.645945+00:00', '2025-12-12T12:45:12.645945+00:00'),
  ('d1b13da8-7ff6-4d0b-a010-00313fcd4875', '146e7bcd-4bfa-4796-bd08-3d97a939b4c2', 'ما هي الوكالة وما استخداماتها؟', NULL, 'الوكالة هي مستند قانوني يخول شخصاً (الوكيل) بالتصرف نيابة عن شخص آخر (الموكل). تستخدم الوكالات في المعاملات العقارية، البنكية، التجارية، والإجراءات الحكومية.', NULL, '["وكالة","توكيل","ما هي"]'::jsonb, 9, true, 0, 0, 0, NULL, '2025-12-12T12:45:12.645945+00:00', '2025-12-12T12:45:12.645945+00:00'),
  ('f805761a-db28-41e2-a364-356b534bdb15', '146e7bcd-4bfa-4796-bd08-3d97a939b4c2', 'كيف أستخرج وكالة عامة؟', NULL, 'لاستخراج وكالة عامة: 1) اختر خدمة "الوكالات" 2) حدد نوع الوكالة (عامة) 3) املأ بيانات الموكل والوكيل 4) حدد صلاحيات الوكالة 5) احجز موعد لتوقيع الوكالة في القنصلية بحضور الموكل شخصياً.', NULL, '["وكالة عامة","استخراج","إصدار"]'::jsonb, 10, true, 0, 0, 0, NULL, '2025-12-12T12:45:12.645945+00:00', '2025-12-12T12:45:12.645945+00:00'),
  ('5552f6b4-59b8-4e4e-9d74-bd0dcca149e2', '146e7bcd-4bfa-4796-bd08-3d97a939b4c2', 'هل يجب حضور الموكل شخصياً؟', NULL, 'نعم، يجب حضور الموكل شخصياً إلى القنصلية لتوقيع الوكالة أمام الموظف المختص. يجب إحضار الجواز الأصلي والإقامة السارية.', NULL, '["حضور","شخصياً","موكل"]'::jsonb, 9, true, 0, 0, 0, NULL, '2025-12-12T12:45:12.645945+00:00', '2025-12-12T12:45:12.645945+00:00'),
  ('3d3e51ef-0fd1-4413-9a3f-7c1a717e80d5', 'a855da0e-78a4-445b-be41-3c9e663b7527', 'كيف أسجل أبنائي في الخدمات التعليمية؟', NULL, 'لتسجيل الأبناء في الخدمات التعليمية: 1) اختر "الخدمات التعليمية" 2) حدد نوع الخدمة (ابتدائي/متوسط/ثانوي) 3) املأ بيانات الطالب 4) أرفق المستندات المطلوبة 5) ادفع الرسوم. سيتم التواصل معك لتحديد موعد الامتحان إن لزم.', NULL, '["تعليم","مدرسة","أبناء","تسجيل"]'::jsonb, 10, true, 0, 0, 0, NULL, '2025-12-12T12:45:12.645945+00:00', '2025-12-12T12:45:12.645945+00:00'),
  ('7fdce39b-46ae-485d-a177-dae5de2db2af', 'e8b2d56e-0c45-4deb-8608-437fdf75b896', 'أين يقع مقر القنصلية؟', NULL, 'القنصلية العامة لجمهورية السودان في المملكة العربية السعودية. يمكنك العثور على العنوان الكامل ورقم الهاتف في صفحة اتصل بنا.', NULL, '["موقع","عنوان","مكان","أين"]'::jsonb, 10, true, 1, 0, 0, NULL, '2025-12-12T12:45:12.645945+00:00', '2025-12-19T11:20:59.655328+00:00'),
  ('b59a0c28-b1a3-48a2-8727-c4ee3a7080f6', '8e9cefbd-fa99-4dc7-9419-6bdeb6b191ba', 'ما هي خدمة التصديقات؟', NULL, 'خدمة التصديقات هي عملية التحقق من صحة الوثائق والمستندات الرسمية وإضفاء الصفة الرسمية عليها. نقدم تصديقات على الشهادات التعليمية، العقود، الوثائق الشخصية، والمستندات التجارية.', NULL, '["تصديق","تصديقات","توثيق"]'::jsonb, 10, true, 1, 0, 0, NULL, '2025-12-12T12:45:12.645945+00:00', '2025-12-19T11:24:57.066384+00:00'),
  ('ea2605b1-9dc3-4416-960c-16f9e9c71757', 'a855da0e-78a4-445b-be41-3c9e663b7527', 'ما هي المستندات المطلوبة للتسجيل التعليمي؟', NULL, 'المستندات المطلوبة: 1) شهادة الميلاد 2) جواز سفر الطالب 3) آخر شهادة دراسية 4) صورة من إقامة ولي الأمر 5) 4 صور شخصية للطالب. يجب أن تكون جميع المستندات مصدقة.', NULL, '["مستندات","وثائق","تعليم"]'::jsonb, 9, true, 0, 0, 0, NULL, '2025-12-12T12:45:12.645945+00:00', '2025-12-12T12:45:12.645945+00:00'),
  ('cd44f6c7-a095-4443-ad64-28acaa17327a', 'a7ee924f-e76c-49aa-94cc-57d2ab73b641', 'كيف أحجز موعد في القنصلية؟', NULL, 'لحجز موعد: 1) سجل دخولك إلى الموقع 2) اذهب إلى صفحة "المواعيد" 3) اختر الخدمة المطلوبة 4) اختر التاريخ والوقت المناسب 5) أكد الحجز. ستصلك رسالة تأكيد بالبريد الإلكتروني مع تفاصيل الموعد.', NULL, '["موعد","حجز","موعد قنصلية"]'::jsonb, 10, true, 0, 0, 0, NULL, '2025-12-12T12:45:12.645945+00:00', '2025-12-12T12:45:12.645945+00:00'),
  ('e5047b14-315b-4e3f-9307-141266f6ffb1', 'a7ee924f-e76c-49aa-94cc-57d2ab73b641', 'هل يمكن تعديل أو إلغاء الموعد؟', NULL, 'نعم، يمكنك تعديل أو إلغاء موعدك من خلال صفحة "مواعيدي" في حسابك. يرجى القيام بذلك قبل 24 ساعة على الأقل من موعدك المحدد.', NULL, '["تعديل","إلغاء","تغيير موعد"]'::jsonb, 9, true, 0, 0, 0, NULL, '2025-12-12T12:45:12.645945+00:00', '2025-12-12T12:45:12.645945+00:00'),
  ('2f5d38a2-0470-41e5-bc74-4b7863ef825a', 'a7ee924f-e76c-49aa-94cc-57d2ab73b641', 'ماذا أحضر معي للموعد؟', NULL, 'يرجى إحضار: 1) بطاقة الهوية أو الجواز الأصلي 2) الإقامة السارية 3) رقم الموعد المرسل لك 4) المستندات المطلوبة حسب نوع الخدمة. يرجى الحضور قبل 15 دقيقة من موعدك.', NULL, '["موعد","أحضر","ما أجيب"]'::jsonb, 9, true, 0, 0, 0, NULL, '2025-12-12T12:45:12.645945+00:00', '2025-12-12T12:45:12.645945+00:00'),
  ('0e73a12f-82a7-4702-8a2e-176641a6f907', '9cd967e9-0801-407c-bd4f-a8dd72b78ac9', 'كيف أتتبع طلبي؟', NULL, 'لتتبع طلبك: 1) اذهب إلى صفحة "تتبع الطلبات" 2) أدخل الرقم المرجعي لطلبك أو رقم الهاتف المسجل 3) اضغط على "تتبع". ستظهر لك حالة الطلب والمراحل التي مر بها.', NULL, '["تتبع","متابعة","حالة طلب","رقم مرجعي"]'::jsonb, 10, true, 0, 0, 0, NULL, '2025-12-12T12:45:12.645945+00:00', '2025-12-12T12:45:12.645945+00:00'),
  ('1a95304d-6071-4fae-96f2-d66339b6b2e3', '9cd967e9-0801-407c-bd4f-a8dd72b78ac9', 'ماذا يعني كل وضع من أوضاع الطلب؟', NULL, 'أوضاع الطلب: "قيد المراجعة" - يتم مراجعة طلبك، "معتمد" - تمت الموافقة، "قيد المعالجة" - جاري تجهيز المستندات، "جاهز للاستلام" - يمكنك استلام طلبك، "تم التسليم" - تم تسليم الطلب.', NULL, '["حالة","وضع","معنى","status"]'::jsonb, 8, true, 0, 0, 0, NULL, '2025-12-12T12:45:12.645945+00:00', '2025-12-12T12:45:12.645945+00:00'),
  ('604777fa-4586-45e4-bbe7-410e50ec0c2b', '9cd967e9-0801-407c-bd4f-a8dd72b78ac9', 'لم يتحرك طلبي منذ أيام، ماذا أفعل؟', NULL, 'إذا لم تتغير حالة طلبك لأكثر من 5 أيام عمل، يرجى التواصل معنا عبر: 1) الدردشة المباشرة 2) البريد الإلكتروني 3) الهاتف. احرص على ذكر الرقم المرجعي لطلبك.', NULL, '["طلب متأخر","لم يتحرك","تأخير"]'::jsonb, 9, true, 0, 0, 0, NULL, '2025-12-12T12:45:12.645945+00:00', '2025-12-12T12:45:12.645945+00:00'),
  ('46189156-4256-43de-9631-abd7fefb8c6b', 'a5e7db0c-5ced-49a0-acc9-2a72a310797c', 'ما هي طرق الدفع المتاحة؟', NULL, 'طرق الدفع المتاحة: 1) الدفع الإلكتروني (بطاقة ائتمان/مدى) 2) التحويل البنكي 3) الدفع نقداً في القنصلية (للمراجعين فقط). يفضل الدفع الإلكتروني لسرعة معالجة الطلب.', NULL, '["دفع","طرق دفع","payment","تحويل"]'::jsonb, 10, true, 0, 0, 0, NULL, '2025-12-12T12:45:12.645945+00:00', '2025-12-12T12:45:12.645945+00:00'),
  ('f2e5c7b2-8e4e-43ca-b61d-d2aa713b5819', 'a5e7db0c-5ced-49a0-acc9-2a72a310797c', 'هل يمكن استرداد الرسوم؟', NULL, 'يمكن استرداد الرسوم في حالات محددة: 1) رفض الطلب من القنصلية لأسباب إدارية 2) إلغاء الطلب قبل بدء المعالجة. لا يمكن الاسترداد بعد بدء معالجة الطلب. يتم الاسترداد خلال 7-14 يوم عمل.', NULL, '["استرداد","إرجاع","refund"]'::jsonb, 8, true, 0, 0, 0, NULL, '2025-12-12T12:45:12.645945+00:00', '2025-12-12T12:45:12.645945+00:00'),
  ('514cdb2d-e820-4fa7-872e-a5288bf58f3b', 'a5e7db0c-5ced-49a0-acc9-2a72a310797c', 'كيف أحصل على فاتورة لدفعي؟', NULL, 'بعد إتمام الدفع، ستحصل تلقائياً على فاتورة إلكترونية عبر البريد الإلكتروني. يمكنك أيضاً طباعتها من حسابك في قسم "طلباتي" > "عرض الفاتورة".', NULL, '["فاتورة","إيصال","invoice"]'::jsonb, 8, true, 0, 0, 0, NULL, '2025-12-12T12:45:12.645945+00:00', '2025-12-12T12:45:12.645945+00:00'),
  ('c9426e04-095c-4eda-9c30-ef6d108a1173', '45ea40e6-8f65-46f7-a693-03023b8e0cf6', 'لا أستطيع تسجيل الدخول، ما الحل؟', NULL, 'إذا واجهت مشكلة في تسجيل الدخول: 1) تأكد من إدخال رقم الهاتف بشكل صحيح (مثال: +966501234567) 2) تحقق من رمز OTP المرسل 3) جرب "نسيت كلمة المرور" 4) امسح ذاكرة المتصفح وحاول مجدداً. إذا استمرت المشكلة، تواصل مع الدعم الفني.', NULL, '["تسجيل دخول","login","دخول","مشكلة"]'::jsonb, 10, true, 0, 0, 0, NULL, '2025-12-12T12:45:12.645945+00:00', '2025-12-12T12:45:12.645945+00:00'),
  ('9450dfa5-ea6f-4c54-bfdc-965c00fab7b8', '45ea40e6-8f65-46f7-a693-03023b8e0cf6', 'لم يصلني رمز التحقق OTP؟', NULL, 'إذا لم يصلك رمز التحقق: 1) تأكد من إدخال رقم الهاتف بشكل صحيح 2) انتظر دقيقة واحدة ثم اطلب إعادة إرسال 3) تحقق من رسائل SMS المحظورة 4) جرب رقم هاتف آخر. إذا استمرت المشكلة، تواصل معنا.', NULL, '["OTP","رمز تحقق","لم يصل"]'::jsonb, 9, true, 0, 0, 0, NULL, '2025-12-12T12:45:12.645945+00:00', '2025-12-12T12:45:12.645945+00:00'),
  ('bfd519a6-e7e4-41e7-bccf-54ec9391851d', '45ea40e6-8f65-46f7-a693-03023b8e0cf6', 'كيف أرفع ملف أو مستند؟', NULL, 'لرفع ملف: 1) اضغط على زر "اختر ملف" أو "رفع مستند" 2) حدد الملف من جهازك (الحجم الأقصى 10 ميجابايت) 3) تأكد أن الملف بصيغة مدعومة (PDF, JPG, PNG) 4) انتظر حتى يكتمل التحميل. إذا فشل التحميل، جرب ملف أصغر أو صيغة مختلفة.', NULL, '["رفع ملف","upload","تحميل مستند"]'::jsonb, 8, true, 0, 0, 0, NULL, '2025-12-12T12:45:12.645945+00:00', '2025-12-12T12:45:12.645945+00:00'),
  ('329d58b7-9a27-4f43-b8e7-1fe8a582884d', 'e8b2d56e-0c45-4deb-8608-437fdf75b896', 'ما هي الخدمات التي تقدمها القنصلية؟', NULL, 'نقدم خدمات متنوعة تشمل: إصدار وتجديد الجوازات، التصديقات، الوكالات، الخدمات التعليمية، خدمات الأحوال المدنية، وغيرها. يمكنك تصفح قائمة الخدمات الكاملة على موقعنا.', NULL, '["خدمات","ماذا تقدم","قائمة"]'::jsonb, 10, true, 1, 0, 0, NULL, '2025-12-12T12:45:12.645945+00:00', '2025-12-13T21:19:02.333059+00:00')
ON CONFLICT DO NOTHING;

-- No data in chatbot_conversations

-- Data for table: chat_conversations
-- Rows: 29

INSERT INTO public.chat_conversations (id, user_name, user_email, user_phone, service_category, service_type, transaction_id, status, assigned_to, created_at, updated_at)
VALUES
  ('7dc1d5c8-5376-4b8d-a372-459a1518eca2', 'نبيه  الشناوى', 'dd@gg.com', '+201147991516', NULL, NULL, NULL, 'active', NULL, '2025-10-05T19:50:10.470654+00:00', '2025-10-05T19:50:10.470654+00:00'),
  ('9f3c8b06-f705-40d8-94d0-356ad361c949', 'nabih elshenawy', 'ee@hh.com', '+201147991516', 'poa', 'general', NULL, 'active', NULL, '2025-10-05T19:51:15.942687+00:00', '2025-10-05T19:51:15.942687+00:00'),
  ('ad91678d-aaf8-4c54-9c71-8b169572edb3', 'nabih', 'eng@ff.com', '', 'poa', 'general', NULL, 'active', NULL, '2025-10-05T19:58:07.768275+00:00', '2025-10-05T19:58:07.768275+00:00'),
  ('88245d80-e68c-424d-90bb-ea0b76fc59c3', 'نبيه الشناوى', 't@T.com', '', 'poa', 'general', NULL, 'active', NULL, '2025-10-05T20:07:52.384047+00:00', '2025-10-05T20:07:52.384047+00:00'),
  ('ebe3d5b2-392e-4fbb-887d-6a1738b0a6a0', 'uu', 'jjj@jj.com', '', NULL, NULL, NULL, 'active', NULL, '2025-10-05T20:47:39.070923+00:00', '2025-10-05T20:47:39.070923+00:00'),
  ('c767001e-c58a-434e-95c4-e4bc626d380b', 'cc', 'cc@dd.com', '', NULL, NULL, NULL, 'active', NULL, '2025-10-05T20:49:47.800724+00:00', '2025-10-05T20:49:47.800724+00:00'),
  ('34c9f806-2ab8-46fc-8951-a662cd80ec2d', 'Tttt', 'gg@gg.com', '', NULL, NULL, NULL, 'active', NULL, '2025-10-05T21:49:20.550842+00:00', '2025-10-05T21:49:20.550842+00:00'),
  ('b398ea1b-f578-4050-94ce-08ea277a9d69', 'Hisham', 'alarbab44@hotmail.com', '', NULL, NULL, NULL, 'active', NULL, '2025-10-06T13:15:53.323139+00:00', '2025-10-06T13:15:53.323139+00:00'),
  ('e06a20c5-2010-40a1-a2d2-ac88d2b0f3f3', 'هههه', 'alarbab44@hotmail.com', '', NULL, NULL, NULL, 'active', NULL, '2025-10-06T13:21:12.941106+00:00', '2025-10-06T13:21:12.941106+00:00'),
  ('456fea20-8f12-4c0c-b67c-e0d23df3c28d', 'ee', 'e@g.com', '', NULL, NULL, NULL, 'active', NULL, '2025-10-09T09:00:40.27817+00:00', '2025-10-09T09:00:40.27817+00:00'),
  ('45903d7f-cd98-48c5-819c-9c76b45bcee2', 'b', 'b@b.com', '', NULL, NULL, NULL, 'active', NULL, '2025-10-09T09:03:43.813344+00:00', '2025-10-09T09:03:43.813344+00:00'),
  ('621c9ed3-c31c-4c1e-b8f8-a10e4648bac7', 'gg', 't@g.com', '', 'poa', 'general', NULL, 'active', NULL, '2025-10-09T09:58:50.234697+00:00', '2025-10-09T09:58:50.234697+00:00'),
  ('36c5bd9d-8c93-4b04-82ef-102d74420f8f', 'Test User', 'test@test.com', '0500000000', NULL, NULL, NULL, 'active', NULL, '2025-10-09T12:05:41.525881+00:00', '2025-10-09T12:05:41.525881+00:00'),
  ('3166a39f-6355-44e5-a479-2252a685eaa4', 'نبيه', 'e@e.com', '', NULL, NULL, NULL, 'active', NULL, '2025-10-09T12:12:19.713866+00:00', '2025-10-09T12:12:19.713866+00:00'),
  ('916f0898-4f7d-40d9-a03e-fe7ac7237cdb', 'lamia', 'l@d.com', '', NULL, NULL, NULL, 'active', NULL, '2025-10-09T12:13:51.213355+00:00', '2025-10-09T12:13:51.213355+00:00'),
  ('71dfca43-c9f5-4837-9676-b1a1e0c44534', 'limia', 'limia@jsc.gov.sd', '500948196', 'education', NULL, NULL, 'active', NULL, '2025-11-14T12:48:53.191255+00:00', '2025-11-14T12:48:53.191255+00:00'),
  ('c2a50f82-362b-443f-abed-7639a8c92854', 'fhjj', 'f@f.com', '', NULL, NULL, NULL, 'active', NULL, '2025-12-12T13:04:50.244079+00:00', '2025-12-12T13:04:50.244079+00:00'),
  ('35814530-37ef-473a-ab26-2c79efaeb5f6', 'hh', 'h@h.com', '', NULL, NULL, NULL, 'active', NULL, '2025-12-12T13:09:10.691148+00:00', '2025-12-12T13:12:55.755274+00:00'),
  ('fcfd9bb9-998e-4fcd-b2d8-5c1ee36c6356', 'ااا', 'v@v.com', '', NULL, NULL, NULL, 'active', NULL, '2025-12-12T13:14:25.931192+00:00', '2025-12-12T13:14:25.931192+00:00'),
  ('63b17fa5-f4a8-4c82-9471-b05e7bed08ce', 'اااا', 't@t.com', '', NULL, NULL, NULL, 'active', NULL, '2025-12-13T21:18:53.770485+00:00', '2025-12-13T21:19:00.814129+00:00'),
  ('15054edf-bce2-4b3c-b940-aa2383f488f1', 'ttt', 'modern.electronics1760788144021@example.com', '01897264652', 'passports', NULL, NULL, 'active', NULL, '2025-12-19T11:12:13.846569+00:00', '2025-12-19T11:12:13.846569+00:00'),
  ('9f980d9a-b227-414b-bf6d-1ccc36e65f9c', 'تتت', 'modern.electronics1760788144021@example.com', '01897264652', 'passports', NULL, NULL, 'active', NULL, '2025-12-19T11:20:12.074824+00:00', '2025-12-19T11:20:56.398841+00:00'),
  ('acaa6ac8-de8d-488a-b501-a9eef20615de', 'غغغ', 'modern.electronics1760788144021@example.com', '01897264652', 'passports', NULL, NULL, 'active', NULL, '2025-12-19T11:24:44.636722+00:00', '2025-12-19T11:26:17.941878+00:00'),
  ('7d97f209-700f-47e2-a616-8d3bea2d8350', 'ففف', 'd@d.com', '', NULL, NULL, NULL, 'active', NULL, '2025-12-19T11:30:56.600183+00:00', '2025-12-19T11:31:04.749143+00:00'),
  ('a98ef6d8-0558-4a85-b0cf-b905f0254c12', 'ss', 's@s.com', '', NULL, NULL, NULL, 'active', NULL, '2025-12-19T11:34:56.338823+00:00', '2025-12-19T11:39:59.469266+00:00'),
  ('55030fa0-fe79-4250-a8c2-378ef6af84bd', 'سس', 's@d.com', '', NULL, NULL, NULL, 'active', NULL, '2025-12-19T11:40:31.648047+00:00', '2025-12-19T11:40:35.133765+00:00'),
  ('959efc77-d0a2-4973-b4c1-6fb93b13353b', 'يي', 'x@s.com', '', NULL, NULL, NULL, 'active', NULL, '2025-12-19T11:43:34.199222+00:00', '2025-12-19T11:43:38.128111+00:00'),
  ('3b0937b1-e899-41ff-86f5-cc799a6eeea7', 'hhh', 'h@h.com', '', NULL, NULL, NULL, 'active', NULL, '2025-12-19T11:44:12.006616+00:00', '2025-12-19T11:44:17.250269+00:00'),
  ('f74bbd90-6bc1-4809-8a6b-363ecf903d8a', 'اااا', 'dd@nn.com', '', NULL, NULL, NULL, 'active', NULL, '2025-12-21T09:19:38.267069+00:00', '2025-12-21T09:19:38.267069+00:00')
ON CONFLICT DO NOTHING;

-- Data for table: chat_messages
-- Rows: 127

INSERT INTO public.chat_messages (id, conversation_id, sender_type, sender_name, message, message_type, metadata, read, created_at, attachment_url, attachment_type, attachment_name)
VALUES
  ('d26fd876-911e-4472-ad1a-f51bb875a424', '7dc1d5c8-5376-4b8d-a372-459a1518eca2', 'bot', 'المساعد الذكي', 'مرحباً بك نبيه  الشناوى! أنا مساعدك الذكي في السفارة السودانية. كيف يمكنني مساعدتك اليوم؟', 'text', NULL, false, '2025-10-05T19:50:10.994802+00:00', NULL, NULL, NULL),
  ('3de3e729-72ad-40fd-ae6d-fd1d43c932eb', '7dc1d5c8-5376-4b8d-a372-459a1518eca2', 'user', 'نبيه  الشناوى', 'أريد الاستعلام عن معاملة', 'text', NULL, false, '2025-10-05T19:50:19.558331+00:00', NULL, NULL, NULL),
  ('771d3dc4-768f-44f1-95b6-6ec186d0f299', '7dc1d5c8-5376-4b8d-a372-459a1518eca2', 'bot', 'المساعد الذكي', 'للاستعلام عن معاملتك، يرجى تزويدنا برقم المعاملة. أو يمكنني توصيلك بأحد موظفينا للمساعدة.', 'text', NULL, false, '2025-10-05T19:50:21.285136+00:00', NULL, NULL, NULL),
  ('21926fdc-bdf7-4ab9-a3f5-68a15c2b1043', '9f3c8b06-f705-40d8-94d0-356ad361c949', 'bot', 'المساعد الذكي', 'مرحباً بك nabih elshenawy! أنا مساعدك الذكي في السفارة السودانية. كيف يمكنني مساعدتك اليوم؟', 'text', NULL, false, '2025-10-05T19:51:16.132482+00:00', NULL, NULL, NULL),
  ('c589a858-9cff-4300-abc5-5e8807c6835b', '9f3c8b06-f705-40d8-94d0-356ad361c949', 'bot', 'المساعد الذكي', 'أرى أنك مهتم بخدمات التوكيلات. يمكنني مساعدتك في:
• التوكيل العام
• توكيلات المحاكم
• توكيلات العقارات والسيارات', 'text', NULL, false, '2025-10-05T19:51:17.34032+00:00', NULL, NULL, NULL),
  ('e66a01ff-4460-471e-892b-45c46cc0b34f', 'ad91678d-aaf8-4c54-9c71-8b169572edb3', 'bot', 'المساعد الذكي', 'أهلاً بك nabih! 🇸🇩

مرحباً بك في القنصلية العامة لجمهورية السودان بجدة.

أنا المساعد الذكي، هنا لمساعدتك في جميع الخدمات القنصلية.', 'text', NULL, false, '2025-10-05T19:58:08.032275+00:00', NULL, NULL, NULL),
  ('7a08d873-30ae-4098-896f-d7347f84498c', 'ad91678d-aaf8-4c54-9c71-8b169572edb3', 'bot', 'المساعد الذكي', 'كيف يمكنني مساعدتك اليوم؟

📋 يمكنني مساعدتك في:
• الاستعلام عن معاملة
• معلومات عن الخدمات
• متطلبات الخدمات
• التواصل مع موظف مختص
• التواصل عبر واتساب', 'text', NULL, false, '2025-10-05T19:58:09.737311+00:00', NULL, NULL, NULL),
  ('8ebb2e10-617d-4469-9cf9-9238f5436520', 'ad91678d-aaf8-4c54-9c71-8b169572edb3', 'bot', 'المساعد الذكي', '📝 **خدمات التوكيلات**

يمكنني مساعدتك في:
• التوكيل العام
• توكيلات المحاكم والقضايا
• توكيلات العقارات
• توكيلات السيارات
• توكيلات الشركات

أي نوع من التوكيلات تحتاج؟', 'text', NULL, false, '2025-10-05T19:58:10.744932+00:00', NULL, NULL, NULL),
  ('a8d0bff0-16a3-4190-92c0-b0a380f3c1b9', 'ad91678d-aaf8-4c54-9c71-8b169572edb3', 'user', 'nabih', 'أريد التواصل مع موظف مختص', 'text', NULL, false, '2025-10-05T19:58:23.634686+00:00', NULL, NULL, NULL),
  ('fa169fae-62b2-47ae-8987-71b4922d9873', 'ad91678d-aaf8-4c54-9c71-8b169572edb3', 'bot', 'المساعد الذكي', '👨‍💼 **التواصل مع موظف**

سأقوم بتوصيلك مع أحد موظفينا المختصين.

سيتم الرد عليك في أقرب وقت إذا كان هناك موظف متاح حالياً.

يمكنك أيضاً:
📞 الاتصال المباشر
💬 التواصل عبر واتساب', 'text', NULL, false, '2025-10-05T19:58:25.390862+00:00', NULL, NULL, NULL),
  ('d180e924-e667-47ad-8f79-7baec6dd58ec', '88245d80-e68c-424d-90bb-ea0b76fc59c3', 'bot', 'المساعد الذكي', 'أهلاً بك نبيه الشناوى! 🇸🇩

مرحباً بك في القنصلية العامة لجمهورية السودان بجدة.

أنا المساعد الذكي، هنا لمساعدتك في جميع الخدمات القنصلية.', 'text', NULL, false, '2025-10-05T20:07:52.64957+00:00', NULL, NULL, NULL),
  ('560d703f-be88-473f-be87-552a91d5bb89', '88245d80-e68c-424d-90bb-ea0b76fc59c3', 'bot', 'المساعد الذكي', 'كيف يمكنني مساعدتك اليوم؟

📋 يمكنني مساعدتك في:
• الاستعلام عن معاملة
• معلومات عن الخدمات
• متطلبات الخدمات
• التواصل مع موظف مختص
• التواصل عبر واتساب', 'text', NULL, false, '2025-10-05T20:07:54.364047+00:00', NULL, NULL, NULL),
  ('48bed1d2-2e07-4d9c-9767-65e63d1c7064', '88245d80-e68c-424d-90bb-ea0b76fc59c3', 'bot', 'المساعد الذكي', '📝 **خدمات التوكيلات**

يمكنني مساعدتك في:
• التوكيل العام
• توكيلات المحاكم والقضايا
• توكيلات العقارات
• توكيلات السيارات
• توكيلات الشركات

أي نوع من التوكيلات تحتاج؟', 'text', NULL, false, '2025-10-05T20:07:55.372455+00:00', NULL, NULL, NULL),
  ('e99871ad-38db-41d8-8962-1145e3586988', 'ebe3d5b2-392e-4fbb-887d-6a1738b0a6a0', 'bot', 'المساعد الذكي', 'أهلاً بك uu! 🇸🇩

مرحباً بك في القنصلية العامة لجمهورية السودان بجدة.

أنا المساعد الذكي، هنا لمساعدتك في جميع الخدمات القنصلية.', 'text', NULL, false, '2025-10-05T20:47:39.816705+00:00', NULL, NULL, NULL),
  ('fa6cc133-260c-43aa-abcf-17795cf2c78e', 'ebe3d5b2-392e-4fbb-887d-6a1738b0a6a0', 'bot', 'المساعد الذكي', 'كيف يمكنني مساعدتك اليوم؟

📋 يمكنني مساعدتك في:
• الاستعلام عن معاملة
• معلومات عن الخدمات
• متطلبات الخدمات
• التواصل مع موظف مختص
• التواصل عبر واتساب', 'text', NULL, false, '2025-10-05T20:47:41.531928+00:00', NULL, NULL, NULL),
  ('58fa4145-44ae-40d5-8215-a964ed199659', 'ebe3d5b2-392e-4fbb-887d-6a1738b0a6a0', 'user', 'uu', 'أريد التواصل مع موظف مختص', 'text', NULL, false, '2025-10-05T20:47:45.852327+00:00', NULL, NULL, NULL),
  ('b4d19f35-098e-4d89-8c51-f997e66c800f', 'ebe3d5b2-392e-4fbb-887d-6a1738b0a6a0', 'bot', 'المساعد الذكي', '👨‍💼 **التواصل مع موظف**

سأقوم بتوصيلك مع أحد موظفينا المختصين.

سيتم الرد عليك في أقرب وقت إذا كان هناك موظف متاح حالياً.

يمكنك الآن إرسال:
📷 صور
🎤 رسائل صوتية
📎 ملفات', 'text', NULL, false, '2025-10-05T20:47:47.688927+00:00', NULL, NULL, NULL),
  ('bce2c56b-d5cc-47d2-99df-94e04efa86bc', 'ebe3d5b2-392e-4fbb-887d-6a1738b0a6a0', 'staff', 'موظف الدعم', 'اهلا بك', 'text', NULL, false, '2025-10-05T20:48:28.934488+00:00', NULL, NULL, NULL),
  ('37f80053-f062-4367-81ae-a199903ef48c', 'c767001e-c58a-434e-95c4-e4bc626d380b', 'bot', 'المساعد الذكي', 'أهلاً بك cc! 🇸🇩

مرحباً بك في القنصلية العامة لجمهورية السودان بجدة.

أنا المساعد الذكي، هنا لمساعدتك في جميع الخدمات القنصلية.', 'text', NULL, false, '2025-10-05T20:49:47.995995+00:00', NULL, NULL, NULL),
  ('e81c6649-5f89-4be7-9d33-2ee69fa629a1', 'c767001e-c58a-434e-95c4-e4bc626d380b', 'bot', 'المساعد الذكي', 'كيف يمكنني مساعدتك اليوم؟

📋 يمكنني مساعدتك في:
• الاستعلام عن معاملة
• معلومات عن الخدمات
• متطلبات الخدمات
• التواصل مع موظف مختص
• التواصل عبر واتساب', 'text', NULL, false, '2025-10-05T20:49:49.72699+00:00', NULL, NULL, NULL),
  ('e9046cd6-6b67-43e5-8bec-489388c2af70', 'c767001e-c58a-434e-95c4-e4bc626d380b', 'user', 'cc', 'ما هي المتطلبات والمستندات المطلوبة', 'text', NULL, false, '2025-10-05T20:49:55.684489+00:00', NULL, NULL, NULL),
  ('f2d6ba9c-c68e-42c9-acfc-b78d872907dd', 'c767001e-c58a-434e-95c4-e4bc626d380b', 'bot', 'المساعد الذكي', '🔍 **الاستعلام عن المعاملات**

للاستعلام عن معاملتك، يمكنك:

1️⃣ استخدام صفحة التتبع في الموقع
2️⃣ تزويدنا برقم المعاملة هنا
3️⃣ التواصل مع موظف مختص

يرجى تزويدنا برقم المعاملة أو اختر أحد الخيارات.', 'text', NULL, false, '2025-10-05T20:49:57.140541+00:00', NULL, NULL, NULL),
  ('71e776f9-2337-4682-ac57-8245b656da0b', '34c9f806-2ab8-46fc-8951-a662cd80ec2d', 'bot', 'المساعد الذكي', 'أهلاً بك Tttt! 🇸🇩

مرحباً بك في القنصلية العامة لجمهورية السودان بجدة.

أنا المساعد الذكي، هنا لمساعدتك في جميع الخدمات القنصلية.', 'text', NULL, false, '2025-10-05T21:49:20.997022+00:00', NULL, NULL, NULL),
  ('8ce12551-b0f0-41ad-a6ca-f1f3c0aef2f8', '34c9f806-2ab8-46fc-8951-a662cd80ec2d', 'bot', 'المساعد الذكي', 'كيف يمكنني مساعدتك اليوم؟

📋 يمكنني مساعدتك في:
• الاستعلام عن معاملة
• معلومات عن الخدمات
• متطلبات الخدمات
• التواصل مع موظف مختص
• التواصل عبر واتساب', 'text', NULL, false, '2025-10-05T21:49:22.718632+00:00', NULL, NULL, NULL),
  ('38db3441-2b46-483c-8632-e7d853cfbeff', '34c9f806-2ab8-46fc-8951-a662cd80ec2d', 'user', 'Tttt', 'أريد معلومات عن الخدمات المتاحة', 'text', NULL, false, '2025-10-05T21:49:41.11247+00:00', NULL, NULL, NULL),
  ('be3fae47-c16d-4d3e-bbab-4c85fa6738ea', '34c9f806-2ab8-46fc-8951-a662cd80ec2d', 'bot', 'المساعد الذكي', '📋 **الخدمات المتوفرة**

نقدم الخدمات التالية:

🎓 التعليم والشهادات
📝 التوكيلات بأنواعها
🛂 جوازات السفر
📄 التوثيق والإقرارات
👨‍👩‍👧 الشؤون الأسرية
📑 السجل المدني

عن أي خدمة تريد معلومات؟', 'text', NULL, false, '2025-10-05T21:49:43.34075+00:00', NULL, NULL, NULL),
  ('ad90835d-7373-4f3f-a1e0-01c96c025b6d', '34c9f806-2ab8-46fc-8951-a662cd80ec2d', 'user', 'Tttt', 'التعليم', 'text', NULL, false, '2025-10-05T21:49:57.24676+00:00', NULL, NULL, NULL),
  ('584e67ba-67fe-4a74-ad69-515c961924fb', '34c9f806-2ab8-46fc-8951-a662cd80ec2d', 'bot', 'المساعد الذكي', 'شكراً لتواصلك! 👋

لم أفهم طلبك تماماً. يمكنك:

1️⃣ اختيار من الخيارات السريعة أدناه
2️⃣ إعادة صياغة سؤالك بطريقة أخرى
3️⃣ التواصل مع موظف مختص

كيف يمكنني مساعدتك؟', 'text', NULL, false, '2025-10-05T21:49:58.698198+00:00', NULL, NULL, NULL),
  ('a088ca8e-3105-4b14-87e8-6d65ad257dda', 'b398ea1b-f578-4050-94ce-08ea277a9d69', 'bot', 'المساعد الذكي', 'أهلاً بك Hisham! 🇸🇩

مرحباً بك في القنصلية العامة لجمهورية السودان بجدة.

أنا المساعد الذكي، هنا لمساعدتك في جميع الخدمات القنصلية.', 'text', NULL, false, '2025-10-06T13:15:53.996404+00:00', NULL, NULL, NULL),
  ('775c6693-2521-4a8b-a66f-48ad25139925', 'b398ea1b-f578-4050-94ce-08ea277a9d69', 'bot', 'المساعد الذكي', 'كيف يمكنني مساعدتك اليوم؟

📋 يمكنني مساعدتك في:
• الاستعلام عن معاملة
• معلومات عن الخدمات
• متطلبات الخدمات
• التواصل مع موظف مختص
• التواصل عبر واتساب', 'text', NULL, false, '2025-10-06T13:15:55.934937+00:00', NULL, NULL, NULL),
  ('01c09b9e-0ac8-49c8-a5d2-53abb6b933a6', 'b398ea1b-f578-4050-94ce-08ea277a9d69', 'user', 'Hisham', 'أريد معلومات عن الخدمات المتاحة', 'text', NULL, false, '2025-10-06T13:16:08.010305+00:00', NULL, NULL, NULL),
  ('6524f773-1a18-4335-b64d-5db9c613cbad', 'b398ea1b-f578-4050-94ce-08ea277a9d69', 'bot', 'المساعد الذكي', '📋 **الخدمات المتوفرة**

نقدم الخدمات التالية:

🎓 التعليم والشهادات
📝 التوكيلات بأنواعها
🛂 جوازات السفر
📄 التوثيق والإقرارات
👨‍👩‍👧 الشؤون الأسرية
📑 السجل المدني

عن أي خدمة تريد معلومات؟', 'text', NULL, false, '2025-10-06T13:16:09.906986+00:00', NULL, NULL, NULL),
  ('91368f2b-a53f-427e-b157-bba3a0f09bdd', 'b398ea1b-f578-4050-94ce-08ea277a9d69', 'user', 'Hisham', '1', 'text', NULL, false, '2025-10-06T13:16:45.551929+00:00', NULL, NULL, NULL),
  ('4cc71341-08e6-451e-a5f6-684c73c2de34', 'b398ea1b-f578-4050-94ce-08ea277a9d69', 'bot', 'المساعد الذكي', 'شكراً لتواصلك! 👋

لم أفهم طلبك تماماً. يمكنك:

1️⃣ اختيار من الخيارات السريعة أدناه
2️⃣ إعادة صياغة سؤالك بطريقة أخرى
3️⃣ التواصل مع موظف مختص

كيف يمكنني مساعدتك؟', 'text', NULL, false, '2025-10-06T13:16:47.282279+00:00', NULL, NULL, NULL),
  ('f65f5d7c-52e2-4eb8-bcdc-93e3acfe43f9', 'b398ea1b-f578-4050-94ce-08ea277a9d69', 'user', 'Hisham', '2', 'text', NULL, false, '2025-10-06T13:17:27.981617+00:00', NULL, NULL, NULL),
  ('2bb152ab-2485-423f-8e90-d2120e59d90d', 'b398ea1b-f578-4050-94ce-08ea277a9d69', 'bot', 'المساعد الذكي', 'شكراً لتواصلك! 👋

لم أفهم طلبك تماماً. يمكنك:

1️⃣ اختيار من الخيارات السريعة أدناه
2️⃣ إعادة صياغة سؤالك بطريقة أخرى
3️⃣ التواصل مع موظف مختص

كيف يمكنني مساعدتك؟', 'text', NULL, false, '2025-10-06T13:17:29.721879+00:00', NULL, NULL, NULL),
  ('14136725-6d93-4e12-9be7-b6794d95da3e', 'e06a20c5-2010-40a1-a2d2-ac88d2b0f3f3', 'bot', 'المساعد الذكي', 'أهلاً بك هههه! 🇸🇩

مرحباً بك في القنصلية العامة لجمهورية السودان بجدة.

أنا المساعد الذكي، هنا لمساعدتك في جميع الخدمات القنصلية.', 'text', NULL, false, '2025-10-06T13:21:13.39457+00:00', NULL, NULL, NULL),
  ('4d886253-35f1-4eb1-b0d1-9354572b3e57', 'e06a20c5-2010-40a1-a2d2-ac88d2b0f3f3', 'bot', 'المساعد الذكي', 'كيف يمكنني مساعدتك اليوم؟

📋 يمكنني مساعدتك في:
• الاستعلام عن معاملة
• معلومات عن الخدمات
• متطلبات الخدمات
• التواصل مع موظف مختص
• التواصل عبر واتساب', 'text', NULL, false, '2025-10-06T13:21:15.20919+00:00', NULL, NULL, NULL),
  ('772a4128-2a1b-4211-8766-dc5797badd8d', 'e06a20c5-2010-40a1-a2d2-ac88d2b0f3f3', 'user', 'هههه', 'أريد معلومات عن الخدمات المتاحة', 'text', NULL, false, '2025-10-06T13:21:19.637172+00:00', NULL, NULL, NULL),
  ('36fdd7a3-2bdd-45b7-8868-cdbe1a13c35f', 'e06a20c5-2010-40a1-a2d2-ac88d2b0f3f3', 'bot', 'المساعد الذكي', '📋 **الخدمات المتوفرة**

نقدم الخدمات التالية:

🎓 التعليم والشهادات
📝 التوكيلات بأنواعها
🛂 جوازات السفر
📄 التوثيق والإقرارات
👨‍👩‍👧 الشؤون الأسرية
📑 السجل المدني

عن أي خدمة تريد معلومات؟', 'text', NULL, false, '2025-10-06T13:21:21.347637+00:00', NULL, NULL, NULL),
  ('65d289c0-d5fe-4f95-bcf7-e430fc02c468', '456fea20-8f12-4c0c-b67c-e0d23df3c28d', 'bot', 'المساعد الذكي', 'أهلاً بك ee! 🇸🇩

مرحباً بك في القنصلية العامة لجمهورية السودان بجدة.

أنا المساعد الذكي، هنا لمساعدتك في جميع الخدمات القنصلية.', 'text', NULL, false, '2025-10-09T09:00:41.293596+00:00', NULL, NULL, NULL),
  ('02124de9-eccc-48bc-bfb6-34c526f72e19', '456fea20-8f12-4c0c-b67c-e0d23df3c28d', 'bot', 'المساعد الذكي', 'كيف يمكنني مساعدتك اليوم؟

📋 يمكنني مساعدتك في:
• الاستعلام عن معاملة
• معلومات عن الخدمات
• متطلبات الخدمات
• التواصل مع موظف مختص
• التواصل عبر واتساب', 'text', NULL, false, '2025-10-09T09:00:43.083767+00:00', NULL, NULL, NULL),
  ('abea7521-6785-4a58-8b4d-3ded05a2ff97', '456fea20-8f12-4c0c-b67c-e0d23df3c28d', 'user', 'ee', 'أريد التواصل مع موظف مختص', 'text', NULL, false, '2025-10-09T09:01:12.42822+00:00', NULL, NULL, NULL),
  ('3b999695-8f68-4f50-8622-ef6cca292098', '456fea20-8f12-4c0c-b67c-e0d23df3c28d', 'bot', 'المساعد الذكي', '👨‍💼 **التواصل مع موظف**

سأقوم بتوصيلك مع أحد موظفينا المختصين.

سيتم الرد عليك في أقرب وقت إذا كان هناك موظف متاح حالياً.

يمكنك الآن إرسال:
📷 صور
🎤 رسائل صوتية
📎 ملفات', 'text', NULL, false, '2025-10-09T09:01:14.313248+00:00', NULL, NULL, NULL),
  ('a0aa99c6-c9e8-4c73-b8ae-3bb4b553da95', '456fea20-8f12-4c0c-b67c-e0d23df3c28d', 'user', 'ee', 'أريد التواصل مع موظف مختص', 'text', NULL, false, '2025-10-09T09:01:14.750474+00:00', NULL, NULL, NULL),
  ('c196dd2d-3471-4b36-97eb-3d6fa253fac6', '456fea20-8f12-4c0c-b67c-e0d23df3c28d', 'bot', 'المساعد الذكي', '👨‍💼 **التواصل مع موظف**

سأقوم بتوصيلك مع أحد موظفينا المختصين.

سيتم الرد عليك في أقرب وقت إذا كان هناك موظف متاح حالياً.

يمكنك الآن إرسال:
📷 صور
🎤 رسائل صوتية
📎 ملفات', 'text', NULL, false, '2025-10-09T09:01:16.515932+00:00', NULL, NULL, NULL),
  ('02b6e596-8b21-4b2c-b697-6ed525188061', '45903d7f-cd98-48c5-819c-9c76b45bcee2', 'bot', 'المساعد الذكي', 'أهلاً بك b! 🇸🇩

مرحباً بك في القنصلية العامة لجمهورية السودان بجدة.

أنا المساعد الذكي، هنا لمساعدتك في جميع الخدمات القنصلية.', 'text', NULL, false, '2025-10-09T09:03:44.122905+00:00', NULL, NULL, NULL),
  ('19d8eddb-23ba-46a9-9ba4-6975e9fdf399', '45903d7f-cd98-48c5-819c-9c76b45bcee2', 'bot', 'المساعد الذكي', 'كيف يمكنني مساعدتك اليوم؟

📋 يمكنني مساعدتك في:
• الاستعلام عن معاملة
• معلومات عن الخدمات
• متطلبات الخدمات
• التواصل مع موظف مختص
• التواصل عبر واتساب', 'text', NULL, false, '2025-10-09T09:03:45.856207+00:00', NULL, NULL, NULL),
  ('eff8fd19-1597-43ad-b306-828a1c37ca22', '45903d7f-cd98-48c5-819c-9c76b45bcee2', 'user', 'b', 'أريد الاستعلام عن معاملة', 'text', NULL, false, '2025-10-09T09:03:50.84441+00:00', NULL, NULL, NULL),
  ('8588b169-2e99-4cd9-81ea-82c2e11e8a77', '45903d7f-cd98-48c5-819c-9c76b45bcee2', 'bot', 'المساعد الذكي', '🔍 **الاستعلام عن المعاملات**

للاستعلام عن معاملتك، يمكنك:

1️⃣ استخدام صفحة التتبع في الموقع
2️⃣ تزويدنا برقم المعاملة هنا
3️⃣ التواصل مع موظف مختص

يرجى تزويدنا برقم المعاملة أو اختر أحد الخيارات.', 'text', NULL, false, '2025-10-09T09:03:52.335086+00:00', NULL, NULL, NULL),
  ('1d3c05f0-2831-4db0-b523-076c05dbf097', '621c9ed3-c31c-4c1e-b8f8-a10e4648bac7', 'bot', 'المساعد الذكي', 'أهلاً بك gg! 🇸🇩

مرحباً بك في القنصلية العامة لجمهورية السودان بجدة.

أنا المساعد الذكي، هنا لمساعدتك في جميع الخدمات القنصلية.', 'text', NULL, false, '2025-10-09T09:58:51.164882+00:00', NULL, NULL, NULL),
  ('879d2cc7-658c-4bfa-8488-febf5e0a4098', '621c9ed3-c31c-4c1e-b8f8-a10e4648bac7', 'bot', 'المساعد الذكي', 'كيف يمكنني مساعدتك اليوم؟

📋 يمكنني مساعدتك في:
• الاستعلام عن معاملة
• معلومات عن الخدمات
• متطلبات الخدمات
• التواصل مع موظف مختص
• التواصل عبر واتساب', 'text', NULL, false, '2025-10-09T09:58:52.88224+00:00', NULL, NULL, NULL),
  ('fe1facc2-3418-4a67-82fc-6109b33af034', '621c9ed3-c31c-4c1e-b8f8-a10e4648bac7', 'bot', 'المساعد الذكي', '📝 **خدمات التوكيلات**

يمكنني مساعدتك في:
• التوكيل العام
• توكيلات المحاكم والقضايا
• توكيلات العقارات
• توكيلات السيارات
• توكيلات الشركات

أي نوع من التوكيلات تحتاج؟', 'text', NULL, false, '2025-10-09T09:58:53.940402+00:00', NULL, NULL, NULL),
  ('ddaffcfe-b6ad-4323-8955-5a7e56f2c29c', '36c5bd9d-8c93-4b04-82ef-102d74420f8f', 'bot', 'المساعد الذكي', 'مرحباً بك! كيف يمكنني مساعدتك؟', 'text', NULL, false, '2025-10-09T12:05:48.35009+00:00', NULL, NULL, NULL),
  ('b986888a-6c0c-4de1-8c4d-7eb962ecada4', '3166a39f-6355-44e5-a479-2252a685eaa4', 'bot', 'المساعد الذكي', 'أهلاً بك نبيه! 🇸🇩

مرحباً بك في القنصلية العامة لجمهورية السودان بجدة.

أنا المساعد الذكي، هنا لمساعدتك في جميع الخدمات القنصلية.', 'text', NULL, false, '2025-10-09T12:12:20.116747+00:00', NULL, NULL, NULL),
  ('aa9cae57-3ad3-4ae5-9a05-35aed95a16b7', '3166a39f-6355-44e5-a479-2252a685eaa4', 'bot', 'المساعد الذكي', 'كيف يمكنني مساعدتك اليوم؟

📋 يمكنني مساعدتك في:
• الاستعلام عن معاملة
• معلومات عن الخدمات
• متطلبات الخدمات
• التواصل مع موظف مختص
• التواصل عبر واتساب', 'text', NULL, false, '2025-10-09T12:12:21.854536+00:00', NULL, NULL, NULL),
  ('1241a14a-ccb3-4f69-b9fb-91e751fe2285', '916f0898-4f7d-40d9-a03e-fe7ac7237cdb', 'bot', 'المساعد الذكي', 'أهلاً بك lamia! 🇸🇩

مرحباً بك في القنصلية العامة لجمهورية السودان بجدة.

أنا المساعد الذكي، هنا لمساعدتك في جميع الخدمات القنصلية.', 'text', NULL, false, '2025-10-09T12:13:51.455078+00:00', NULL, NULL, NULL),
  ('89b48dee-d22c-41f2-a6d7-b2c3290566fe', '916f0898-4f7d-40d9-a03e-fe7ac7237cdb', 'bot', 'المساعد الذكي', 'كيف يمكنني مساعدتك اليوم؟

📋 يمكنني مساعدتك في:
• الاستعلام عن معاملة
• معلومات عن الخدمات
• متطلبات الخدمات
• التواصل مع موظف مختص
• التواصل عبر واتساب', 'text', NULL, false, '2025-10-09T12:13:54.163679+00:00', NULL, NULL, NULL),
  ('70addcb1-4ed5-410d-bddb-02a1cc20dc7e', '916f0898-4f7d-40d9-a03e-fe7ac7237cdb', 'user', 'lamia', 'أريد التواصل مع موظف مختص', 'text', NULL, false, '2025-10-09T12:15:20.591841+00:00', NULL, NULL, NULL),
  ('a9a8725c-0f45-4860-9ce3-61672ca15e76', '916f0898-4f7d-40d9-a03e-fe7ac7237cdb', 'bot', 'المساعد الذكي', '👨‍💼 **التواصل مع موظف**

سأقوم بتوصيلك مع أحد موظفينا المختصين.

سيتم الرد عليك في أقرب وقت إذا كان هناك موظف متاح حالياً.

يمكنك الآن إرسال:
📷 صور
🎤 رسائل صوتية
📎 ملفات', 'text', NULL, false, '2025-10-09T12:15:22.601154+00:00', NULL, NULL, NULL),
  ('44d24357-f848-437f-b1e5-c22c60bc1028', '916f0898-4f7d-40d9-a03e-fe7ac7237cdb', 'staff', 'موظف الدعم', 'مرحبا بك فى القنصلية السودانية بيتك الامن', 'text', NULL, false, '2025-10-09T12:17:18.140835+00:00', NULL, NULL, NULL),
  ('b0967383-d54c-4f05-98f4-dff7a3d7e7f0', '71dfca43-c9f5-4837-9676-b1a1e0c44534', 'bot', 'المساعد الذكي', 'أهلاً بك limia! 🇸🇩

مرحباً بك في القنصلية العامة لجمهورية السودان بجدة.

أنا المساعد الذكي، هنا لمساعدتك في جميع الخدمات القنصلية.', 'text', NULL, false, '2025-11-14T12:48:53.761513+00:00', NULL, NULL, NULL),
  ('5fa2b03c-97b9-4d95-bdd0-4ec841bc8767', '71dfca43-c9f5-4837-9676-b1a1e0c44534', 'bot', 'المساعد الذكي', 'كيف يمكنني مساعدتك اليوم؟

📋 يمكنني مساعدتك في:
• الاستعلام عن معاملة
• معلومات عن الخدمات
• متطلبات الخدمات
• التواصل مع موظف مختص
• التواصل عبر واتساب', 'text', NULL, false, '2025-11-14T12:48:55.585123+00:00', NULL, NULL, NULL),
  ('d71fcb3c-ee49-491a-8002-016eaa856fa6', '71dfca43-c9f5-4837-9676-b1a1e0c44534', 'bot', 'المساعد الذكي', '🎓 **الخدمات التعليمية**

يمكنني مساعدتك في:
• شهادات التعليم الأساسي
• شهادات الثانوية
• توثيق الشهادات
• متطلبات كل خدمة
• الرسوم والمدة

ما الذي تحتاج معرفته؟', 'text', NULL, false, '2025-11-14T12:48:56.569612+00:00', NULL, NULL, NULL),
  ('47107227-30ef-4311-95c1-0913d5765305', '71dfca43-c9f5-4837-9676-b1a1e0c44534', 'user', 'limia', 'أريد التواصل مع موظف مختص', 'text', NULL, false, '2025-11-14T12:49:07.64892+00:00', NULL, NULL, NULL),
  ('5798c5e9-d51d-42b3-b524-a7f029db34ce', '71dfca43-c9f5-4837-9676-b1a1e0c44534', 'bot', 'المساعد الذكي', '👨‍💼 **التواصل مع موظف**

سأقوم بتوصيلك مع أحد موظفينا المختصين.

سيتم الرد عليك في أقرب وقت إذا كان هناك موظف متاح حالياً.

يمكنك الآن إرسال:
📷 صور
🎤 رسائل صوتية
📎 ملفات', 'text', NULL, false, '2025-11-14T12:49:09.814462+00:00', NULL, NULL, NULL),
  ('893df9e3-2cc5-4997-9906-a07a7b2db432', '71dfca43-c9f5-4837-9676-b1a1e0c44534', 'user', 'limia', 'اريد متطلبات الجواز', 'text', NULL, false, '2025-11-14T12:49:33.154497+00:00', NULL, NULL, NULL),
  ('f734aab8-07cd-464b-aa52-ea81a5a517c5', '71dfca43-c9f5-4837-9676-b1a1e0c44534', 'bot', 'المساعد الذكي', '🔍 **الاستعلام عن المعاملات**

للاستعلام عن معاملتك، يمكنك:

1️⃣ استخدام صفحة التتبع في الموقع
2️⃣ تزويدنا برقم المعاملة هنا
3️⃣ التواصل مع موظف مختص

يرجى تزويدنا برقم المعاملة أو اختر أحد الخيارات.', 'text', NULL, false, '2025-11-14T12:49:34.664547+00:00', NULL, NULL, NULL),
  ('138c52ac-4cd0-4439-af06-f8f742896daa', 'c2a50f82-362b-443f-abed-7639a8c92854', 'bot', 'المساعد الذكي', 'أهلاً بك fhjj! 🇸🇩

مرحباً بك في القنصلية العامة لجمهورية السودان بجدة.

أنا المساعد الذكي، هنا لمساعدتك في جميع الخدمات القنصلية.', 'text', NULL, false, '2025-12-12T13:04:50.530303+00:00', NULL, NULL, NULL),
  ('8d3ee43e-4c90-47ee-a783-f809ac6811f9', 'c2a50f82-362b-443f-abed-7639a8c92854', 'bot', 'المساعد الذكي', 'كيف يمكنني مساعدتك اليوم؟

📋 يمكنني مساعدتك في:
• الاستعلام عن معاملة
• معلومات عن الخدمات
• متطلبات الخدمات
• التواصل مع موظف مختص
• التواصل عبر واتساب', 'text', NULL, false, '2025-12-12T13:04:52.234327+00:00', NULL, NULL, NULL),
  ('01d2b7b7-21bd-49dc-b590-c4fe11e58fb6', '35814530-37ef-473a-ab26-2c79efaeb5f6', 'bot', 'المساعد الذكي', 'أهلاً بك hh! 🇸🇩

مرحباً بك في القنصلية العامة لجمهورية السودان بجدة.

أنا المساعد الذكي، هنا لمساعدتك في جميع الخدمات القنصلية.', 'text', NULL, false, '2025-12-12T13:09:10.885241+00:00', NULL, NULL, NULL),
  ('870439ca-f8bc-4d60-af99-cf90d4ece455', '35814530-37ef-473a-ab26-2c79efaeb5f6', 'bot', 'المساعد الذكي', 'كيف يمكنني مساعدتك اليوم؟

📋 يمكنني مساعدتك في:
• الاستعلام عن معاملة
• معلومات عن الخدمات
• متطلبات الخدمات
• التواصل مع موظف مختص
• التواصل عبر واتساب', 'text', NULL, false, '2025-12-12T13:09:12.571674+00:00', NULL, NULL, NULL),
  ('7dce9736-94e9-4fb8-97c3-1b58c9949a1c', '35814530-37ef-473a-ab26-2c79efaeb5f6', 'user', 'hh', 'أريد الاستعلام عن معاملة', 'text', NULL, false, '2025-12-12T13:12:55.417673+00:00', NULL, NULL, NULL),
  ('1602c4fd-c269-4624-a53f-4536ac811f55', '35814530-37ef-473a-ab26-2c79efaeb5f6', 'bot', 'المساعد الذكي', 'عذراً، حدث خطأ. يرجى المحاولة مرة أخرى أو التواصل مع موظف مختص.', 'text', NULL, false, '2025-12-12T13:12:57.035229+00:00', NULL, NULL, NULL),
  ('40da8cdd-fee4-4ebe-9f9e-52049bc42a28', 'fcfd9bb9-998e-4fcd-b2d8-5c1ee36c6356', 'bot', 'المساعد الذكي', 'أهلاً بك ااا! 🇸🇩

مرحباً بك في القنصلية العامة لجمهورية السودان بجدة.

أنا المساعد الذكي، هنا لمساعدتك في جميع الخدمات القنصلية.', 'text', NULL, false, '2025-12-12T13:14:26.117961+00:00', NULL, NULL, NULL),
  ('d2ed16b3-f874-4efa-b139-f4e5f1aa151a', 'fcfd9bb9-998e-4fcd-b2d8-5c1ee36c6356', 'bot', 'المساعد الذكي', 'كيف يمكنني مساعدتك اليوم؟

📋 يمكنني مساعدتك في:
• الاستعلام عن معاملة
• معلومات عن الخدمات
• متطلبات الخدمات
• التواصل مع موظف مختص
• التواصل عبر واتساب', 'text', NULL, false, '2025-12-12T13:14:27.809478+00:00', NULL, NULL, NULL),
  ('f7f8ec3d-833c-4de5-9c34-7bb37a692eb2', '63b17fa5-f4a8-4c82-9471-b05e7bed08ce', 'bot', 'المساعد الذكي', 'أهلاً بك اااا! 🇸🇩

مرحباً بك في القنصلية العامة لجمهورية السودان بجدة.

أنا المساعد الذكي، هنا لمساعدتك في جميع الخدمات القنصلية.', 'text', NULL, false, '2025-12-13T21:18:54.043797+00:00', NULL, NULL, NULL),
  ('19c5b2f2-b3cd-4400-9cb3-491b6d6583f7', '63b17fa5-f4a8-4c82-9471-b05e7bed08ce', 'bot', 'المساعد الذكي', 'كيف يمكنني مساعدتك اليوم؟

📋 يمكنني مساعدتك في:
• الاستعلام عن معاملة
• معلومات عن الخدمات
• متطلبات الخدمات
• التواصل مع موظف مختص
• التواصل عبر واتساب', 'text', NULL, false, '2025-12-13T21:18:55.738225+00:00', NULL, NULL, NULL),
  ('50907ea2-53ed-4f65-be54-ced69d2595ab', '63b17fa5-f4a8-4c82-9471-b05e7bed08ce', 'user', 'اااا', 'أريد معلومات عن الخدمات المتاحة', 'text', NULL, false, '2025-12-13T21:19:00.543843+00:00', NULL, NULL, NULL),
  ('237f4272-8ea1-47a8-9d90-04694f8cd389', '63b17fa5-f4a8-4c82-9471-b05e7bed08ce', 'bot', 'المساعد الذكي', '📋 **معلومات عامة**

نقدم خدمات متنوعة تشمل: إصدار وتجديد الجوازات، التصديقات، الوكالات، الخدمات التعليمية، خدمات الأحوال المدنية، وغيرها. يمكنك تصفح قائمة الخدمات الكاملة على موقعنا.

---

ℹ️ إذا لم تجد الإجابة المناسبة، يمكنك التواصل مع موظف مختص.', 'text', NULL, false, '2025-12-13T21:19:02.819502+00:00', NULL, NULL, NULL),
  ('566150f1-bd84-4db0-bdc1-588f2102e036', '15054edf-bce2-4b3c-b940-aa2383f488f1', 'bot', 'المساعد الذكي', 'أهلاً بك ttt! 🇸🇩

مرحباً بك في القنصلية العامة لجمهورية السودان بجدة.

أنا المساعد الذكي، هنا لمساعدتك في جميع الخدمات القنصلية.', 'text', NULL, false, '2025-12-19T11:12:14.139653+00:00', NULL, NULL, NULL),
  ('12203c22-c3e9-441d-94f7-d13396146083', '15054edf-bce2-4b3c-b940-aa2383f488f1', 'bot', 'المساعد الذكي', 'كيف يمكنني مساعدتك اليوم؟

📋 يمكنني مساعدتك في:
• الاستعلام عن معاملة
• معلومات عن الخدمات
• متطلبات الخدمات
• التواصل مع موظف مختص
• التواصل عبر واتساب', 'text', NULL, false, '2025-12-19T11:12:16.204179+00:00', NULL, NULL, NULL),
  ('fc825f69-7d4e-4c9d-b409-77c2298e8769', '15054edf-bce2-4b3c-b940-aa2383f488f1', 'bot', 'المساعد الذكي', '🛂 **خدمات جوازات السفر**

يمكنني مساعدتك في:
• إصدار جواز سفر جديد
• تجديد جواز السفر
• بدل فاقد/تالف
• الرسوم والمدة المطلوبة
• المستندات المطلوبة

ما الذي تريد معرفته؟', 'text', NULL, false, '2025-12-19T11:12:17.19948+00:00', NULL, NULL, NULL),
  ('daef00db-a02d-4bc4-b5f6-f2b2a0b7e28f', '9f980d9a-b227-414b-bf6d-1ccc36e65f9c', 'bot', 'المساعد الذكي', 'أهلاً بك تتت! 🇸🇩

مرحباً بك في القنصلية العامة لجمهورية السودان بجدة.

أنا المساعد الذكي، هنا لمساعدتك في جميع الخدمات القنصلية.', 'text', NULL, false, '2025-12-19T11:20:12.660517+00:00', NULL, NULL, NULL),
  ('9495b999-6714-4067-ae51-b1a053896d07', '9f980d9a-b227-414b-bf6d-1ccc36e65f9c', 'bot', 'المساعد الذكي', 'كيف يمكنني مساعدتك اليوم؟

📋 يمكنني مساعدتك في:
• الاستعلام عن معاملة
• معلومات عن الخدمات
• متطلبات الخدمات
• التواصل مع موظف مختص
• التواصل عبر واتساب', 'text', NULL, false, '2025-12-19T11:20:14.70458+00:00', NULL, NULL, NULL),
  ('4816711b-1593-411e-beeb-ff628d9703c0', '9f980d9a-b227-414b-bf6d-1ccc36e65f9c', 'bot', 'المساعد الذكي', '🛂 **خدمات جوازات السفر**

يمكنني مساعدتك في:
• إصدار جواز سفر جديد
• تجديد جواز السفر
• بدل فاقد/تالف
• الرسوم والمدة المطلوبة
• المستندات المطلوبة

ما الذي تريد معرفته؟', 'text', NULL, false, '2025-12-19T11:20:15.659413+00:00', NULL, NULL, NULL),
  ('e700a1d8-07de-45f1-bd7a-875f9e4e38c4', '9f980d9a-b227-414b-bf6d-1ccc36e65f9c', 'user', 'تتت', 'أسئلة شائعة واستفسارات', 'text', NULL, false, '2025-12-19T11:20:17.893931+00:00', NULL, NULL, NULL),
  ('9a66f1a6-5f50-4d88-9e9e-a86f8cc35317', '9f980d9a-b227-414b-bf6d-1ccc36e65f9c', 'bot', 'المساعد الذكي', '❓ **الأسئلة الشائعة**

اختر السؤال الذي تريد الإجابة عليه:

1. كيف أستخرج وكالة عامة؟
2. كيف أحجز موعد في القنصلية؟
3. كيف أقدم طلب جواز سفر جديد؟
4. أين يقع مقر القنصلية؟
5. ما هي مواعيد عمل القنصلية؟
6. كيف أسجل أبنائي في الخدمات التعليمية؟
7. ما هي خدمة التصديقات؟
8. كيف أطلب تصديق شهادة تعليمية؟
9. ما هي المستندات المطلوبة لتجديد الجواز؟
10. كيف أتتبع طلبي؟

💡 أرسل رقم السؤال للحصول على الإجابة', 'text', NULL, false, '2025-12-19T11:20:20.286082+00:00', NULL, NULL, NULL),
  ('ca8837ed-2826-4095-a6af-c22e370a4c6e', '9f980d9a-b227-414b-bf6d-1ccc36e65f9c', 'user', 'تتت', '4', 'text', NULL, false, '2025-12-19T11:20:55.871426+00:00', NULL, NULL, NULL),
  ('51a2b742-d676-43bf-acd1-8122cc883547', '9f980d9a-b227-414b-bf6d-1ccc36e65f9c', 'bot', 'المساعد الذكي', '❓ **أين يقع مقر القنصلية؟**

القنصلية العامة لجمهورية السودان في المملكة العربية السعودية. يمكنك العثور على العنوان الكامل ورقم الهاتف في صفحة اتصل بنا.', 'text', NULL, false, '2025-12-19T11:21:00.915546+00:00', NULL, NULL, NULL),
  ('950c0151-c1d3-4673-81aa-5d12cf722cb0', 'acaa6ac8-de8d-488a-b501-a9eef20615de', 'bot', 'المساعد الذكي', 'أهلاً بك غغغ! 🇸🇩

مرحباً بك في القنصلية العامة لجمهورية السودان بجدة.

أنا المساعد الذكي، هنا لمساعدتك في جميع الخدمات القنصلية.', 'text', NULL, false, '2025-12-19T11:24:44.827047+00:00', NULL, NULL, NULL),
  ('ac4c7eee-1979-47b0-8ca4-9cea584bd025', 'acaa6ac8-de8d-488a-b501-a9eef20615de', 'bot', 'المساعد الذكي', 'كيف يمكنني مساعدتك اليوم؟

📋 يمكنني مساعدتك في:
• الاستعلام عن معاملة
• معلومات عن الخدمات
• متطلبات الخدمات
• التواصل مع موظف مختص
• التواصل عبر واتساب', 'text', NULL, false, '2025-12-19T11:24:46.52215+00:00', NULL, NULL, NULL),
  ('122f1928-d2f3-401a-951a-67846cf6c22f', 'acaa6ac8-de8d-488a-b501-a9eef20615de', 'bot', 'المساعد الذكي', '🛂 **خدمات جوازات السفر**

يمكنني مساعدتك في:
• إصدار جواز سفر جديد
• تجديد جواز السفر
• بدل فاقد/تالف
• الرسوم والمدة المطلوبة
• المستندات المطلوبة

ما الذي تريد معرفته؟', 'text', NULL, false, '2025-12-19T11:24:47.517433+00:00', NULL, NULL, NULL),
  ('ba0bf0d8-7592-4a2a-b2a5-d04a77d5b343', 'acaa6ac8-de8d-488a-b501-a9eef20615de', 'user', 'غغغ', 'أسئلة شائعة واستفسارات', 'text', NULL, false, '2025-12-19T11:24:51.413926+00:00', NULL, NULL, NULL),
  ('9581b7ee-a353-4490-a45e-50a3b6b98f68', 'acaa6ac8-de8d-488a-b501-a9eef20615de', 'bot', 'المساعد الذكي', '❓ **الأسئلة الشائعة**

اختر السؤال الذي تريد الإجابة عليه:

1. أين يقع مقر القنصلية؟
2. كيف أحجز موعد في القنصلية؟
3. كيف أستخرج وكالة عامة؟
4. كيف أسجل أبنائي في الخدمات التعليمية؟
5. كيف أقدم طلب جواز سفر جديد؟
6. ما هي خدمة التصديقات؟
7. كيف أطلب تصديق شهادة تعليمية؟
8. ما هي المستندات المطلوبة لتجديد الجواز؟
9. ما هي مواعيد عمل القنصلية؟
10. كيف أتتبع طلبي؟

💡 أرسل رقم السؤال للحصول على الإجابة', 'text', NULL, false, '2025-12-19T11:24:53.016215+00:00', NULL, NULL, NULL),
  ('f7427db1-52e1-4ff0-ac10-62ff353d0c70', 'acaa6ac8-de8d-488a-b501-a9eef20615de', 'user', 'غغغ', '6', 'text', NULL, false, '2025-12-19T11:24:55.621114+00:00', NULL, NULL, NULL),
  ('5377e96b-923d-47f2-9404-b603a5a0f9d0', 'acaa6ac8-de8d-488a-b501-a9eef20615de', 'bot', 'المساعد الذكي', '❓ **ما هي خدمة التصديقات؟**

خدمة التصديقات هي عملية التحقق من صحة الوثائق والمستندات الرسمية وإضفاء الصفة الرسمية عليها. نقدم تصديقات على الشهادات التعليمية، العقود، الوثائق الشخصية، والمستندات التجارية.

━━━━━━━━━━━━

📌 **ماذا تريد أن تفعل الآن؟**
• اكتب "سؤال آخر" لاختيار سؤال آخر
• اكتب "القائمة الرئيسية" للرجوع للقائمة', 'text', NULL, false, '2025-12-19T11:24:57.245284+00:00', NULL, NULL, NULL),
  ('77ccdaef-de15-4e68-beb9-70cdbfc26532', 'acaa6ac8-de8d-488a-b501-a9eef20615de', 'user', 'غغغ', 'القائمة الرئيسية', 'text', NULL, false, '2025-12-19T11:25:53.224805+00:00', NULL, NULL, NULL),
  ('2943e9c0-f5b9-4de7-b040-4bd1cab329c4', 'acaa6ac8-de8d-488a-b501-a9eef20615de', 'bot', 'المساعد الذكي', '🏠 **القائمة الرئيسية**

كيف يمكنني مساعدتك؟

اختر من الخيارات أدناه أو اكتب سؤالك مباشرة.', 'text', NULL, false, '2025-12-19T11:25:54.607943+00:00', NULL, NULL, NULL),
  ('c05d563a-d509-4618-8bc1-105ecad02750', 'acaa6ac8-de8d-488a-b501-a9eef20615de', 'user', 'غغغ', 'أريد الاستعلام عن معاملة', 'text', NULL, false, '2025-12-19T11:25:57.2538+00:00', NULL, NULL, NULL)
ON CONFLICT DO NOTHING;

INSERT INTO public.chat_messages (id, conversation_id, sender_type, sender_name, message, message_type, metadata, read, created_at, attachment_url, attachment_type, attachment_name)
VALUES
  ('293622a7-eb20-4a1a-ac85-9da33aa71976', 'acaa6ac8-de8d-488a-b501-a9eef20615de', 'bot', 'المساعد الذكي', '🔍 **الاستعلام عن معاملة**

الرجاء إدخال رقم المعاملة الخاص بك:

مثال: TRX-2024-001234', 'text', NULL, false, '2025-12-19T11:25:58.846808+00:00', NULL, NULL, NULL),
  ('4fc9230f-739f-45d2-8b08-d9ff6fe90b6d', 'acaa6ac8-de8d-488a-b501-a9eef20615de', 'user', 'غغغ', 'REF-20251218-0004', 'text', NULL, false, '2025-12-19T11:26:17.690186+00:00', NULL, NULL, NULL),
  ('dbc747a9-219c-4057-9d6a-ddfd124b5b8b', 'acaa6ac8-de8d-488a-b501-a9eef20615de', 'bot', 'المساعد الذكي', '✅ **تم العثور على المعاملة**

رقم المعاملة: REF-20251218-0004
الحالة: submitted
تاريخ التقديم: ١٨‏/١٢‏/٢٠٢٥

🔗 [اضغط هنا لتتبع المعاملة](https://zp1v56uxy8rdx5ypatb0ockcb9tr6a-oci3--5173--365214aa.local-credentialless.webcontainer-api.io/transaction-tracking)

━━━━━━━━━━━━

📌 **ماذا تريد أن تفعل الآن؟**
• اكتب "استعلام آخر" للبحث عن معاملة أخرى
• اكتب "القائمة الرئيسية" للرجوع للقائمة', 'text', NULL, false, '2025-12-19T11:26:19.479858+00:00', NULL, NULL, NULL),
  ('d61b77ad-9a4c-4af5-a81d-fd9ea2f2a011', '7d97f209-700f-47e2-a616-8d3bea2d8350', 'bot', 'المساعد الذكي', 'أهلاً بك ففف! 🇸🇩

مرحباً بك في القنصلية العامة لجمهورية السودان بجدة.

أنا المساعد الذكي، هنا لمساعدتك في جميع الخدمات القنصلية.', 'text', NULL, false, '2025-12-19T11:30:56.791717+00:00', NULL, NULL, NULL),
  ('4e067f23-375c-47e3-8060-e2e3bd2459f3', '7d97f209-700f-47e2-a616-8d3bea2d8350', 'bot', 'المساعد الذكي', 'كيف يمكنني مساعدتك اليوم؟

📋 يمكنني مساعدتك في:
• الاستعلام عن معاملة
• معلومات عن الخدمات
• متطلبات الخدمات
• التواصل مع موظف مختص
• التواصل عبر واتساب', 'text', NULL, false, '2025-12-19T11:30:58.474464+00:00', NULL, NULL, NULL),
  ('8a0a4bbb-2081-4f5d-98b8-97552b7653c5', '7d97f209-700f-47e2-a616-8d3bea2d8350', 'user', 'ففف', 'أريد الاستعلام عن معاملة', 'text', NULL, false, '2025-12-19T11:31:00.260901+00:00', NULL, NULL, NULL),
  ('08a32151-ed09-4349-ac99-dc30b1234788', '7d97f209-700f-47e2-a616-8d3bea2d8350', 'bot', 'المساعد الذكي', '🔍 **الاستعلام عن معاملة**

الرجاء إدخال رقم المعاملة الخاص بك:

مثال: TRX-2024-001234', 'text', NULL, false, '2025-12-19T11:31:01.691835+00:00', NULL, NULL, NULL),
  ('6780d43b-cef9-4bee-817f-98c8d52a4980', '7d97f209-700f-47e2-a616-8d3bea2d8350', 'user', 'ففف', 'REF-20251218-0002', 'text', NULL, false, '2025-12-19T11:31:04.57177+00:00', NULL, NULL, NULL),
  ('74890b27-a27f-4197-b44c-97dfa99cdc87', '7d97f209-700f-47e2-a616-8d3bea2d8350', 'bot', 'المساعد الذكي', '✅ **تم العثور على المعاملة**

رقم المعاملة: REF-20251218-0002
الحالة: submitted
تاريخ التقديم: ١٨‏/١٢‏/٢٠٢٥

🔗 [اضغط هنا لتتبع المعاملة](https://zp1v56uxy8rdx5ypatb0ockcb9tr6a-oci3--5173--365214aa.local-credentialless.webcontainer-api.io/track/REF-20251218-0002)

━━━━━━━━━━━━

📌 **ماذا تريد أن تفعل الآن؟**
• اكتب "استعلام آخر" للبحث عن معاملة أخرى
• اكتب "القائمة الرئيسية" للرجوع للقائمة', 'text', NULL, false, '2025-12-19T11:31:06.186214+00:00', NULL, NULL, NULL),
  ('9d09043b-8348-4836-88ff-804fbd456d0a', 'a98ef6d8-0558-4a85-b0cf-b905f0254c12', 'bot', 'المساعد الذكي', 'أهلاً بك ss! 🇸🇩

مرحباً بك في القنصلية العامة لجمهورية السودان بجدة.

أنا المساعد الذكي، هنا لمساعدتك في جميع الخدمات القنصلية.', 'text', NULL, false, '2025-12-19T11:34:56.547321+00:00', NULL, NULL, NULL),
  ('bb6b787a-e591-4454-bc2b-a0e4909129fc', 'a98ef6d8-0558-4a85-b0cf-b905f0254c12', 'bot', 'المساعد الذكي', 'كيف يمكنني مساعدتك اليوم؟

📋 يمكنني مساعدتك في:
• الاستعلام عن معاملة
• معلومات عن الخدمات
• متطلبات الخدمات
• التواصل مع موظف مختص
• التواصل عبر واتساب', 'text', NULL, false, '2025-12-19T11:34:58.25399+00:00', NULL, NULL, NULL),
  ('e5ab6c8c-8c76-4240-9c49-18fe7feaaeb0', 'a98ef6d8-0558-4a85-b0cf-b905f0254c12', 'user', 'ss', 'أريد معلومات عن الخدمات المتاحة', 'text', NULL, false, '2025-12-19T11:39:59.131689+00:00', NULL, NULL, NULL),
  ('d8454c75-0ab4-4e82-8634-cf8e06dafdc2', 'a98ef6d8-0558-4a85-b0cf-b905f0254c12', 'bot', 'المساعد الذكي', 'عذراً، حدث خطأ. يرجى المحاولة مرة أخرى أو التواصل مع موظف مختص.', 'text', NULL, false, '2025-12-19T11:40:00.664749+00:00', NULL, NULL, NULL),
  ('f0c40f72-0c0f-433c-bf95-92063b895caa', '55030fa0-fe79-4250-a8c2-378ef6af84bd', 'bot', 'المساعد الذكي', 'أهلاً بك سس! 🇸🇩

مرحباً بك في القنصلية العامة لجمهورية السودان بجدة.

أنا المساعد الذكي، هنا لمساعدتك في جميع الخدمات القنصلية.', 'text', NULL, false, '2025-12-19T11:40:31.846473+00:00', NULL, NULL, NULL),
  ('2eb282c1-e1ae-492c-bacf-dd971716d9dc', '55030fa0-fe79-4250-a8c2-378ef6af84bd', 'bot', 'المساعد الذكي', 'كيف يمكنني مساعدتك اليوم؟

📋 يمكنني مساعدتك في:
• الاستعلام عن معاملة
• معلومات عن الخدمات
• متطلبات الخدمات
• التواصل مع موظف مختص
• التواصل عبر واتساب', 'text', NULL, false, '2025-12-19T11:40:33.529017+00:00', NULL, NULL, NULL),
  ('315a0e16-2dad-499e-9250-edbdabd07163', '55030fa0-fe79-4250-a8c2-378ef6af84bd', 'user', 'سس', 'أريد معلومات عن الخدمات المتاحة', 'text', NULL, false, '2025-12-19T11:40:34.884577+00:00', NULL, NULL, NULL),
  ('4c214688-2eec-4dc4-b2dc-e09759d971f9', '55030fa0-fe79-4250-a8c2-378ef6af84bd', 'bot', 'المساعد الذكي', 'عذراً، لا توجد خدمات متاحة حالياً.', 'text', NULL, false, '2025-12-19T11:40:36.588218+00:00', NULL, NULL, NULL),
  ('0314cb33-7b4a-4284-8c45-398bd8c68fd9', '959efc77-d0a2-4973-b4c1-6fb93b13353b', 'bot', 'المساعد الذكي', 'أهلاً بك يي! 🇸🇩

مرحباً بك في القنصلية العامة لجمهورية السودان بجدة.

أنا المساعد الذكي، هنا لمساعدتك في جميع الخدمات القنصلية.', 'text', NULL, false, '2025-12-19T11:43:34.387613+00:00', NULL, NULL, NULL),
  ('1a1ad39d-6c8d-4908-b160-4be8339a91e5', '959efc77-d0a2-4973-b4c1-6fb93b13353b', 'bot', 'المساعد الذكي', 'كيف يمكنني مساعدتك اليوم؟

📋 يمكنني مساعدتك في:
• الاستعلام عن معاملة
• معلومات عن الخدمات
• متطلبات الخدمات
• التواصل مع موظف مختص
• التواصل عبر واتساب', 'text', NULL, false, '2025-12-19T11:43:36.09806+00:00', NULL, NULL, NULL),
  ('6c1a1467-831b-4d8f-ab6f-0281eae1ba00', '959efc77-d0a2-4973-b4c1-6fb93b13353b', 'user', 'يي', 'أريد معلومات عن الخدمات المتاحة', 'text', NULL, false, '2025-12-19T11:43:37.875219+00:00', NULL, NULL, NULL),
  ('7b3eacdc-1771-4d20-8496-c562fc3c318d', '959efc77-d0a2-4973-b4c1-6fb93b13353b', 'bot', 'المساعد الذكي', 'عذراً، لا توجد خدمات متاحة حالياً.', 'text', NULL, false, '2025-12-19T11:43:39.484108+00:00', NULL, NULL, NULL),
  ('57bd2f1f-90d3-4d29-b2a1-1d2667c14e2d', '3b0937b1-e899-41ff-86f5-cc799a6eeea7', 'bot', 'المساعد الذكي', 'أهلاً بك hhh! 🇸🇩

مرحباً بك في القنصلية العامة لجمهورية السودان بجدة.

أنا المساعد الذكي، هنا لمساعدتك في جميع الخدمات القنصلية.', 'text', NULL, false, '2025-12-19T11:44:12.199659+00:00', NULL, NULL, NULL),
  ('f6663158-b37f-4e34-a817-238b765ea2ba', '3b0937b1-e899-41ff-86f5-cc799a6eeea7', 'bot', 'المساعد الذكي', 'كيف يمكنني مساعدتك اليوم؟

📋 يمكنني مساعدتك في:
• الاستعلام عن معاملة
• معلومات عن الخدمات
• متطلبات الخدمات
• التواصل مع موظف مختص
• التواصل عبر واتساب', 'text', NULL, false, '2025-12-19T11:44:13.892001+00:00', NULL, NULL, NULL),
  ('0f8043a5-4eb3-4e5d-bd0f-d26f6a403db1', '3b0937b1-e899-41ff-86f5-cc799a6eeea7', 'user', 'hhh', 'ما هي المتطلبات والمستندات المطلوبة', 'text', NULL, false, '2025-12-19T11:44:16.889122+00:00', NULL, NULL, NULL),
  ('c14e07b8-02fb-46a7-acc1-eed6d7e0d24d', '3b0937b1-e899-41ff-86f5-cc799a6eeea7', 'bot', 'المساعد الذكي', 'عذراً، لا توجد خدمات متاحة حالياً.', 'text', NULL, false, '2025-12-19T11:44:18.636552+00:00', NULL, NULL, NULL),
  ('29f512d9-82e7-4200-8790-9699d15b9209', 'f74bbd90-6bc1-4809-8a6b-363ecf903d8a', 'bot', 'المساعد الذكي', 'أهلاً بك اااا! 🇸🇩

مرحباً بك في القنصلية العامة لجمهورية السودان بجدة.

أنا المساعد الذكي، هنا لمساعدتك في جميع الخدمات القنصلية.', 'text', NULL, false, '2025-12-21T09:19:38.65751+00:00', NULL, NULL, NULL),
  ('a21c8d77-03ee-45aa-8061-f80790bf0f47', 'f74bbd90-6bc1-4809-8a6b-363ecf903d8a', 'bot', 'المساعد الذكي', 'كيف يمكنني مساعدتك اليوم؟

📋 يمكنني مساعدتك في:
• الاستعلام عن معاملة
• معلومات عن الخدمات
• متطلبات الخدمات
• التواصل مع موظف مختص
• التواصل عبر واتساب', 'text', NULL, false, '2025-12-21T09:19:40.360003+00:00', NULL, NULL, NULL)
ON CONFLICT DO NOTHING;

-- Data for table: chat_staff
-- Rows: 1

INSERT INTO public.chat_staff (id, name, email, service_categories, is_online, last_seen, created_at)
VALUES
  ('33445e9d-903b-4da0-bc82-ca9650209ce5', 'أحمد محمد', 'ahmad@consulate.sd', '["education","poa","passports","documents"]'::jsonb, true, '2025-10-05T20:01:52.951083+00:00', '2025-10-05T20:01:52.951083+00:00')
ON CONFLICT DO NOTHING;

-- No data in export_report_templates


COMMIT;

-- Re-enable triggers
SET session_replication_role = 'default';

-- Update sequences
DO $$
DECLARE
  seq_record RECORD;
  max_id BIGINT;
BEGIN
  FOR seq_record IN
    SELECT schemaname, sequencename, tablename
    FROM pg_sequences
    WHERE schemaname = 'public'
  LOOP
    EXECUTE format('SELECT COALESCE(MAX(id), 1) FROM %I.%I',
                   seq_record.schemaname, seq_record.tablename)
    INTO max_id;

    EXECUTE format('SELECT setval(%L, %s)',
                   seq_record.schemaname || '.' || seq_record.sequencename,
                   max_id);
  END LOOP;
END $$;

-- Verification query
SELECT
  schemaname,
  tablename,
  pg_size_pretty(pg_total_relation_size(schemaname||'.'||tablename)) AS size
FROM pg_tables
WHERE schemaname = 'public'
ORDER BY pg_total_relation_size(schemaname||'.'||tablename) DESC
LIMIT 20;

-- ============================================================================
-- BACKUP COMPLETE
-- ============================================================================
